endpoint_tag,family,dataset_id,model,aggregation,d
rq1a_cc_m100_minus_m50_singleton_rate,A_confirmatory,openml_3_kr_vs_kp,logistic_regression,pooled_30_contrasts,-0.00140625000000002
rq1a_cc_m100_minus_m50_singleton_rate,A_confirmatory,openml_3_kr_vs_kp,xgboost,pooled_30_contrasts,0.0050000000000000044
rq1a_cc_m100_minus_m50_singleton_rate,A_confirmatory,openml_3_kr_vs_kp,tabpfn,pooled_30_contrasts,0.009375
rq1a_cc_m100_minus_m50_singleton_rate,A_confirmatory,openml_3_kr_vs_kp,(pooled_3_pipelines),pooled_30_contrasts,0.0043229166666666615
rq1a_cc_m100_minus_m50_singleton_rate,A_confirmatory,openml_24_mushroom,logistic_regression,pooled_30_contrasts,-0.0011692307692307558
rq1a_cc_m100_minus_m50_singleton_rate,A_confirmatory,openml_24_mushroom,xgboost,pooled_30_contrasts,-0.005046153846153867
rq1a_cc_m100_minus_m50_singleton_rate,A_confirmatory,openml_24_mushroom,tabpfn,pooled_30_contrasts,0.0
rq1a_cc_m100_minus_m50_singleton_rate,A_confirmatory,openml_24_mushroom,(pooled_3_pipelines),pooled_30_contrasts,-0.002071794871794874
rq1a_cc_m100_minus_m50_singleton_rate,A_confirmatory,openml_1486_nomao,logistic_regression,pooled_30_contrasts,-0.0016538517336428305
rq1a_cc_m100_minus_m50_singleton_rate,A_confirmatory,openml_1486_nomao,xgboost,pooled_30_contrasts,8.704482808649105e-05
rq1a_cc_m100_minus_m50_singleton_rate,A_confirmatory,openml_1486_nomao,tabpfn,pooled_30_contrasts,-0.0015813143769041083
rq1a_cc_m100_minus_m50_singleton_rate,A_confirmatory,openml_1486_nomao,(pooled_3_pipelines),pooled_30_contrasts,-0.0010493737608201492
rq1a_cc_m100_minus_m50_singleton_rate,A_confirmatory,openml_1489_phoneme,logistic_regression,pooled_30_contrasts,0.011840888066604988
rq1a_cc_m100_minus_m50_singleton_rate,A_confirmatory,openml_1489_phoneme,xgboost,pooled_30_contrasts,0.008695652173913049
rq1a_cc_m100_minus_m50_singleton_rate,A_confirmatory,openml_1489_phoneme,tabpfn,pooled_30_contrasts,0.005735430157261823
rq1a_cc_m100_minus_m50_singleton_rate,A_confirmatory,openml_1489_phoneme,(pooled_3_pipelines),pooled_30_contrasts,0.00875732346592662
rq1a_cc_m100_minus_m50_singleton_rate,A_confirmatory,openml_1590_adult,logistic_regression,pooled_30_contrasts,0.00555839901729962
rq1a_cc_m100_minus_m50_singleton_rate,A_confirmatory,openml_1590_adult,xgboost,pooled_30_contrasts,-0.002784317739789133
rq1a_cc_m100_minus_m50_singleton_rate,A_confirmatory,openml_1590_adult,tabpfn,pooled_30_contrasts,-0.008301770907974192
rq1a_cc_m100_minus_m50_singleton_rate,A_confirmatory,openml_1590_adult,(pooled_3_pipelines),pooled_30_contrasts,-0.0018425632101545686
rq1a_cc_m100_minus_m50_singleton_rate,A_confirmatory,openml_4534_phishingwebsite,logistic_regression,pooled_30_contrasts,0.0013568521031207647
rq1a_cc_m100_minus_m50_singleton_rate,A_confirmatory,openml_4534_phishingwebsite,xgboost,pooled_30_contrasts,-0.0014925373134328291
rq1a_cc_m100_minus_m50_singleton_rate,A_confirmatory,openml_4534_phishingwebsite,tabpfn,pooled_30_contrasts,-0.0017639077340569798
rq1a_cc_m100_minus_m50_singleton_rate,A_confirmatory,openml_4534_phishingwebsite,(pooled_3_pipelines),pooled_30_contrasts,-0.0006331976481230146
rq1a_cc_m100_minus_m50_singleton_rate,A_confirmatory,openml_23512_higgs,logistic_regression,pooled_30_contrasts,-0.015772565017848024
rq1a_cc_m100_minus_m50_singleton_rate,A_confirmatory,openml_23512_higgs,xgboost,pooled_30_contrasts,-0.0024171341152473434
rq1a_cc_m100_minus_m50_singleton_rate,A_confirmatory,openml_23512_higgs,tabpfn,pooled_30_contrasts,0.009877613462519124
rq1a_cc_m100_minus_m50_singleton_rate,A_confirmatory,openml_23512_higgs,(pooled_3_pipelines),pooled_30_contrasts,-0.002770695223525414
rq1a_cc_m100_minus_m50_singleton_rate,A_confirmatory,openml_23517_numerai28_6,logistic_regression,pooled_30_contrasts,0.0021698504983388737
rq1a_cc_m100_minus_m50_singleton_rate,A_confirmatory,openml_23517_numerai28_6,xgboost,pooled_30_contrasts,0.007194767441860464
rq1a_cc_m100_minus_m50_singleton_rate,A_confirmatory,openml_23517_numerai28_6,tabpfn,pooled_30_contrasts,0.007838455149501664
rq1a_cc_m100_minus_m50_singleton_rate,A_confirmatory,openml_23517_numerai28_6,(pooled_3_pipelines),pooled_30_contrasts,0.005734357696567
rq1a_cc_m100_minus_m50_average_set_size,A_confirmatory,openml_3_kr_vs_kp,logistic_regression,pooled_30_contrasts,-0.00140625000000002
rq1a_cc_m100_minus_m50_average_set_size,A_confirmatory,openml_3_kr_vs_kp,xgboost,pooled_30_contrasts,0.0050000000000000044
rq1a_cc_m100_minus_m50_average_set_size,A_confirmatory,openml_3_kr_vs_kp,tabpfn,pooled_30_contrasts,0.009375
rq1a_cc_m100_minus_m50_average_set_size,A_confirmatory,openml_3_kr_vs_kp,(pooled_3_pipelines),pooled_30_contrasts,0.0043229166666666615
rq1a_cc_m100_minus_m50_average_set_size,A_confirmatory,openml_24_mushroom,logistic_regression,pooled_30_contrasts,-0.0011692307692307558
rq1a_cc_m100_minus_m50_average_set_size,A_confirmatory,openml_24_mushroom,xgboost,pooled_30_contrasts,-0.005046153846153867
rq1a_cc_m100_minus_m50_average_set_size,A_confirmatory,openml_24_mushroom,tabpfn,pooled_30_contrasts,0.0
rq1a_cc_m100_minus_m50_average_set_size,A_confirmatory,openml_24_mushroom,(pooled_3_pipelines),pooled_30_contrasts,-0.002071794871794874
rq1a_cc_m100_minus_m50_average_set_size,A_confirmatory,openml_1486_nomao,logistic_regression,pooled_30_contrasts,-0.0016538517336428305
rq1a_cc_m100_minus_m50_average_set_size,A_confirmatory,openml_1486_nomao,xgboost,pooled_30_contrasts,8.704482808649105e-05
rq1a_cc_m100_minus_m50_average_set_size,A_confirmatory,openml_1486_nomao,tabpfn,pooled_30_contrasts,-0.0015813143769041083
rq1a_cc_m100_minus_m50_average_set_size,A_confirmatory,openml_1486_nomao,(pooled_3_pipelines),pooled_30_contrasts,-0.0010493737608201492
rq1a_cc_m100_minus_m50_average_set_size,A_confirmatory,openml_1489_phoneme,logistic_regression,pooled_30_contrasts,-0.011840888066604993
rq1a_cc_m100_minus_m50_average_set_size,A_confirmatory,openml_1489_phoneme,xgboost,pooled_30_contrasts,-0.0044403330249768395
rq1a_cc_m100_minus_m50_average_set_size,A_confirmatory,openml_1489_phoneme,tabpfn,pooled_30_contrasts,-0.007585568917668794
rq1a_cc_m100_minus_m50_average_set_size,A_confirmatory,openml_1489_phoneme,(pooled_3_pipelines),pooled_30_contrasts,-0.007955596669750209
rq1a_cc_m100_minus_m50_average_set_size,A_confirmatory,openml_1590_adult,logistic_regression,pooled_30_contrasts,-0.00555839901729962
rq1a_cc_m100_minus_m50_average_set_size,A_confirmatory,openml_1590_adult,xgboost,pooled_30_contrasts,0.002784317739789088
rq1a_cc_m100_minus_m50_average_set_size,A_confirmatory,openml_1590_adult,tabpfn,pooled_30_contrasts,0.008301770907974192
rq1a_cc_m100_minus_m50_average_set_size,A_confirmatory,openml_1590_adult,(pooled_3_pipelines),pooled_30_contrasts,0.0018425632101545539
rq1a_cc_m100_minus_m50_average_set_size,A_confirmatory,openml_4534_phishingwebsite,logistic_regression,pooled_30_contrasts,0.0013568521031207647
rq1a_cc_m100_minus_m50_average_set_size,A_confirmatory,openml_4534_phishingwebsite,xgboost,pooled_30_contrasts,-0.0014925373134328291
rq1a_cc_m100_minus_m50_average_set_size,A_confirmatory,openml_4534_phishingwebsite,tabpfn,pooled_30_contrasts,-0.0017639077340569798
rq1a_cc_m100_minus_m50_average_set_size,A_confirmatory,openml_4534_phishingwebsite,(pooled_3_pipelines),pooled_30_contrasts,-0.0006331976481230146
rq1a_cc_m100_minus_m50_average_set_size,A_confirmatory,openml_23512_higgs,logistic_regression,pooled_30_contrasts,0.01577256501784805
rq1a_cc_m100_minus_m50_average_set_size,A_confirmatory,openml_23512_higgs,xgboost,pooled_30_contrasts,0.0024171341152473104
rq1a_cc_m100_minus_m50_average_set_size,A_confirmatory,openml_23512_higgs,tabpfn,pooled_30_contrasts,-0.009877613462519141
rq1a_cc_m100_minus_m50_average_set_size,A_confirmatory,openml_23512_higgs,(pooled_3_pipelines),pooled_30_contrasts,0.002770695223525406
rq1a_cc_m100_minus_m50_average_set_size,A_confirmatory,openml_23517_numerai28_6,logistic_regression,pooled_30_contrasts,-0.00216985049833891
rq1a_cc_m100_minus_m50_average_set_size,A_confirmatory,openml_23517_numerai28_6,xgboost,pooled_30_contrasts,-0.007194767441860405
rq1a_cc_m100_minus_m50_average_set_size,A_confirmatory,openml_23517_numerai28_6,tabpfn,pooled_30_contrasts,-0.007838455149501655
rq1a_cc_m100_minus_m50_average_set_size,A_confirmatory,openml_23517_numerai28_6,(pooled_3_pipelines),pooled_30_contrasts,-0.0057343576965669905
rq1a_cc_m100_minus_m50_coverage_minority,A_secondary_descriptive,openml_3_kr_vs_kp,logistic_regression,pooled_30_contrasts,0.0016339869281045915
rq1a_cc_m100_minus_m50_coverage_minority,A_secondary_descriptive,openml_3_kr_vs_kp,xgboost,pooled_30_contrasts,0.01078431372549019
rq1a_cc_m100_minus_m50_coverage_minority,A_secondary_descriptive,openml_3_kr_vs_kp,tabpfn,pooled_30_contrasts,0.019934640522875822
rq1a_cc_m100_minus_m50_coverage_minority,A_secondary_descriptive,openml_3_kr_vs_kp,(pooled_3_pipelines),pooled_30_contrasts,0.010784313725490203
rq1a_cc_m100_minus_m50_coverage_minority,A_secondary_descriptive,openml_24_mushroom,logistic_regression,pooled_30_contrasts,-0.0024265644955300146
rq1a_cc_m100_minus_m50_coverage_minority,A_secondary_descriptive,openml_24_mushroom,xgboost,pooled_30_contrasts,-0.010472541507024268
rq1a_cc_m100_minus_m50_coverage_minority,A_secondary_descriptive,openml_24_mushroom,tabpfn,pooled_30_contrasts,0.0
rq1a_cc_m100_minus_m50_coverage_minority,A_secondary_descriptive,openml_24_mushroom,(pooled_3_pipelines),pooled_30_contrasts,-0.004299702000851428
rq1a_cc_m100_minus_m50_coverage_minority,A_secondary_descriptive,openml_1486_nomao,logistic_regression,pooled_30_contrasts,-0.0038598273235144753
rq1a_cc_m100_minus_m50_coverage_minority,A_secondary_descriptive,openml_1486_nomao,xgboost,pooled_30_contrasts,0.0017267648552564574
rq1a_cc_m100_minus_m50_coverage_minority,A_secondary_descriptive,openml_1486_nomao,tabpfn,pooled_30_contrasts,-0.003453529710512937
rq1a_cc_m100_minus_m50_coverage_minority,A_secondary_descriptive,openml_1486_nomao,(pooled_3_pipelines),pooled_30_contrasts,-0.0018621973929236516
rq1a_cc_m100_minus_m50_coverage_minority,A_secondary_descriptive,openml_1489_phoneme,logistic_regression,pooled_30_contrasts,-0.00883280757097793
rq1a_cc_m100_minus_m50_coverage_minority,A_secondary_descriptive,openml_1489_phoneme,xgboost,pooled_30_contrasts,0.0015772870662460804
rq1a_cc_m100_minus_m50_coverage_minority,A_secondary_descriptive,openml_1489_phoneme,tabpfn,pooled_30_contrasts,-0.004100946372239756
rq1a_cc_m100_minus_m50_coverage_minority,A_secondary_descriptive,openml_1489_phoneme,(pooled_3_pipelines),pooled_30_contrasts,-0.003785488958990535
rq1a_cc_m100_minus_m50_coverage_minority,A_secondary_descriptive,openml_1590_adult,logistic_regression,pooled_30_contrasts,0.0022668947818648586
rq1a_cc_m100_minus_m50_coverage_minority,A_secondary_descriptive,openml_1590_adult,xgboost,pooled_30_contrasts,0.0068862275449101725
rq1a_cc_m100_minus_m50_coverage_minority,A_secondary_descriptive,openml_1590_adult,tabpfn,pooled_30_contrasts,0.012189905902480735
rq1a_cc_m100_minus_m50_coverage_minority,A_secondary_descriptive,openml_1590_adult,(pooled_3_pipelines),pooled_30_contrasts,0.007114342743085256
rq1a_cc_m100_minus_m50_coverage_minority,A_secondary_descriptive,openml_4534_phishingwebsite,logistic_regression,pooled_30_contrasts,0.004897959183673461
rq1a_cc_m100_minus_m50_coverage_minority,A_secondary_descriptive,openml_4534_phishingwebsite,xgboost,pooled_30_contrasts,-0.00040816326530614957
rq1a_cc_m100_minus_m50_coverage_minority,A_secondary_descriptive,openml_4534_phishingwebsite,tabpfn,pooled_30_contrasts,-0.0026530612244897943
rq1a_cc_m100_minus_m50_coverage_minority,A_secondary_descriptive,openml_4534_phishingwebsite,(pooled_3_pipelines),pooled_30_contrasts,0.0006122448979591725
rq1a_cc_m100_minus_m50_coverage_minority,A_secondary_descriptive,openml_23512_higgs,logistic_regression,pooled_30_contrasts,0.011541373715521908
rq1a_cc_m100_minus_m50_coverage_minority,A_secondary_descriptive,openml_23512_higgs,xgboost,pooled_30_contrasts,0.0037858301784748473
rq1a_cc_m100_minus_m50_coverage_minority,A_secondary_descriptive,openml_23512_higgs,tabpfn,pooled_30_contrasts,-0.002585181179015683
rq1a_cc_m100_minus_m50_coverage_minority,A_secondary_descriptive,openml_23512_higgs,(pooled_3_pipelines),pooled_30_contrasts,0.004247340904993691
rq1a_cc_m100_minus_m50_coverage_minority,A_secondary_descriptive,openml_23517_numerai28_6,logistic_regression,pooled_30_contrasts,-0.0019198489299202647
rq1a_cc_m100_minus_m50_coverage_minority,A_secondary_descriptive,openml_23517_numerai28_6,xgboost,pooled_30_contrasts,-0.006766680654637036
rq1a_cc_m100_minus_m50_coverage_minority,A_secondary_descriptive,openml_23517_numerai28_6,tabpfn,pooled_30_contrasts,-0.006997482165337787
rq1a_cc_m100_minus_m50_coverage_minority,A_secondary_descriptive,openml_23517_numerai28_6,(pooled_3_pipelines),pooled_30_contrasts,-0.005228003916631696
rq1a_cc_m100_minus_m50_coverage_majority,A_secondary_descriptive,openml_3_kr_vs_kp,logistic_regression,pooled_30_contrasts,0.0
rq1a_cc_m100_minus_m50_coverage_majority,A_secondary_descriptive,openml_3_kr_vs_kp,xgboost,pooled_30_contrasts,0.0
rq1a_cc_m100_minus_m50_coverage_majority,A_secondary_descriptive,openml_3_kr_vs_kp,tabpfn,pooled_30_contrasts,0.0
rq1a_cc_m100_minus_m50_coverage_majority,A_secondary_descriptive,openml_3_kr_vs_kp,(pooled_3_pipelines),pooled_30_contrasts,0.0
rq1a_cc_m100_minus_m50_coverage_majority,A_secondary_descriptive,openml_24_mushroom,logistic_regression,pooled_30_contrasts,0.0
rq1a_cc_m100_minus_m50_coverage_majority,A_secondary_descriptive,openml_24_mushroom,xgboost,pooled_30_contrasts,0.0
rq1a_cc_m100_minus_m50_coverage_majority,A_secondary_descriptive,openml_24_mushroom,tabpfn,pooled_30_contrasts,0.0
rq1a_cc_m100_minus_m50_coverage_majority,A_secondary_descriptive,openml_24_mushroom,(pooled_3_pipelines),pooled_30_contrasts,0.0
rq1a_cc_m100_minus_m50_coverage_majority,A_secondary_descriptive,openml_1486_nomao,logistic_regression,pooled_30_contrasts,0.0
rq1a_cc_m100_minus_m50_coverage_majority,A_secondary_descriptive,openml_1486_nomao,xgboost,pooled_30_contrasts,0.0
rq1a_cc_m100_minus_m50_coverage_majority,A_secondary_descriptive,openml_1486_nomao,tabpfn,pooled_30_contrasts,0.0
rq1a_cc_m100_minus_m50_coverage_majority,A_secondary_descriptive,openml_1486_nomao,(pooled_3_pipelines),pooled_30_contrasts,0.0
rq1a_cc_m100_minus_m50_coverage_majority,A_secondary_descriptive,openml_1489_phoneme,logistic_regression,pooled_30_contrasts,0.0
rq1a_cc_m100_minus_m50_coverage_majority,A_secondary_descriptive,openml_1489_phoneme,xgboost,pooled_30_contrasts,0.0
rq1a_cc_m100_minus_m50_coverage_majority,A_secondary_descriptive,openml_1489_phoneme,tabpfn,pooled_30_contrasts,0.0
rq1a_cc_m100_minus_m50_coverage_majority,A_secondary_descriptive,openml_1489_phoneme,(pooled_3_pipelines),pooled_30_contrasts,0.0
rq1a_cc_m100_minus_m50_coverage_majority,A_secondary_descriptive,openml_1590_adult,logistic_regression,pooled_30_contrasts,0.0
rq1a_cc_m100_minus_m50_coverage_majority,A_secondary_descriptive,openml_1590_adult,xgboost,pooled_30_contrasts,0.0
rq1a_cc_m100_minus_m50_coverage_majority,A_secondary_descriptive,openml_1590_adult,tabpfn,pooled_30_contrasts,0.0
rq1a_cc_m100_minus_m50_coverage_majority,A_secondary_descriptive,openml_1590_adult,(pooled_3_pipelines),pooled_30_contrasts,0.0
rq1a_cc_m100_minus_m50_coverage_majority,A_secondary_descriptive,openml_4534_phishingwebsite,logistic_regression,pooled_30_contrasts,0.0
rq1a_cc_m100_minus_m50_coverage_majority,A_secondary_descriptive,openml_4534_phishingwebsite,xgboost,pooled_30_contrasts,0.0
rq1a_cc_m100_minus_m50_coverage_majority,A_secondary_descriptive,openml_4534_phishingwebsite,tabpfn,pooled_30_contrasts,0.0
rq1a_cc_m100_minus_m50_coverage_majority,A_secondary_descriptive,openml_4534_phishingwebsite,(pooled_3_pipelines),pooled_30_contrasts,0.0
rq1a_cc_m100_minus_m50_coverage_majority,A_secondary_descriptive,openml_23512_higgs,logistic_regression,pooled_30_contrasts,0.0
rq1a_cc_m100_minus_m50_coverage_majority,A_secondary_descriptive,openml_23512_higgs,xgboost,pooled_30_contrasts,0.0
rq1a_cc_m100_minus_m50_coverage_majority,A_secondary_descriptive,openml_23512_higgs,tabpfn,pooled_30_contrasts,0.0
rq1a_cc_m100_minus_m50_coverage_majority,A_secondary_descriptive,openml_23512_higgs,(pooled_3_pipelines),pooled_30_contrasts,0.0
rq1a_cc_m100_minus_m50_coverage_majority,A_secondary_descriptive,openml_23517_numerai28_6,logistic_regression,pooled_30_contrasts,0.0
rq1a_cc_m100_minus_m50_coverage_majority,A_secondary_descriptive,openml_23517_numerai28_6,xgboost,pooled_30_contrasts,0.0
rq1a_cc_m100_minus_m50_coverage_majority,A_secondary_descriptive,openml_23517_numerai28_6,tabpfn,pooled_30_contrasts,0.0
rq1a_cc_m100_minus_m50_coverage_majority,A_secondary_descriptive,openml_23517_numerai28_6,(pooled_3_pipelines),pooled_30_contrasts,0.0
rq1a_cc_m100_minus_m50_threshold_sum,A_secondary_descriptive,openml_3_kr_vs_kp,logistic_regression,pooled_30_contrasts,-0.020611434601744437
rq1a_cc_m100_minus_m50_threshold_sum,A_secondary_descriptive,openml_3_kr_vs_kp,xgboost,pooled_30_contrasts,0.0033426105976104735
rq1a_cc_m100_minus_m50_threshold_sum,A_secondary_descriptive,openml_3_kr_vs_kp,tabpfn,pooled_30_contrasts,0.0007038235664367676
rq1a_cc_m100_minus_m50_threshold_sum,A_secondary_descriptive,openml_3_kr_vs_kp,(pooled_3_pipelines),pooled_30_contrasts,-0.005521666812565732
rq1a_cc_m100_minus_m50_threshold_sum,A_secondary_descriptive,openml_24_mushroom,logistic_regression,pooled_30_contrasts,-0.00427245212717785
rq1a_cc_m100_minus_m50_threshold_sum,A_secondary_descriptive,openml_24_mushroom,xgboost,pooled_30_contrasts,-0.0009382307529449463
rq1a_cc_m100_minus_m50_threshold_sum,A_secondary_descriptive,openml_24_mushroom,tabpfn,pooled_30_contrasts,0.0
rq1a_cc_m100_minus_m50_threshold_sum,A_secondary_descriptive,openml_24_mushroom,(pooled_3_pipelines),pooled_30_contrasts,-0.0017368942933742655
rq1a_cc_m100_minus_m50_threshold_sum,A_secondary_descriptive,openml_1486_nomao,logistic_regression,pooled_30_contrasts,-0.01351382963553388
rq1a_cc_m100_minus_m50_threshold_sum,A_secondary_descriptive,openml_1486_nomao,xgboost,pooled_30_contrasts,-0.0166253000497818
rq1a_cc_m100_minus_m50_threshold_sum,A_secondary_descriptive,openml_1486_nomao,tabpfn,pooled_30_contrasts,-0.02116525173187256
rq1a_cc_m100_minus_m50_threshold_sum,A_secondary_descriptive,openml_1486_nomao,(pooled_3_pipelines),pooled_30_contrasts,-0.01710146047239608
rq1a_cc_m100_minus_m50_threshold_sum,A_secondary_descriptive,openml_1489_phoneme,logistic_regression,pooled_30_contrasts,-0.006732778871321221
rq1a_cc_m100_minus_m50_threshold_sum,A_secondary_descriptive,openml_1489_phoneme,xgboost,pooled_30_contrasts,0.009613564610481263
rq1a_cc_m100_minus_m50_threshold_sum,A_secondary_descriptive,openml_1489_phoneme,tabpfn,pooled_30_contrasts,-0.022020499408245086
rq1a_cc_m100_minus_m50_threshold_sum,A_secondary_descriptive,openml_1489_phoneme,(pooled_3_pipelines),pooled_30_contrasts,-0.006379904556361682
rq1a_cc_m100_minus_m50_threshold_sum,A_secondary_descriptive,openml_1590_adult,logistic_regression,pooled_30_contrasts,0.0006588249656631628
rq1a_cc_m100_minus_m50_threshold_sum,A_secondary_descriptive,openml_1590_adult,xgboost,pooled_30_contrasts,0.0088115394115448
rq1a_cc_m100_minus_m50_threshold_sum,A_secondary_descriptive,openml_1590_adult,tabpfn,pooled_30_contrasts,0.016212180629372595
rq1a_cc_m100_minus_m50_threshold_sum,A_secondary_descriptive,openml_1590_adult,(pooled_3_pipelines),pooled_30_contrasts,0.008560848335526854
rq1a_cc_m100_minus_m50_threshold_sum,A_secondary_descriptive,openml_4534_phishingwebsite,logistic_regression,pooled_30_contrasts,0.022062455928658953
rq1a_cc_m100_minus_m50_threshold_sum,A_secondary_descriptive,openml_4534_phishingwebsite,xgboost,pooled_30_contrasts,-0.03988035321235657
rq1a_cc_m100_minus_m50_threshold_sum,A_secondary_descriptive,openml_4534_phishingwebsite,tabpfn,pooled_30_contrasts,-0.044005340337753295
rq1a_cc_m100_minus_m50_threshold_sum,A_secondary_descriptive,openml_4534_phishingwebsite,(pooled_3_pipelines),pooled_30_contrasts,-0.02060774587381697
rq1a_cc_m100_minus_m50_threshold_sum,A_secondary_descriptive,openml_23512_higgs,logistic_regression,pooled_30_contrasts,0.007039551900344043
rq1a_cc_m100_minus_m50_threshold_sum,A_secondary_descriptive,openml_23512_higgs,xgboost,pooled_30_contrasts,0.0018977850675582885
rq1a_cc_m100_minus_m50_threshold_sum,A_secondary_descriptive,openml_23512_higgs,tabpfn,pooled_30_contrasts,-0.009018641710281373
rq1a_cc_m100_minus_m50_threshold_sum,A_secondary_descriptive,openml_23512_higgs,(pooled_3_pipelines),pooled_30_contrasts,-2.7101580793013428e-05
rq1a_cc_m100_minus_m50_threshold_sum,A_secondary_descriptive,openml_23517_numerai28_6,logistic_regression,pooled_30_contrasts,-0.0008533942976188369
rq1a_cc_m100_minus_m50_threshold_sum,A_secondary_descriptive,openml_23517_numerai28_6,xgboost,pooled_30_contrasts,-0.001915973424911499
rq1a_cc_m100_minus_m50_threshold_sum,A_secondary_descriptive,openml_23517_numerai28_6,tabpfn,pooled_30_contrasts,-0.0013138681650161743
rq1a_cc_m100_minus_m50_threshold_sum,A_secondary_descriptive,openml_23517_numerai28_6,(pooled_3_pipelines),pooled_30_contrasts,-0.00136107862918217
rq1a_cc_m100_minus_m50_threshold_gap,A_secondary_descriptive,openml_3_kr_vs_kp,logistic_regression,pooled_30_contrasts,-0.03090925568479752
rq1a_cc_m100_minus_m50_threshold_gap,A_secondary_descriptive,openml_3_kr_vs_kp,xgboost,pooled_30_contrasts,-0.0021693408489227295
rq1a_cc_m100_minus_m50_threshold_gap,A_secondary_descriptive,openml_3_kr_vs_kp,tabpfn,pooled_30_contrasts,-0.0005020260810852051
rq1a_cc_m100_minus_m50_threshold_gap,A_secondary_descriptive,openml_3_kr_vs_kp,(pooled_3_pipelines),pooled_30_contrasts,-0.011193540871601819
rq1a_cc_m100_minus_m50_threshold_gap,A_secondary_descriptive,openml_24_mushroom,logistic_regression,pooled_30_contrasts,-0.0033758595368524103
rq1a_cc_m100_minus_m50_threshold_gap,A_secondary_descriptive,openml_24_mushroom,xgboost,pooled_30_contrasts,-0.000953596830368042
rq1a_cc_m100_minus_m50_threshold_gap,A_secondary_descriptive,openml_24_mushroom,tabpfn,pooled_30_contrasts,0.0
rq1a_cc_m100_minus_m50_threshold_gap,A_secondary_descriptive,openml_24_mushroom,(pooled_3_pipelines),pooled_30_contrasts,-0.0014431521224068174
rq1a_cc_m100_minus_m50_threshold_gap,A_secondary_descriptive,openml_1486_nomao,logistic_regression,pooled_30_contrasts,-0.01351382963553388
rq1a_cc_m100_minus_m50_threshold_gap,A_secondary_descriptive,openml_1486_nomao,xgboost,pooled_30_contrasts,-0.0166253000497818
rq1a_cc_m100_minus_m50_threshold_gap,A_secondary_descriptive,openml_1486_nomao,tabpfn,pooled_30_contrasts,-0.02116525173187256
rq1a_cc_m100_minus_m50_threshold_gap,A_secondary_descriptive,openml_1486_nomao,(pooled_3_pipelines),pooled_30_contrasts,-0.01710146047239608
rq1a_cc_m100_minus_m50_threshold_gap,A_secondary_descriptive,openml_1489_phoneme,logistic_regression,pooled_30_contrasts,-0.00673277887132121
rq1a_cc_m100_minus_m50_threshold_gap,A_secondary_descriptive,openml_1489_phoneme,xgboost,pooled_30_contrasts,0.009613564610481263
rq1a_cc_m100_minus_m50_threshold_gap,A_secondary_descriptive,openml_1489_phoneme,tabpfn,pooled_30_contrasts,-0.022020499408245086
rq1a_cc_m100_minus_m50_threshold_gap,A_secondary_descriptive,openml_1489_phoneme,(pooled_3_pipelines),pooled_30_contrasts,-0.0063799045563616786
rq1a_cc_m100_minus_m50_threshold_gap,A_secondary_descriptive,openml_1590_adult,logistic_regression,pooled_30_contrasts,0.0006588249656631739
rq1a_cc_m100_minus_m50_threshold_gap,A_secondary_descriptive,openml_1590_adult,xgboost,pooled_30_contrasts,0.0088115394115448
rq1a_cc_m100_minus_m50_threshold_gap,A_secondary_descriptive,openml_1590_adult,tabpfn,pooled_30_contrasts,0.016212180629372595
rq1a_cc_m100_minus_m50_threshold_gap,A_secondary_descriptive,openml_1590_adult,(pooled_3_pipelines),pooled_30_contrasts,0.008560848335526857
rq1a_cc_m100_minus_m50_threshold_gap,A_secondary_descriptive,openml_4534_phishingwebsite,logistic_regression,pooled_30_contrasts,0.022062455928658953
rq1a_cc_m100_minus_m50_threshold_gap,A_secondary_descriptive,openml_4534_phishingwebsite,xgboost,pooled_30_contrasts,-0.05161623358726501
rq1a_cc_m100_minus_m50_threshold_gap,A_secondary_descriptive,openml_4534_phishingwebsite,tabpfn,pooled_30_contrasts,-0.05460062623023987
rq1a_cc_m100_minus_m50_threshold_gap,A_secondary_descriptive,openml_4534_phishingwebsite,(pooled_3_pipelines),pooled_30_contrasts,-0.028051467962948645
rq1a_cc_m100_minus_m50_threshold_gap,A_secondary_descriptive,openml_23512_higgs,logistic_regression,pooled_30_contrasts,0.007039551900344066
rq1a_cc_m100_minus_m50_threshold_gap,A_secondary_descriptive,openml_23512_higgs,xgboost,pooled_30_contrasts,-0.0004246622323989868
rq1a_cc_m100_minus_m50_threshold_gap,A_secondary_descriptive,openml_23512_higgs,tabpfn,pooled_30_contrasts,-0.014795714616775512
rq1a_cc_m100_minus_m50_threshold_gap,A_secondary_descriptive,openml_23512_higgs,(pooled_3_pipelines),pooled_30_contrasts,-0.002726941649610145
rq1a_cc_m100_minus_m50_threshold_gap,A_secondary_descriptive,openml_23517_numerai28_6,logistic_regression,pooled_30_contrasts,-0.0008184900976729969
rq1a_cc_m100_minus_m50_threshold_gap,A_secondary_descriptive,openml_23517_numerai28_6,xgboost,pooled_30_contrasts,0.00023247599601745607
rq1a_cc_m100_minus_m50_threshold_gap,A_secondary_descriptive,openml_23517_numerai28_6,tabpfn,pooled_30_contrasts,-0.0014601558446884154
rq1a_cc_m100_minus_m50_threshold_gap,A_secondary_descriptive,openml_23517_numerai28_6,(pooled_3_pipelines),pooled_30_contrasts,-0.0006820566487813188
rq1a_cc_m100_minus_m50_empty_rate,A_secondary_descriptive,openml_3_kr_vs_kp,logistic_regression,pooled_30_contrasts,0.0014062499999999978
rq1a_cc_m100_minus_m50_empty_rate,A_secondary_descriptive,openml_3_kr_vs_kp,xgboost,pooled_30_contrasts,-0.005
rq1a_cc_m100_minus_m50_empty_rate,A_secondary_descriptive,openml_3_kr_vs_kp,tabpfn,pooled_30_contrasts,-0.009374999999999998
rq1a_cc_m100_minus_m50_empty_rate,A_secondary_descriptive,openml_3_kr_vs_kp,(pooled_3_pipelines),pooled_30_contrasts,-0.004322916666666667
rq1a_cc_m100_minus_m50_empty_rate,A_secondary_descriptive,openml_24_mushroom,logistic_regression,pooled_30_contrasts,0.0011692307692307683
rq1a_cc_m100_minus_m50_empty_rate,A_secondary_descriptive,openml_24_mushroom,xgboost,pooled_30_contrasts,0.005046153846153845
rq1a_cc_m100_minus_m50_empty_rate,A_secondary_descriptive,openml_24_mushroom,tabpfn,pooled_30_contrasts,0.0
rq1a_cc_m100_minus_m50_empty_rate,A_secondary_descriptive,openml_24_mushroom,(pooled_3_pipelines),pooled_30_contrasts,0.002071794871794871
rq1a_cc_m100_minus_m50_empty_rate,A_secondary_descriptive,openml_1486_nomao,logistic_regression,pooled_30_contrasts,0.0016538517336428262
rq1a_cc_m100_minus_m50_empty_rate,A_secondary_descriptive,openml_1486_nomao,xgboost,pooled_30_contrasts,-8.7044828086464e-05
rq1a_cc_m100_minus_m50_empty_rate,A_secondary_descriptive,openml_1486_nomao,tabpfn,pooled_30_contrasts,0.0015813143769041076
rq1a_cc_m100_minus_m50_empty_rate,A_secondary_descriptive,openml_1486_nomao,(pooled_3_pipelines),pooled_30_contrasts,0.0010493737608201566
rq1a_cc_m100_minus_m50_empty_rate,A_secondary_descriptive,openml_1489_phoneme,logistic_regression,pooled_30_contrasts,0.0
rq1a_cc_m100_minus_m50_empty_rate,A_secondary_descriptive,openml_1489_phoneme,xgboost,pooled_30_contrasts,-0.002127659574468085
rq1a_cc_m100_minus_m50_empty_rate,A_secondary_descriptive,openml_1489_phoneme,tabpfn,pooled_30_contrasts,0.0009250693802035154
rq1a_cc_m100_minus_m50_empty_rate,A_secondary_descriptive,openml_1489_phoneme,(pooled_3_pipelines),pooled_30_contrasts,-0.00040086339808819007
rq1a_cc_m100_minus_m50_empty_rate,A_secondary_descriptive,openml_1590_adult,logistic_regression,pooled_30_contrasts,0.0
rq1a_cc_m100_minus_m50_empty_rate,A_secondary_descriptive,openml_1590_adult,xgboost,pooled_30_contrasts,0.0
rq1a_cc_m100_minus_m50_empty_rate,A_secondary_descriptive,openml_1590_adult,tabpfn,pooled_30_contrasts,0.0
rq1a_cc_m100_minus_m50_empty_rate,A_secondary_descriptive,openml_1590_adult,(pooled_3_pipelines),pooled_30_contrasts,0.0
rq1a_cc_m100_minus_m50_empty_rate,A_secondary_descriptive,openml_4534_phishingwebsite,logistic_regression,pooled_30_contrasts,-0.0013568521031207593
rq1a_cc_m100_minus_m50_empty_rate,A_secondary_descriptive,openml_4534_phishingwebsite,xgboost,pooled_30_contrasts,0.001492537313432838
rq1a_cc_m100_minus_m50_empty_rate,A_secondary_descriptive,openml_4534_phishingwebsite,tabpfn,pooled_30_contrasts,0.001763907734056993
rq1a_cc_m100_minus_m50_empty_rate,A_secondary_descriptive,openml_4534_phishingwebsite,(pooled_3_pipelines),pooled_30_contrasts,0.0006331976481230237
rq1a_cc_m100_minus_m50_empty_rate,A_secondary_descriptive,openml_23512_higgs,logistic_regression,pooled_30_contrasts,0.0
rq1a_cc_m100_minus_m50_empty_rate,A_secondary_descriptive,openml_23512_higgs,xgboost,pooled_30_contrasts,0.0
rq1a_cc_m100_minus_m50_empty_rate,A_secondary_descriptive,openml_23512_higgs,tabpfn,pooled_30_contrasts,0.0
rq1a_cc_m100_minus_m50_empty_rate,A_secondary_descriptive,openml_23512_higgs,(pooled_3_pipelines),pooled_30_contrasts,0.0
rq1a_cc_m100_minus_m50_empty_rate,A_secondary_descriptive,openml_23517_numerai28_6,logistic_regression,pooled_30_contrasts,0.0
rq1a_cc_m100_minus_m50_empty_rate,A_secondary_descriptive,openml_23517_numerai28_6,xgboost,pooled_30_contrasts,0.0
rq1a_cc_m100_minus_m50_empty_rate,A_secondary_descriptive,openml_23517_numerai28_6,tabpfn,pooled_30_contrasts,0.0
rq1a_cc_m100_minus_m50_empty_rate,A_secondary_descriptive,openml_23517_numerai28_6,(pooled_3_pipelines),pooled_30_contrasts,0.0
rq1a_cc_m100_minus_m50_doubleton_rate,A_secondary_descriptive,openml_3_kr_vs_kp,logistic_regression,pooled_30_contrasts,0.0
rq1a_cc_m100_minus_m50_doubleton_rate,A_secondary_descriptive,openml_3_kr_vs_kp,xgboost,pooled_30_contrasts,0.0
rq1a_cc_m100_minus_m50_doubleton_rate,A_secondary_descriptive,openml_3_kr_vs_kp,tabpfn,pooled_30_contrasts,0.0
rq1a_cc_m100_minus_m50_doubleton_rate,A_secondary_descriptive,openml_3_kr_vs_kp,(pooled_3_pipelines),pooled_30_contrasts,0.0
rq1a_cc_m100_minus_m50_doubleton_rate,A_secondary_descriptive,openml_24_mushroom,logistic_regression,pooled_30_contrasts,0.0
rq1a_cc_m100_minus_m50_doubleton_rate,A_secondary_descriptive,openml_24_mushroom,xgboost,pooled_30_contrasts,0.0
rq1a_cc_m100_minus_m50_doubleton_rate,A_secondary_descriptive,openml_24_mushroom,tabpfn,pooled_30_contrasts,0.0
rq1a_cc_m100_minus_m50_doubleton_rate,A_secondary_descriptive,openml_24_mushroom,(pooled_3_pipelines),pooled_30_contrasts,0.0
rq1a_cc_m100_minus_m50_doubleton_rate,A_secondary_descriptive,openml_1486_nomao,logistic_regression,pooled_30_contrasts,0.0
rq1a_cc_m100_minus_m50_doubleton_rate,A_secondary_descriptive,openml_1486_nomao,xgboost,pooled_30_contrasts,0.0
rq1a_cc_m100_minus_m50_doubleton_rate,A_secondary_descriptive,openml_1486_nomao,tabpfn,pooled_30_contrasts,0.0
rq1a_cc_m100_minus_m50_doubleton_rate,A_secondary_descriptive,openml_1486_nomao,(pooled_3_pipelines),pooled_30_contrasts,0.0
rq1a_cc_m100_minus_m50_doubleton_rate,A_secondary_descriptive,openml_1489_phoneme,logistic_regression,pooled_30_contrasts,-0.01184088806660501
rq1a_cc_m100_minus_m50_doubleton_rate,A_secondary_descriptive,openml_1489_phoneme,xgboost,pooled_30_contrasts,-0.006567992599444955
rq1a_cc_m100_minus_m50_doubleton_rate,A_secondary_descriptive,openml_1489_phoneme,tabpfn,pooled_30_contrasts,-0.00666049953746531
rq1a_cc_m100_minus_m50_doubleton_rate,A_secondary_descriptive,openml_1489_phoneme,(pooled_3_pipelines),pooled_30_contrasts,-0.008356460067838424
rq1a_cc_m100_minus_m50_doubleton_rate,A_secondary_descriptive,openml_1590_adult,logistic_regression,pooled_30_contrasts,-0.005558399017299626
rq1a_cc_m100_minus_m50_doubleton_rate,A_secondary_descriptive,openml_1590_adult,xgboost,pooled_30_contrasts,0.0027843177397891316
rq1a_cc_m100_minus_m50_doubleton_rate,A_secondary_descriptive,openml_1590_adult,tabpfn,pooled_30_contrasts,0.008301770907974201
rq1a_cc_m100_minus_m50_doubleton_rate,A_secondary_descriptive,openml_1590_adult,(pooled_3_pipelines),pooled_30_contrasts,0.0018425632101545695
rq1a_cc_m100_minus_m50_doubleton_rate,A_secondary_descriptive,openml_4534_phishingwebsite,logistic_regression,pooled_30_contrasts,0.0
rq1a_cc_m100_minus_m50_doubleton_rate,A_secondary_descriptive,openml_4534_phishingwebsite,xgboost,pooled_30_contrasts,0.0
rq1a_cc_m100_minus_m50_doubleton_rate,A_secondary_descriptive,openml_4534_phishingwebsite,tabpfn,pooled_30_contrasts,0.0
rq1a_cc_m100_minus_m50_doubleton_rate,A_secondary_descriptive,openml_4534_phishingwebsite,(pooled_3_pipelines),pooled_30_contrasts,0.0
rq1a_cc_m100_minus_m50_doubleton_rate,A_secondary_descriptive,openml_23512_higgs,logistic_regression,pooled_30_contrasts,0.015772565017848027
rq1a_cc_m100_minus_m50_doubleton_rate,A_secondary_descriptive,openml_23512_higgs,xgboost,pooled_30_contrasts,0.0024171341152473213
rq1a_cc_m100_minus_m50_doubleton_rate,A_secondary_descriptive,openml_23512_higgs,tabpfn,pooled_30_contrasts,-0.009877613462519119
rq1a_cc_m100_minus_m50_doubleton_rate,A_secondary_descriptive,openml_23512_higgs,(pooled_3_pipelines),pooled_30_contrasts,0.00277069522352541
rq1a_cc_m100_minus_m50_doubleton_rate,A_secondary_descriptive,openml_23517_numerai28_6,logistic_regression,pooled_30_contrasts,-0.0021698504983388546
rq1a_cc_m100_minus_m50_doubleton_rate,A_secondary_descriptive,openml_23517_numerai28_6,xgboost,pooled_30_contrasts,-0.007194767441860495
rq1a_cc_m100_minus_m50_doubleton_rate,A_secondary_descriptive,openml_23517_numerai28_6,tabpfn,pooled_30_contrasts,-0.007838455149501666
rq1a_cc_m100_minus_m50_doubleton_rate,A_secondary_descriptive,openml_23517_numerai28_6,(pooled_3_pipelines),pooled_30_contrasts,-0.005734357696567005
rq2b_cc_minus_global_m50_coverage_minority,B_confirmatory,openml_3_kr_vs_kp,logistic_regression,pooled_30_contrasts,0.015359477124182997
rq2b_cc_minus_global_m50_coverage_minority,B_confirmatory,openml_3_kr_vs_kp,xgboost,pooled_30_contrasts,-0.009803921568627439
rq2b_cc_minus_global_m50_coverage_minority,B_confirmatory,openml_3_kr_vs_kp,tabpfn,pooled_30_contrasts,-0.016013071895424835
rq2b_cc_minus_global_m50_coverage_minority,B_confirmatory,openml_3_kr_vs_kp,(pooled_3_pipelines),pooled_30_contrasts,-0.0034858387799564256
rq2b_cc_minus_global_m50_coverage_minority,B_confirmatory,openml_24_mushroom,logistic_regression,pooled_30_contrasts,-0.019284802043422734
rq2b_cc_minus_global_m50_coverage_minority,B_confirmatory,openml_24_mushroom,xgboost,pooled_30_contrasts,0.036398467432950186
rq2b_cc_minus_global_m50_coverage_minority,B_confirmatory,openml_24_mushroom,tabpfn,pooled_30_contrasts,0.0
rq2b_cc_minus_global_m50_coverage_minority,B_confirmatory,openml_24_mushroom,(pooled_3_pipelines),pooled_30_contrasts,0.005704555129842485
rq2b_cc_minus_global_m50_coverage_minority,B_confirmatory,openml_1486_nomao,logistic_regression,pooled_30_contrasts,0.07201625190452007
rq2b_cc_minus_global_m50_coverage_minority,B_confirmatory,openml_1486_nomao,xgboost,pooled_30_contrasts,0.080802437785678
rq2b_cc_minus_global_m50_coverage_minority,B_confirmatory,openml_1486_nomao,tabpfn,pooled_30_contrasts,0.09075672930421533
rq2b_cc_minus_global_m50_coverage_minority,B_confirmatory,openml_1486_nomao,(pooled_3_pipelines),pooled_30_contrasts,0.08119180633147115
rq2b_cc_minus_global_m50_coverage_minority,B_confirmatory,openml_1489_phoneme,logistic_regression,pooled_30_contrasts,0.18801261829653
rq2b_cc_minus_global_m50_coverage_minority,B_confirmatory,openml_1489_phoneme,xgboost,pooled_30_contrasts,0.08517350157728706
rq2b_cc_minus_global_m50_coverage_minority,B_confirmatory,openml_1489_phoneme,tabpfn,pooled_30_contrasts,0.10694006309148266
rq2b_cc_minus_global_m50_coverage_minority,B_confirmatory,openml_1489_phoneme,(pooled_3_pipelines),pooled_30_contrasts,0.12670872765509988
rq2b_cc_minus_global_m50_coverage_minority,B_confirmatory,openml_1590_adult,logistic_regression,pooled_30_contrasts,0.22040205303678356
rq2b_cc_minus_global_m50_coverage_minority,B_confirmatory,openml_1590_adult,xgboost,pooled_30_contrasts,0.20949529512403764
rq2b_cc_minus_global_m50_coverage_minority,B_confirmatory,openml_1590_adult,tabpfn,pooled_30_contrasts,0.21295979469632162
rq2b_cc_minus_global_m50_coverage_minority,B_confirmatory,openml_1590_adult,(pooled_3_pipelines),pooled_30_contrasts,0.21428571428571427
rq2b_cc_minus_global_m50_coverage_minority,B_confirmatory,openml_4534_phishingwebsite,logistic_regression,pooled_30_contrasts,0.044897959183673494
rq2b_cc_minus_global_m50_coverage_minority,B_confirmatory,openml_4534_phishingwebsite,xgboost,pooled_30_contrasts,0.030408163265306144
rq2b_cc_minus_global_m50_coverage_minority,B_confirmatory,openml_4534_phishingwebsite,tabpfn,pooled_30_contrasts,0.03224489795918367
rq2b_cc_minus_global_m50_coverage_minority,B_confirmatory,openml_4534_phishingwebsite,(pooled_3_pipelines),pooled_30_contrasts,0.03585034013605445
rq2b_cc_minus_global_m50_coverage_minority,B_confirmatory,openml_23512_higgs,logistic_regression,pooled_30_contrasts,0.09098972417522985
rq2b_cc_minus_global_m50_coverage_minority,B_confirmatory,openml_23512_higgs,xgboost,pooled_30_contrasts,0.03468902109248241
rq2b_cc_minus_global_m50_coverage_minority,B_confirmatory,openml_23512_higgs,tabpfn,pooled_30_contrasts,0.04283396430502975
rq2b_cc_minus_global_m50_coverage_minority,B_confirmatory,openml_23512_higgs,(pooled_3_pipelines),pooled_30_contrasts,0.056170903190914
rq2b_cc_minus_global_m50_coverage_minority,B_confirmatory,openml_23517_numerai28_6,logistic_regression,pooled_30_contrasts,0.05589592950062947
rq2b_cc_minus_global_m50_coverage_minority,B_confirmatory,openml_23517_numerai28_6,xgboost,pooled_30_contrasts,0.008969785984053746
rq2b_cc_minus_global_m50_coverage_minority,B_confirmatory,openml_23517_numerai28_6,tabpfn,pooled_30_contrasts,0.049611833822912274
rq2b_cc_minus_global_m50_coverage_minority,B_confirmatory,openml_23517_numerai28_6,(pooled_3_pipelines),pooled_30_contrasts,0.03815918310253183
rq2b_cc_minus_global_m50_coverage_majority,B_confirmatory,openml_3_kr_vs_kp,logistic_regression,pooled_30_contrasts,-0.00479041916167664
rq2b_cc_minus_global_m50_coverage_majority,B_confirmatory,openml_3_kr_vs_kp,xgboost,pooled_30_contrasts,0.0035928143712575023
rq2b_cc_minus_global_m50_coverage_majority,B_confirmatory,openml_3_kr_vs_kp,tabpfn,pooled_30_contrasts,0.0005988023952095856
rq2b_cc_minus_global_m50_coverage_majority,B_confirmatory,openml_3_kr_vs_kp,(pooled_3_pipelines),pooled_30_contrasts,-0.0001996007984031841
rq2b_cc_minus_global_m50_coverage_majority,B_confirmatory,openml_24_mushroom,logistic_regression,pooled_30_contrasts,0.00439429928741093
rq2b_cc_minus_global_m50_coverage_majority,B_confirmatory,openml_24_mushroom,xgboost,pooled_30_contrasts,-0.00665083135391924
rq2b_cc_minus_global_m50_coverage_majority,B_confirmatory,openml_24_mushroom,tabpfn,pooled_30_contrasts,0.0
rq2b_cc_minus_global_m50_coverage_majority,B_confirmatory,openml_24_mushroom,(pooled_3_pipelines),pooled_30_contrasts,-0.0007521773555027699
rq2b_cc_minus_global_m50_coverage_majority,B_confirmatory,openml_1486_nomao,logistic_regression,pooled_30_contrasts,-0.017810722989439497
rq2b_cc_minus_global_m50_coverage_majority,B_confirmatory,openml_1486_nomao,xgboost,pooled_30_contrasts,-0.017059301380991064
rq2b_cc_minus_global_m50_coverage_majority,B_confirmatory,openml_1486_nomao,tabpfn,pooled_30_contrasts,-0.020999187652315187
rq2b_cc_minus_global_m50_coverage_majority,B_confirmatory,openml_1486_nomao,(pooled_3_pipelines),pooled_30_contrasts,-0.018623070674248583
rq2b_cc_minus_global_m50_coverage_majority,B_confirmatory,openml_1489_phoneme,logistic_regression,pooled_30_contrasts,-0.04685863874345549
rq2b_cc_minus_global_m50_coverage_majority,B_confirmatory,openml_1489_phoneme,xgboost,pooled_30_contrasts,-0.027356020942408375
rq2b_cc_minus_global_m50_coverage_majority,B_confirmatory,openml_1489_phoneme,tabpfn,pooled_30_contrasts,-0.020157068062827244
rq2b_cc_minus_global_m50_coverage_majority,B_confirmatory,openml_1489_phoneme,(pooled_3_pipelines),pooled_30_contrasts,-0.03145724258289704
rq2b_cc_minus_global_m50_coverage_majority,B_confirmatory,openml_1590_adult,logistic_regression,pooled_30_contrasts,-0.048028529134705955
rq2b_cc_minus_global_m50_coverage_majority,B_confirmatory,openml_1590_adult,xgboost,pooled_30_contrasts,-0.04785358632754675
rq2b_cc_minus_global_m50_coverage_majority,B_confirmatory,openml_1590_adult,tabpfn,pooled_30_contrasts,-0.05160812811196339
rq2b_cc_minus_global_m50_coverage_majority,B_confirmatory,openml_1590_adult,(pooled_3_pipelines),pooled_30_contrasts,-0.0491634145247387
rq2b_cc_minus_global_m50_coverage_majority,B_confirmatory,openml_4534_phishingwebsite,logistic_regression,pooled_30_contrasts,-0.01730300568643379
rq2b_cc_minus_global_m50_coverage_majority,B_confirmatory,openml_4534_phishingwebsite,xgboost,pooled_30_contrasts,-0.007798537774167336
rq2b_cc_minus_global_m50_coverage_majority,B_confirmatory,openml_4534_phishingwebsite,tabpfn,pooled_30_contrasts,-0.0049553208773355
rq2b_cc_minus_global_m50_coverage_majority,B_confirmatory,openml_4534_phishingwebsite,(pooled_3_pipelines),pooled_30_contrasts,-0.01001895477931221
rq2b_cc_minus_global_m50_coverage_majority,B_confirmatory,openml_23512_higgs,logistic_regression,pooled_30_contrasts,-0.026772793053545563
rq2b_cc_minus_global_m50_coverage_majority,B_confirmatory,openml_23512_higgs,xgboost,pooled_30_contrasts,-0.008557645923781975
rq2b_cc_minus_global_m50_coverage_majority,B_confirmatory,openml_23512_higgs,tabpfn,pooled_30_contrasts,-0.005200192957067052
rq2b_cc_minus_global_m50_coverage_majority,B_confirmatory,openml_23512_higgs,(pooled_3_pipelines),pooled_30_contrasts,-0.013510210644798197
rq2b_cc_minus_global_m50_coverage_majority,B_confirmatory,openml_23517_numerai28_6,logistic_regression,pooled_30_contrasts,-0.012361282367447601
rq2b_cc_minus_global_m50_coverage_majority,B_confirmatory,openml_23517_numerai28_6,xgboost,pooled_30_contrasts,-0.0027743526510480843
rq2b_cc_minus_global_m50_coverage_majority,B_confirmatory,openml_23517_numerai28_6,tabpfn,pooled_30_contrasts,-0.01109741060419237
rq2b_cc_minus_global_m50_coverage_majority,B_confirmatory,openml_23517_numerai28_6,(pooled_3_pipelines),pooled_30_contrasts,-0.008744348540896018
rq2b_cc_minus_global_m50_coverage_disparity,B_confirmatory,openml_3_kr_vs_kp,logistic_regression,pooled_30_contrasts,0.00916011115024853
rq2b_cc_minus_global_m50_coverage_disparity,B_confirmatory,openml_3_kr_vs_kp,xgboost,pooled_30_contrasts,0.029008649367930784
rq2b_cc_minus_global_m50_coverage_disparity,B_confirmatory,openml_3_kr_vs_kp,tabpfn,pooled_30_contrasts,0.018615709756956655
rq2b_cc_minus_global_m50_coverage_disparity,B_confirmatory,openml_3_kr_vs_kp,(pooled_3_pipelines),pooled_30_contrasts,0.018928156758378657
rq2b_cc_minus_global_m50_coverage_disparity,B_confirmatory,openml_24_mushroom,logistic_regression,pooled_30_contrasts,0.017337695628300943
rq2b_cc_minus_global_m50_coverage_disparity,B_confirmatory,openml_24_mushroom,xgboost,pooled_30_contrasts,-0.021416502094690305
rq2b_cc_minus_global_m50_coverage_disparity,B_confirmatory,openml_24_mushroom,tabpfn,pooled_30_contrasts,0.0
rq2b_cc_minus_global_m50_coverage_disparity,B_confirmatory,openml_24_mushroom,(pooled_3_pipelines),pooled_30_contrasts,-0.0013596021554631206
rq2b_cc_minus_global_m50_coverage_disparity,B_confirmatory,openml_1486_nomao,logistic_regression,pooled_30_contrasts,-0.0776619961144284
rq2b_cc_minus_global_m50_coverage_disparity,B_confirmatory,openml_1486_nomao,xgboost,pooled_30_contrasts,-0.08098440119166327
rq2b_cc_minus_global_m50_coverage_disparity,B_confirmatory,openml_1486_nomao,tabpfn,pooled_30_contrasts,-0.10253579136238007
rq2b_cc_minus_global_m50_coverage_disparity,B_confirmatory,openml_1486_nomao,(pooled_3_pipelines),pooled_30_contrasts,-0.08706072955615723
rq2b_cc_minus_global_m50_coverage_disparity,B_confirmatory,openml_1489_phoneme,logistic_regression,pooled_30_contrasts,-0.19713032850512824
rq2b_cc_minus_global_m50_coverage_disparity,B_confirmatory,openml_1489_phoneme,xgboost,pooled_30_contrasts,-0.07575643714800073
rq2b_cc_minus_global_m50_coverage_disparity,B_confirmatory,openml_1489_phoneme,tabpfn,pooled_30_contrasts,-0.08358382743984014
rq2b_cc_minus_global_m50_coverage_disparity,B_confirmatory,openml_1489_phoneme,(pooled_3_pipelines),pooled_30_contrasts,-0.1188235310309897
rq2b_cc_minus_global_m50_coverage_disparity,B_confirmatory,openml_1590_adult,logistic_regression,pooled_30_contrasts,-0.23465749163763708
rq2b_cc_minus_global_m50_coverage_disparity,B_confirmatory,openml_1590_adult,xgboost,pooled_30_contrasts,-0.22261751368938693
rq2b_cc_minus_global_m50_coverage_disparity,B_confirmatory,openml_1590_adult,tabpfn,pooled_30_contrasts,-0.2218813137897456
rq2b_cc_minus_global_m50_coverage_disparity,B_confirmatory,openml_1590_adult,(pooled_3_pipelines),pooled_30_contrasts,-0.22638543970558983
rq2b_cc_minus_global_m50_coverage_disparity,B_confirmatory,openml_4534_phishingwebsite,logistic_regression,pooled_30_contrasts,-0.022632835424990484
rq2b_cc_minus_global_m50_coverage_disparity,B_confirmatory,openml_4534_phishingwebsite,xgboost,pooled_30_contrasts,0.0018025829340672095
rq2b_cc_minus_global_m50_coverage_disparity,B_confirmatory,openml_4534_phishingwebsite,tabpfn,pooled_30_contrasts,0.017734544670833408
rq2b_cc_minus_global_m50_coverage_disparity,B_confirmatory,openml_4534_phishingwebsite,(pooled_3_pipelines),pooled_30_contrasts,-0.0010319026066966219
rq2b_cc_minus_global_m50_coverage_disparity,B_confirmatory,openml_23512_higgs,logistic_regression,pooled_30_contrasts,-0.10119938105550852
rq2b_cc_minus_global_m50_coverage_disparity,B_confirmatory,openml_23512_higgs,xgboost,pooled_30_contrasts,-0.005843353612609725
rq2b_cc_minus_global_m50_coverage_disparity,B_confirmatory,openml_23512_higgs,tabpfn,pooled_30_contrasts,0.0023160848604100726
rq2b_cc_minus_global_m50_coverage_disparity,B_confirmatory,openml_23512_higgs,(pooled_3_pipelines),pooled_30_contrasts,-0.03490888326923606
rq2b_cc_minus_global_m50_coverage_disparity,B_confirmatory,openml_23517_numerai28_6,logistic_regression,pooled_30_contrasts,-0.023080603824976852
rq2b_cc_minus_global_m50_coverage_disparity,B_confirmatory,openml_23517_numerai28_6,xgboost,pooled_30_contrasts,0.006519122900791119
rq2b_cc_minus_global_m50_coverage_disparity,B_confirmatory,openml_23517_numerai28_6,tabpfn,pooled_30_contrasts,-0.016454928293110606
rq2b_cc_minus_global_m50_coverage_disparity,B_confirmatory,openml_23517_numerai28_6,(pooled_3_pipelines),pooled_30_contrasts,-0.011005469739098779
rq2b_cc_minus_global_m50_singleton_rate,B_confirmatory,openml_3_kr_vs_kp,logistic_regression,pooled_30_contrasts,0.007187500000000002
rq2b_cc_minus_global_m50_singleton_rate,B_confirmatory,openml_3_kr_vs_kp,xgboost,pooled_30_contrasts,-0.0028125000000000177
rq2b_cc_minus_global_m50_singleton_rate,B_confirmatory,openml_3_kr_vs_kp,tabpfn,pooled_30_contrasts,-0.007187500000000013
rq2b_cc_minus_global_m50_singleton_rate,B_confirmatory,openml_3_kr_vs_kp,(pooled_3_pipelines),pooled_30_contrasts,-0.0009375000000000096
rq2b_cc_minus_global_m50_singleton_rate,B_confirmatory,openml_24_mushroom,logistic_regression,pooled_30_contrasts,-0.007015384615384634
rq2b_cc_minus_global_m50_singleton_rate,B_confirmatory,openml_24_mushroom,xgboost,pooled_30_contrasts,0.014092307692307704
rq2b_cc_minus_global_m50_singleton_rate,B_confirmatory,openml_24_mushroom,tabpfn,pooled_30_contrasts,0.0
rq2b_cc_minus_global_m50_singleton_rate,B_confirmatory,openml_24_mushroom,(pooled_3_pipelines),pooled_30_contrasts,0.0023589743589743565
rq2b_cc_minus_global_m50_singleton_rate,B_confirmatory,openml_1486_nomao,logistic_regression,pooled_30_contrasts,0.016117800667343685
rq2b_cc_minus_global_m50_singleton_rate,B_confirmatory,openml_1486_nomao,xgboost,pooled_30_contrasts,0.014478456405048579
rq2b_cc_minus_global_m50_singleton_rate,B_confirmatory,openml_1486_nomao,tabpfn,pooled_30_contrasts,0.014623531118526023
rq2b_cc_minus_global_m50_singleton_rate,B_confirmatory,openml_1486_nomao,(pooled_3_pipelines),pooled_30_contrasts,0.015073262730306096
rq2b_cc_minus_global_m50_singleton_rate,B_confirmatory,openml_1489_phoneme,logistic_regression,pooled_30_contrasts,-0.12654949121184086
rq2b_cc_minus_global_m50_singleton_rate,B_confirmatory,openml_1489_phoneme,xgboost,pooled_30_contrasts,-0.019241443108233124
rq2b_cc_minus_global_m50_singleton_rate,B_confirmatory,openml_1489_phoneme,tabpfn,pooled_30_contrasts,0.022109158186863997
rq2b_cc_minus_global_m50_singleton_rate,B_confirmatory,openml_1489_phoneme,(pooled_3_pipelines),pooled_30_contrasts,-0.041227258711070004
rq2b_cc_minus_global_m50_singleton_rate,B_confirmatory,openml_1590_adult,logistic_regression,pooled_30_contrasts,-0.11061521138294608
rq2b_cc_minus_global_m50_singleton_rate,B_confirmatory,openml_1590_adult,xgboost,pooled_30_contrasts,-0.09943699457467499
rq2b_cc_minus_global_m50_singleton_rate,B_confirmatory,openml_1590_adult,tabpfn,pooled_30_contrasts,-0.0996929061316409
rq2b_cc_minus_global_m50_singleton_rate,B_confirmatory,openml_1590_adult,(pooled_3_pipelines),pooled_30_contrasts,-0.10324837069642064
rq2b_cc_minus_global_m50_singleton_rate,B_confirmatory,openml_4534_phishingwebsite,logistic_regression,pooled_30_contrasts,0.021121664405246498
rq2b_cc_minus_global_m50_singleton_rate,B_confirmatory,openml_4534_phishingwebsite,xgboost,pooled_30_contrasts,0.011442786069651722
rq2b_cc_minus_global_m50_singleton_rate,B_confirmatory,openml_4534_phishingwebsite,tabpfn,pooled_30_contrasts,0.012528267752148348
rq2b_cc_minus_global_m50_singleton_rate,B_confirmatory,openml_4534_phishingwebsite,(pooled_3_pipelines),pooled_30_contrasts,0.01503090607568219
rq2b_cc_minus_global_m50_singleton_rate,B_confirmatory,openml_23512_higgs,logistic_regression,pooled_30_contrasts,-0.08989291177970424
rq2b_cc_minus_global_m50_singleton_rate,B_confirmatory,openml_23512_higgs,xgboost,pooled_30_contrasts,-0.04357470678225395
rq2b_cc_minus_global_m50_singleton_rate,B_confirmatory,openml_23512_higgs,tabpfn,pooled_30_contrasts,-0.06348801631820497
rq2b_cc_minus_global_m50_singleton_rate,B_confirmatory,openml_23512_higgs,(pooled_3_pipelines),pooled_30_contrasts,-0.06565187829338771
rq2b_cc_minus_global_m50_singleton_rate,B_confirmatory,openml_23517_numerai28_6,logistic_regression,pooled_30_contrasts,-0.04549937707641196
rq2b_cc_minus_global_m50_singleton_rate,B_confirmatory,openml_23517_numerai28_6,xgboost,pooled_30_contrasts,-0.006888496677740857
rq2b_cc_minus_global_m50_singleton_rate,B_confirmatory,openml_23517_numerai28_6,tabpfn,pooled_30_contrasts,-0.03984115448504984
rq2b_cc_minus_global_m50_singleton_rate,B_confirmatory,openml_23517_numerai28_6,(pooled_3_pipelines),pooled_30_contrasts,-0.03074300941306755
rq2b_cc_minus_global_m50_average_set_size,B_confirmatory,openml_3_kr_vs_kp,logistic_regression,pooled_30_contrasts,0.007187500000000002
rq2b_cc_minus_global_m50_average_set_size,B_confirmatory,openml_3_kr_vs_kp,xgboost,pooled_30_contrasts,-0.0028125000000000177
rq2b_cc_minus_global_m50_average_set_size,B_confirmatory,openml_3_kr_vs_kp,tabpfn,pooled_30_contrasts,-0.007187500000000013
rq2b_cc_minus_global_m50_average_set_size,B_confirmatory,openml_3_kr_vs_kp,(pooled_3_pipelines),pooled_30_contrasts,-0.0009375000000000096
rq2b_cc_minus_global_m50_average_set_size,B_confirmatory,openml_24_mushroom,logistic_regression,pooled_30_contrasts,-0.007015384615384634
rq2b_cc_minus_global_m50_average_set_size,B_confirmatory,openml_24_mushroom,xgboost,pooled_30_contrasts,0.014092307692307704
rq2b_cc_minus_global_m50_average_set_size,B_confirmatory,openml_24_mushroom,tabpfn,pooled_30_contrasts,0.0
rq2b_cc_minus_global_m50_average_set_size,B_confirmatory,openml_24_mushroom,(pooled_3_pipelines),pooled_30_contrasts,0.0023589743589743565
rq2b_cc_minus_global_m50_average_set_size,B_confirmatory,openml_1486_nomao,logistic_regression,pooled_30_contrasts,0.016117800667343685
rq2b_cc_minus_global_m50_average_set_size,B_confirmatory,openml_1486_nomao,xgboost,pooled_30_contrasts,0.014478456405048579
rq2b_cc_minus_global_m50_average_set_size,B_confirmatory,openml_1486_nomao,tabpfn,pooled_30_contrasts,0.014623531118526023
rq2b_cc_minus_global_m50_average_set_size,B_confirmatory,openml_1486_nomao,(pooled_3_pipelines),pooled_30_contrasts,0.015073262730306096
rq2b_cc_minus_global_m50_average_set_size,B_confirmatory,openml_1489_phoneme,logistic_regression,pooled_30_contrasts,0.12654949121184092
rq2b_cc_minus_global_m50_average_set_size,B_confirmatory,openml_1489_phoneme,xgboost,pooled_30_contrasts,0.0388529139685476
rq2b_cc_minus_global_m50_average_set_size,B_confirmatory,openml_1489_phoneme,tabpfn,pooled_30_contrasts,0.045050878815911174
rq2b_cc_minus_global_m50_average_set_size,B_confirmatory,openml_1489_phoneme,(pooled_3_pipelines),pooled_30_contrasts,0.07015109466543322
rq2b_cc_minus_global_m50_average_set_size,B_confirmatory,openml_1590_adult,logistic_regression,pooled_30_contrasts,0.11061521138294603
rq2b_cc_minus_global_m50_average_set_size,B_confirmatory,openml_1590_adult,xgboost,pooled_30_contrasts,0.09970314259391957
rq2b_cc_minus_global_m50_average_set_size,B_confirmatory,openml_1590_adult,tabpfn,pooled_30_contrasts,0.09969290613164092
rq2b_cc_minus_global_m50_average_set_size,B_confirmatory,openml_1590_adult,(pooled_3_pipelines),pooled_30_contrasts,0.10333708670283553
rq2b_cc_minus_global_m50_average_set_size,B_confirmatory,openml_4534_phishingwebsite,logistic_regression,pooled_30_contrasts,0.021121664405246498
rq2b_cc_minus_global_m50_average_set_size,B_confirmatory,openml_4534_phishingwebsite,xgboost,pooled_30_contrasts,0.011442786069651722
rq2b_cc_minus_global_m50_average_set_size,B_confirmatory,openml_4534_phishingwebsite,tabpfn,pooled_30_contrasts,0.012528267752148348
rq2b_cc_minus_global_m50_average_set_size,B_confirmatory,openml_4534_phishingwebsite,(pooled_3_pipelines),pooled_30_contrasts,0.01503090607568219
rq2b_cc_minus_global_m50_average_set_size,B_confirmatory,openml_23512_higgs,logistic_regression,pooled_30_contrasts,0.08989291177970422
rq2b_cc_minus_global_m50_average_set_size,B_confirmatory,openml_23512_higgs,xgboost,pooled_30_contrasts,0.04357470678225395
rq2b_cc_minus_global_m50_average_set_size,B_confirmatory,openml_23512_higgs,tabpfn,pooled_30_contrasts,0.06348801631820504
rq2b_cc_minus_global_m50_average_set_size,B_confirmatory,openml_23512_higgs,(pooled_3_pipelines),pooled_30_contrasts,0.06565187829338774
rq2b_cc_minus_global_m50_average_set_size,B_confirmatory,openml_23517_numerai28_6,logistic_regression,pooled_30_contrasts,0.04549937707641201
rq2b_cc_minus_global_m50_average_set_size,B_confirmatory,openml_23517_numerai28_6,xgboost,pooled_30_contrasts,0.006888496677740807
rq2b_cc_minus_global_m50_average_set_size,B_confirmatory,openml_23517_numerai28_6,tabpfn,pooled_30_contrasts,0.03984115448504984
rq2b_cc_minus_global_m50_average_set_size,B_confirmatory,openml_23517_numerai28_6,(pooled_3_pipelines),pooled_30_contrasts,0.03074300941306755
rq2b_cc_minus_global_m100_coverage_minority,B_confirmatory,openml_3_kr_vs_kp,logistic_regression,pooled_30_contrasts,0.013398692810457524
rq2b_cc_minus_global_m100_coverage_minority,B_confirmatory,openml_3_kr_vs_kp,xgboost,pooled_30_contrasts,-0.00326797385620915
rq2b_cc_minus_global_m100_coverage_minority,B_confirmatory,openml_3_kr_vs_kp,tabpfn,pooled_30_contrasts,-0.002941176470588236
rq2b_cc_minus_global_m100_coverage_minority,B_confirmatory,openml_3_kr_vs_kp,(pooled_3_pipelines),pooled_30_contrasts,0.002396514161220046
rq2b_cc_minus_global_m100_coverage_minority,B_confirmatory,openml_24_mushroom,logistic_regression,pooled_30_contrasts,-0.019667943805874843
rq2b_cc_minus_global_m100_coverage_minority,B_confirmatory,openml_24_mushroom,xgboost,pooled_30_contrasts,0.02324393358876118
rq2b_cc_minus_global_m100_coverage_minority,B_confirmatory,openml_24_mushroom,tabpfn,pooled_30_contrasts,0.0
rq2b_cc_minus_global_m100_coverage_minority,B_confirmatory,openml_24_mushroom,(pooled_3_pipelines),pooled_30_contrasts,0.001191996594295445
rq2b_cc_minus_global_m100_coverage_minority,B_confirmatory,openml_1486_nomao,logistic_regression,pooled_30_contrasts,0.053682072117826295
rq2b_cc_minus_global_m100_coverage_minority,B_confirmatory,openml_1486_nomao,xgboost,pooled_30_contrasts,0.057745048247841525
rq2b_cc_minus_global_m100_coverage_minority,B_confirmatory,openml_1486_nomao,tabpfn,pooled_30_contrasts,0.0702386998476384
rq2b_cc_minus_global_m100_coverage_minority,B_confirmatory,openml_1486_nomao,(pooled_3_pipelines),pooled_30_contrasts,0.06055527340443542
rq2b_cc_minus_global_m100_coverage_minority,B_confirmatory,openml_1489_phoneme,logistic_regression,pooled_30_contrasts,0.1312302839116719
rq2b_cc_minus_global_m100_coverage_minority,B_confirmatory,openml_1489_phoneme,xgboost,pooled_30_contrasts,0.06656151419558361
rq2b_cc_minus_global_m100_coverage_minority,B_confirmatory,openml_1489_phoneme,tabpfn,pooled_30_contrasts,0.0747634069400631
rq2b_cc_minus_global_m100_coverage_minority,B_confirmatory,openml_1489_phoneme,(pooled_3_pipelines),pooled_30_contrasts,0.09085173501577286
rq2b_cc_minus_global_m100_coverage_minority,B_confirmatory,openml_1590_adult,logistic_regression,pooled_30_contrasts,0.1272455089820359
rq2b_cc_minus_global_m100_coverage_minority,B_confirmatory,openml_1590_adult,xgboost,pooled_30_contrasts,0.13845166809238668
rq2b_cc_minus_global_m100_coverage_minority,B_confirmatory,openml_1590_adult,tabpfn,pooled_30_contrasts,0.13785286569717703
rq2b_cc_minus_global_m100_coverage_minority,B_confirmatory,openml_1590_adult,(pooled_3_pipelines),pooled_30_contrasts,0.13451668092386654
rq2b_cc_minus_global_m100_coverage_minority,B_confirmatory,openml_4534_phishingwebsite,logistic_regression,pooled_30_contrasts,0.04877551020408165
rq2b_cc_minus_global_m100_coverage_minority,B_confirmatory,openml_4534_phishingwebsite,xgboost,pooled_30_contrasts,0.026020408163265275
rq2b_cc_minus_global_m100_coverage_minority,B_confirmatory,openml_4534_phishingwebsite,tabpfn,pooled_30_contrasts,0.027551020408163273
rq2b_cc_minus_global_m100_coverage_minority,B_confirmatory,openml_4534_phishingwebsite,(pooled_3_pipelines),pooled_30_contrasts,0.0341156462585034
rq2b_cc_minus_global_m100_coverage_minority,B_confirmatory,openml_23512_higgs,logistic_regression,pooled_30_contrasts,0.08002163331530557
rq2b_cc_minus_global_m100_coverage_minority,B_confirmatory,openml_23512_higgs,xgboost,pooled_30_contrasts,0.03189832341806381
rq2b_cc_minus_global_m100_coverage_minority,B_confirmatory,openml_23512_higgs,tabpfn,pooled_30_contrasts,0.03259058950784207
rq2b_cc_minus_global_m100_coverage_minority,B_confirmatory,openml_23512_higgs,(pooled_3_pipelines),pooled_30_contrasts,0.04817018208040382
rq2b_cc_minus_global_m100_coverage_minority,B_confirmatory,openml_23517_numerai28_6,logistic_regression,pooled_30_contrasts,0.038858581619806966
rq2b_cc_minus_global_m100_coverage_minority,B_confirmatory,openml_23517_numerai28_6,xgboost,pooled_30_contrasts,0.005371380612673083
rq2b_cc_minus_global_m100_coverage_minority,B_confirmatory,openml_23517_numerai28_6,tabpfn,pooled_30_contrasts,0.030654637012169538
rq2b_cc_minus_global_m100_coverage_minority,B_confirmatory,openml_23517_numerai28_6,(pooled_3_pipelines),pooled_30_contrasts,0.02496153308154986
rq2b_cc_minus_global_m100_coverage_majority,B_confirmatory,openml_3_kr_vs_kp,logistic_regression,pooled_30_contrasts,-0.010479041916167664
rq2b_cc_minus_global_m100_coverage_majority,B_confirmatory,openml_3_kr_vs_kp,xgboost,pooled_30_contrasts,0.0026946107784431295
rq2b_cc_minus_global_m100_coverage_majority,B_confirmatory,openml_3_kr_vs_kp,tabpfn,pooled_30_contrasts,-0.0017964071856287455
rq2b_cc_minus_global_m100_coverage_majority,B_confirmatory,openml_3_kr_vs_kp,(pooled_3_pipelines),pooled_30_contrasts,-0.0031936127744510933
rq2b_cc_minus_global_m100_coverage_majority,B_confirmatory,openml_24_mushroom,logistic_regression,pooled_30_contrasts,0.006888361045130642
rq2b_cc_minus_global_m100_coverage_majority,B_confirmatory,openml_24_mushroom,xgboost,pooled_30_contrasts,-0.008076009501187652
rq2b_cc_minus_global_m100_coverage_majority,B_confirmatory,openml_24_mushroom,tabpfn,pooled_30_contrasts,0.0
rq2b_cc_minus_global_m100_coverage_majority,B_confirmatory,openml_24_mushroom,(pooled_3_pipelines),pooled_30_contrasts,-0.0003958828186856704
rq2b_cc_minus_global_m100_coverage_majority,B_confirmatory,openml_1486_nomao,logistic_regression,pooled_30_contrasts,-0.024756295694557274
rq2b_cc_minus_global_m100_coverage_majority,B_confirmatory,openml_1486_nomao,xgboost,pooled_30_contrasts,-0.026909017059301397
rq2b_cc_minus_global_m100_coverage_majority,B_confirmatory,openml_1486_nomao,tabpfn,pooled_30_contrasts,-0.028432168968318426
rq2b_cc_minus_global_m100_coverage_majority,B_confirmatory,openml_1486_nomao,(pooled_3_pipelines),pooled_30_contrasts,-0.026699160574059033
rq2b_cc_minus_global_m100_coverage_majority,B_confirmatory,openml_1489_phoneme,logistic_regression,pooled_30_contrasts,-0.06204188481675391
rq2b_cc_minus_global_m100_coverage_majority,B_confirmatory,openml_1489_phoneme,xgboost,pooled_30_contrasts,-0.0362565445026178
rq2b_cc_minus_global_m100_coverage_majority,B_confirmatory,openml_1489_phoneme,tabpfn,pooled_30_contrasts,-0.031413612565445025
rq2b_cc_minus_global_m100_coverage_majority,B_confirmatory,openml_1489_phoneme,(pooled_3_pipelines),pooled_30_contrasts,-0.04323734729493891
rq2b_cc_minus_global_m100_coverage_majority,B_confirmatory,openml_1590_adult,logistic_regression,pooled_30_contrasts,-0.0673798950343157
rq2b_cc_minus_global_m100_coverage_majority,B_confirmatory,openml_1590_adult,xgboost,pooled_30_contrasts,-0.06610146682815232
rq2b_cc_minus_global_m100_coverage_majority,B_confirmatory,openml_1590_adult,tabpfn,pooled_30_contrasts,-0.06943883730318935
rq2b_cc_minus_global_m100_coverage_majority,B_confirmatory,openml_1590_adult,(pooled_3_pipelines),pooled_30_contrasts,-0.06764006638855245
rq2b_cc_minus_global_m100_coverage_majority,B_confirmatory,openml_4534_phishingwebsite,logistic_regression,pooled_30_contrasts,-0.016896831844029247
rq2b_cc_minus_global_m100_coverage_majority,B_confirmatory,openml_4534_phishingwebsite,xgboost,pooled_30_contrasts,-0.010885458976441897
rq2b_cc_minus_global_m100_coverage_majority,B_confirmatory,openml_4534_phishingwebsite,tabpfn,pooled_30_contrasts,-0.00771730300568646
rq2b_cc_minus_global_m100_coverage_majority,B_confirmatory,openml_4534_phishingwebsite,(pooled_3_pipelines),pooled_30_contrasts,-0.011833197942052535
rq2b_cc_minus_global_m100_coverage_majority,B_confirmatory,openml_23512_higgs,logistic_regression,pooled_30_contrasts,-0.03736613603473225
rq2b_cc_minus_global_m100_coverage_majority,B_confirmatory,openml_23512_higgs,xgboost,pooled_30_contrasts,-0.015166425470332867
rq2b_cc_minus_global_m100_coverage_majority,B_confirmatory,openml_23512_higgs,tabpfn,pooled_30_contrasts,-0.011500241196333815
rq2b_cc_minus_global_m100_coverage_majority,B_confirmatory,openml_23512_higgs,(pooled_3_pipelines),pooled_30_contrasts,-0.02134426756713298
rq2b_cc_minus_global_m100_coverage_majority,B_confirmatory,openml_23517_numerai28_6,logistic_regression,pooled_30_contrasts,-0.020653514180024667
rq2b_cc_minus_global_m100_coverage_majority,B_confirmatory,openml_23517_numerai28_6,xgboost,pooled_30_contrasts,-0.0006370735717221466
rq2b_cc_minus_global_m100_coverage_majority,B_confirmatory,openml_23517_numerai28_6,tabpfn,pooled_30_contrasts,-0.015937114673242925
rq2b_cc_minus_global_m100_coverage_majority,B_confirmatory,openml_23517_numerai28_6,(pooled_3_pipelines),pooled_30_contrasts,-0.012409234141663247
rq2b_cc_minus_global_m100_coverage_disparity,B_confirmatory,openml_3_kr_vs_kp,logistic_regression,pooled_30_contrasts,-0.007999686900708392
rq2b_cc_minus_global_m100_coverage_disparity,B_confirmatory,openml_3_kr_vs_kp,xgboost,pooled_30_contrasts,0.017805565339908392
rq2b_cc_minus_global_m100_coverage_disparity,B_confirmatory,openml_3_kr_vs_kp,tabpfn,pooled_30_contrasts,0.00536378223944266
rq2b_cc_minus_global_m100_coverage_disparity,B_confirmatory,openml_3_kr_vs_kp,(pooled_3_pipelines),pooled_30_contrasts,0.005056553559547553
rq2b_cc_minus_global_m100_coverage_disparity,B_confirmatory,openml_24_mushroom,logistic_regression,pooled_30_contrasts,0.019025733900007013
rq2b_cc_minus_global_m100_coverage_disparity,B_confirmatory,openml_24_mushroom,xgboost,pooled_30_contrasts,-0.023978061114599748
rq2b_cc_minus_global_m100_coverage_disparity,B_confirmatory,openml_24_mushroom,tabpfn,pooled_30_contrasts,0.0
rq2b_cc_minus_global_m100_coverage_disparity,B_confirmatory,openml_24_mushroom,(pooled_3_pipelines),pooled_30_contrasts,-0.0016507757381975777
rq2b_cc_minus_global_m100_coverage_disparity,B_confirmatory,openml_1486_nomao,logistic_regression,pooled_30_contrasts,-0.06566394261335012
rq2b_cc_minus_global_m100_coverage_disparity,B_confirmatory,openml_1486_nomao,xgboost,pooled_30_contrasts,-0.07041766181664706
rq2b_cc_minus_global_m100_coverage_disparity,B_confirmatory,openml_1486_nomao,tabpfn,pooled_30_contrasts,-0.08981097754430059
rq2b_cc_minus_global_m100_coverage_disparity,B_confirmatory,openml_1486_nomao,(pooled_3_pipelines),pooled_30_contrasts,-0.0752975273247659
rq2b_cc_minus_global_m100_coverage_disparity,B_confirmatory,openml_1489_phoneme,logistic_regression,pooled_30_contrasts,-0.15805489949956225
rq2b_cc_minus_global_m100_coverage_disparity,B_confirmatory,openml_1489_phoneme,xgboost,pooled_30_contrasts,-0.06977761078170677
rq2b_cc_minus_global_m100_coverage_disparity,B_confirmatory,openml_1489_phoneme,tabpfn,pooled_30_contrasts,-0.07259979850364182
rq2b_cc_minus_global_m100_coverage_disparity,B_confirmatory,openml_1489_phoneme,(pooled_3_pipelines),pooled_30_contrasts,-0.10014410292830361
rq2b_cc_minus_global_m100_coverage_disparity,B_confirmatory,openml_1590_adult,logistic_regression,pooled_30_contrasts,-0.18373765762206484
rq2b_cc_minus_global_m100_coverage_disparity,B_confirmatory,openml_1590_adult,xgboost,pooled_30_contrasts,-0.18468200573304056
rq2b_cc_minus_global_m100_coverage_disparity,B_confirmatory,openml_1590_adult,tabpfn,pooled_30_contrasts,-0.18137156104769528
rq2b_cc_minus_global_m100_coverage_disparity,B_confirmatory,openml_1590_adult,(pooled_3_pipelines),pooled_30_contrasts,-0.18326374146760022
rq2b_cc_minus_global_m100_coverage_disparity,B_confirmatory,openml_4534_phishingwebsite,logistic_regression,pooled_30_contrasts,-0.026857872312206776
rq2b_cc_minus_global_m100_coverage_disparity,B_confirmatory,openml_4534_phishingwebsite,xgboost,pooled_30_contrasts,-0.017213564548483874
rq2b_cc_minus_global_m100_coverage_disparity,B_confirmatory,openml_4534_phishingwebsite,tabpfn,pooled_30_contrasts,-0.009721315008537967
rq2b_cc_minus_global_m100_coverage_disparity,B_confirmatory,openml_4534_phishingwebsite,(pooled_3_pipelines),pooled_30_contrasts,-0.017930917289742873
rq2b_cc_minus_global_m100_coverage_disparity,B_confirmatory,openml_23512_higgs,logistic_regression,pooled_30_contrasts,-0.0889156026764575
rq2b_cc_minus_global_m100_coverage_disparity,B_confirmatory,openml_23512_higgs,xgboost,pooled_30_contrasts,-0.017651517345394975
rq2b_cc_minus_global_m100_coverage_disparity,B_confirmatory,openml_23512_higgs,tabpfn,pooled_30_contrasts,-0.01072902341965526
rq2b_cc_minus_global_m100_coverage_disparity,B_confirmatory,openml_23512_higgs,(pooled_3_pipelines),pooled_30_contrasts,-0.03909871448050259
rq2b_cc_minus_global_m100_coverage_disparity,B_confirmatory,openml_23517_numerai28_6,logistic_regression,pooled_30_contrasts,-0.02923372829083386
rq2b_cc_minus_global_m100_coverage_disparity,B_confirmatory,openml_23517_numerai28_6,xgboost,pooled_30_contrasts,0.009757411338948885
rq2b_cc_minus_global_m100_coverage_disparity,B_confirmatory,openml_23517_numerai28_6,tabpfn,pooled_30_contrasts,-0.026744710399857607
rq2b_cc_minus_global_m100_coverage_disparity,B_confirmatory,openml_23517_numerai28_6,(pooled_3_pipelines),pooled_30_contrasts,-0.015407009117247527
rq2b_cc_minus_global_m100_singleton_rate,B_confirmatory,openml_3_kr_vs_kp,logistic_regression,pooled_30_contrasts,0.0014062499999999757
rq2b_cc_minus_global_m100_singleton_rate,B_confirmatory,openml_3_kr_vs_kp,xgboost,pooled_30_contrasts,-0.00031250000000000445
rq2b_cc_minus_global_m100_singleton_rate,B_confirmatory,openml_3_kr_vs_kp,tabpfn,pooled_30_contrasts,-0.0025000000000000022
rq2b_cc_minus_global_m100_singleton_rate,B_confirmatory,openml_3_kr_vs_kp,(pooled_3_pipelines),pooled_30_contrasts,-0.00046875000000001034
rq2b_cc_minus_global_m100_singleton_rate,B_confirmatory,openml_24_mushroom,logistic_regression,pooled_30_contrasts,-0.005907692307692292
rq2b_cc_minus_global_m100_singleton_rate,B_confirmatory,openml_24_mushroom,xgboost,pooled_30_contrasts,0.007015384615384601
rq2b_cc_minus_global_m100_singleton_rate,B_confirmatory,openml_24_mushroom,tabpfn,pooled_30_contrasts,0.0
rq2b_cc_minus_global_m100_singleton_rate,B_confirmatory,openml_24_mushroom,(pooled_3_pipelines),pooled_30_contrasts,0.00036923076923076986
rq2b_cc_minus_global_m100_singleton_rate,B_confirmatory,openml_1486_nomao,logistic_regression,pooled_30_contrasts,0.0017844189757725171
rq2b_cc_minus_global_m100_singleton_rate,B_confirmatory,openml_1486_nomao,xgboost,pooled_30_contrasts,-0.0007688959814304175
rq2b_cc_minus_global_m100_singleton_rate,B_confirmatory,openml_1486_nomao,tabpfn,pooled_30_contrasts,0.0021471057594661057
rq2b_cc_minus_global_m100_singleton_rate,B_confirmatory,openml_1486_nomao,(pooled_3_pipelines),pooled_30_contrasts,0.001054209584602735
rq2b_cc_minus_global_m100_singleton_rate,B_confirmatory,openml_1489_phoneme,logistic_regression,pooled_30_contrasts,-0.04828862164662349
rq2b_cc_minus_global_m100_singleton_rate,B_confirmatory,openml_1489_phoneme,xgboost,pooled_30_contrasts,-0.006567992599444949
rq2b_cc_minus_global_m100_singleton_rate,B_confirmatory,openml_1489_phoneme,tabpfn,pooled_30_contrasts,0.004717853839037933
rq2b_cc_minus_global_m100_singleton_rate,B_confirmatory,openml_1489_phoneme,(pooled_3_pipelines),pooled_30_contrasts,-0.016712920135676834
rq2b_cc_minus_global_m100_singleton_rate,B_confirmatory,openml_1590_adult,logistic_regression,pooled_30_contrasts,-0.005077285290203714
rq2b_cc_minus_global_m100_singleton_rate,B_confirmatory,openml_1590_adult,xgboost,pooled_30_contrasts,-0.022325724229706245
rq2b_cc_minus_global_m100_singleton_rate,B_confirmatory,openml_1590_adult,tabpfn,pooled_30_contrasts,-0.017893336063056597
rq2b_cc_minus_global_m100_singleton_rate,B_confirmatory,openml_1590_adult,(pooled_3_pipelines),pooled_30_contrasts,-0.015098781860988852
rq2b_cc_minus_global_m100_singleton_rate,B_confirmatory,openml_4534_phishingwebsite,logistic_regression,pooled_30_contrasts,0.0223428312980552
rq2b_cc_minus_global_m100_singleton_rate,B_confirmatory,openml_4534_phishingwebsite,xgboost,pooled_30_contrasts,0.005924920850293991
rq2b_cc_minus_global_m100_singleton_rate,B_confirmatory,openml_4534_phishingwebsite,tabpfn,pooled_30_contrasts,0.008231569425599295
rq2b_cc_minus_global_m100_singleton_rate,B_confirmatory,openml_4534_phishingwebsite,(pooled_3_pipelines),pooled_30_contrasts,0.012166440524649495
rq2b_cc_minus_global_m100_singleton_rate,B_confirmatory,openml_23512_higgs,logistic_regression,pooled_30_contrasts,-0.06019377868434471
rq2b_cc_minus_global_m100_singleton_rate,B_confirmatory,openml_23512_higgs,xgboost,pooled_30_contrasts,-0.026817950025497205
rq2b_cc_minus_global_m100_singleton_rate,B_confirmatory,openml_23512_higgs,tabpfn,pooled_30_contrasts,-0.03327383987761344
rq2b_cc_minus_global_m100_singleton_rate,B_confirmatory,openml_23512_higgs,(pooled_3_pipelines),pooled_30_contrasts,-0.040095189529151774
rq2b_cc_minus_global_m100_singleton_rate,B_confirmatory,openml_23517_numerai28_6,logistic_regression,pooled_30_contrasts,-0.018682516611295677
rq2b_cc_minus_global_m100_singleton_rate,B_confirmatory,openml_23517_numerai28_6,xgboost,pooled_30_contrasts,-0.004863995016611294
rq2b_cc_minus_global_m100_singleton_rate,B_confirmatory,openml_23517_numerai28_6,tabpfn,pooled_30_contrasts,-0.014695805647840529
rq2b_cc_minus_global_m100_singleton_rate,B_confirmatory,openml_23517_numerai28_6,(pooled_3_pipelines),pooled_30_contrasts,-0.012747439091915834
rq2b_cc_minus_global_m100_average_set_size,B_confirmatory,openml_3_kr_vs_kp,logistic_regression,pooled_30_contrasts,0.0014062499999999757
rq2b_cc_minus_global_m100_average_set_size,B_confirmatory,openml_3_kr_vs_kp,xgboost,pooled_30_contrasts,-0.00031250000000000445
rq2b_cc_minus_global_m100_average_set_size,B_confirmatory,openml_3_kr_vs_kp,tabpfn,pooled_30_contrasts,-0.0025000000000000022
rq2b_cc_minus_global_m100_average_set_size,B_confirmatory,openml_3_kr_vs_kp,(pooled_3_pipelines),pooled_30_contrasts,-0.00046875000000001034
rq2b_cc_minus_global_m100_average_set_size,B_confirmatory,openml_24_mushroom,logistic_regression,pooled_30_contrasts,-0.005907692307692292
rq2b_cc_minus_global_m100_average_set_size,B_confirmatory,openml_24_mushroom,xgboost,pooled_30_contrasts,0.007015384615384601
rq2b_cc_minus_global_m100_average_set_size,B_confirmatory,openml_24_mushroom,tabpfn,pooled_30_contrasts,0.0
rq2b_cc_minus_global_m100_average_set_size,B_confirmatory,openml_24_mushroom,(pooled_3_pipelines),pooled_30_contrasts,0.00036923076923076986
rq2b_cc_minus_global_m100_average_set_size,B_confirmatory,openml_1486_nomao,logistic_regression,pooled_30_contrasts,0.0017844189757725171
rq2b_cc_minus_global_m100_average_set_size,B_confirmatory,openml_1486_nomao,xgboost,pooled_30_contrasts,-0.0007688959814304175
rq2b_cc_minus_global_m100_average_set_size,B_confirmatory,openml_1486_nomao,tabpfn,pooled_30_contrasts,0.0021471057594661057
rq2b_cc_minus_global_m100_average_set_size,B_confirmatory,openml_1486_nomao,(pooled_3_pipelines),pooled_30_contrasts,0.001054209584602735
rq2b_cc_minus_global_m100_average_set_size,B_confirmatory,openml_1489_phoneme,logistic_regression,pooled_30_contrasts,0.04828862164662349
rq2b_cc_minus_global_m100_average_set_size,B_confirmatory,openml_1489_phoneme,xgboost,pooled_30_contrasts,0.008788159111933402
rq2b_cc_minus_global_m100_average_set_size,B_confirmatory,openml_1489_phoneme,tabpfn,pooled_30_contrasts,0.009713228492136928
rq2b_cc_minus_global_m100_average_set_size,B_confirmatory,openml_1489_phoneme,(pooled_3_pipelines),pooled_30_contrasts,0.022263336416897938
rq2b_cc_minus_global_m100_average_set_size,B_confirmatory,openml_1590_adult,logistic_regression,pooled_30_contrasts,0.005077285290203681
rq2b_cc_minus_global_m100_average_set_size,B_confirmatory,openml_1590_adult,xgboost,pooled_30_contrasts,0.022325724229706155
rq2b_cc_minus_global_m100_average_set_size,B_confirmatory,openml_1590_adult,tabpfn,pooled_30_contrasts,0.017893336063056632
rq2b_cc_minus_global_m100_average_set_size,B_confirmatory,openml_1590_adult,(pooled_3_pipelines),pooled_30_contrasts,0.015098781860988822
rq2b_cc_minus_global_m100_average_set_size,B_confirmatory,openml_4534_phishingwebsite,logistic_regression,pooled_30_contrasts,0.0223428312980552
rq2b_cc_minus_global_m100_average_set_size,B_confirmatory,openml_4534_phishingwebsite,xgboost,pooled_30_contrasts,0.005924920850293991
rq2b_cc_minus_global_m100_average_set_size,B_confirmatory,openml_4534_phishingwebsite,tabpfn,pooled_30_contrasts,0.008231569425599295
rq2b_cc_minus_global_m100_average_set_size,B_confirmatory,openml_4534_phishingwebsite,(pooled_3_pipelines),pooled_30_contrasts,0.012166440524649495
rq2b_cc_minus_global_m100_average_set_size,B_confirmatory,openml_23512_higgs,logistic_regression,pooled_30_contrasts,0.060193778684344744
rq2b_cc_minus_global_m100_average_set_size,B_confirmatory,openml_23512_higgs,xgboost,pooled_30_contrasts,0.026817950025497184
rq2b_cc_minus_global_m100_average_set_size,B_confirmatory,openml_23512_higgs,tabpfn,pooled_30_contrasts,0.033273839877613474
rq2b_cc_minus_global_m100_average_set_size,B_confirmatory,openml_23512_higgs,(pooled_3_pipelines),pooled_30_contrasts,0.0400951895291518
rq2b_cc_minus_global_m100_average_set_size,B_confirmatory,openml_23517_numerai28_6,logistic_regression,pooled_30_contrasts,0.018682516611295674
rq2b_cc_minus_global_m100_average_set_size,B_confirmatory,openml_23517_numerai28_6,xgboost,pooled_30_contrasts,0.0048639950166113445
rq2b_cc_minus_global_m100_average_set_size,B_confirmatory,openml_23517_numerai28_6,tabpfn,pooled_30_contrasts,0.014695805647840543
rq2b_cc_minus_global_m100_average_set_size,B_confirmatory,openml_23517_numerai28_6,(pooled_3_pipelines),pooled_30_contrasts,0.012747439091915854
rq3c_gl_m50_xgb_minus_lr_coverage_minority,C_exploratory,openml_3_kr_vs_kp,(pair_mean_over_10_seeds),pair_mean_over_10_seeds,0.016013071895424825
rq3c_gl_m50_xgb_minus_lr_coverage_minority,C_exploratory,openml_24_mushroom,(pair_mean_over_10_seeds),pair_mean_over_10_seeds,-0.04763729246487867
rq3c_gl_m50_xgb_minus_lr_coverage_minority,C_exploratory,openml_1486_nomao,(pair_mean_over_10_seeds),pair_mean_over_10_seeds,-0.00482478415439308
rq3c_gl_m50_xgb_minus_lr_coverage_minority,C_exploratory,openml_1489_phoneme,(pair_mean_over_10_seeds),pair_mean_over_10_seeds,0.09116719242902208
rq3c_gl_m50_xgb_minus_lr_coverage_minority,C_exploratory,openml_1590_adult,(pair_mean_over_10_seeds),pair_mean_over_10_seeds,0.011676646706586812
rq3c_gl_m50_xgb_minus_lr_coverage_minority,C_exploratory,openml_4534_phishingwebsite,(pair_mean_over_10_seeds),pair_mean_over_10_seeds,0.014489795918367354
rq3c_gl_m50_xgb_minus_lr_coverage_minority,C_exploratory,openml_23512_higgs,(pair_mean_over_10_seeds),pair_mean_over_10_seeds,0.06969172525689563
rq3c_gl_m50_xgb_minus_lr_coverage_minority,C_exploratory,openml_23517_numerai28_6,(pair_mean_over_10_seeds),pair_mean_over_10_seeds,0.03723248006714226
rq3c_gl_m50_xgb_minus_lr_coverage_majority,C_exploratory,openml_3_kr_vs_kp,(pair_mean_over_10_seeds),pair_mean_over_10_seeds,0.002694610778443118
rq3c_gl_m50_xgb_minus_lr_coverage_majority,C_exploratory,openml_24_mushroom,(pair_mean_over_10_seeds),pair_mean_over_10_seeds,0.012589073634204284
rq3c_gl_m50_xgb_minus_lr_coverage_majority,C_exploratory,openml_1486_nomao,(pair_mean_over_10_seeds),pair_mean_over_10_seeds,0.004488220958570255
rq3c_gl_m50_xgb_minus_lr_coverage_majority,C_exploratory,openml_1489_phoneme,(pair_mean_over_10_seeds),pair_mean_over_10_seeds,-0.01308900523560209
rq3c_gl_m50_xgb_minus_lr_coverage_majority,C_exploratory,openml_1590_adult,(pair_mean_over_10_seeds),pair_mean_over_10_seeds,-0.0016821423765307486
rq3c_gl_m50_xgb_minus_lr_coverage_majority,C_exploratory,openml_4534_phishingwebsite,(pair_mean_over_10_seeds),pair_mean_over_10_seeds,-0.009666937449228263
rq3c_gl_m50_xgb_minus_lr_coverage_majority,C_exploratory,openml_23512_higgs,(pair_mean_over_10_seeds),pair_mean_over_10_seeds,-0.01437530149541727
rq3c_gl_m50_xgb_minus_lr_coverage_majority,C_exploratory,openml_23517_numerai28_6,(pair_mean_over_10_seeds),pair_mean_over_10_seeds,0.0016132346896835293
rq3c_gl_m50_xgb_minus_lr_coverage_disparity,C_exploratory,openml_3_kr_vs_kp,(pair_mean_over_10_seeds),pair_mean_over_10_seeds,-0.012324370866110901
rq3c_gl_m50_xgb_minus_lr_coverage_disparity,C_exploratory,openml_24_mushroom,(pair_mean_over_10_seeds),pair_mean_over_10_seeds,0.04161835682844776
rq3c_gl_m50_xgb_minus_lr_coverage_disparity,C_exploratory,openml_1486_nomao,(pair_mean_over_10_seeds),pair_mean_over_10_seeds,0.009313005112963336
rq3c_gl_m50_xgb_minus_lr_coverage_disparity,C_exploratory,openml_1489_phoneme,(pair_mean_over_10_seeds),pair_mean_over_10_seeds,-0.10425619766462417
rq3c_gl_m50_xgb_minus_lr_coverage_disparity,C_exploratory,openml_1590_adult,(pair_mean_over_10_seeds),pair_mean_over_10_seeds,-0.01335878908311756
rq3c_gl_m50_xgb_minus_lr_coverage_disparity,C_exploratory,openml_4534_phishingwebsite,(pair_mean_over_10_seeds),pair_mean_over_10_seeds,-0.024156733367595617
rq3c_gl_m50_xgb_minus_lr_coverage_disparity,C_exploratory,openml_23512_higgs,(pair_mean_over_10_seeds),pair_mean_over_10_seeds,-0.0840670267523129
rq3c_gl_m50_xgb_minus_lr_coverage_disparity,C_exploratory,openml_23517_numerai28_6,(pair_mean_over_10_seeds),pair_mean_over_10_seeds,-0.03561924537745873
rq3c_gl_m50_xgb_minus_lr_singleton_rate,C_exploratory,openml_3_kr_vs_kp,(pair_mean_over_10_seeds),pair_mean_over_10_seeds,-0.0010937500000000044
rq3c_gl_m50_xgb_minus_lr_singleton_rate,C_exploratory,openml_24_mushroom,(pair_mean_over_10_seeds),pair_mean_over_10_seeds,-0.01643076923076926
rq3c_gl_m50_xgb_minus_lr_singleton_rate,C_exploratory,openml_1486_nomao,(pair_mean_over_10_seeds),pair_mean_over_10_seeds,-0.011286812708544891
rq3c_gl_m50_xgb_minus_lr_singleton_rate,C_exploratory,openml_1489_phoneme,(pair_mean_over_10_seeds),pair_mean_over_10_seeds,0.2369102682701203
rq3c_gl_m50_xgb_minus_lr_singleton_rate,C_exploratory,openml_1590_adult,(pair_mean_over_10_seeds),pair_mean_over_10_seeds,0.04944211280581429
rq3c_gl_m50_xgb_minus_lr_singleton_rate,C_exploratory,openml_4534_phishingwebsite,(pair_mean_over_10_seeds),pair_mean_over_10_seeds,-0.025915875169606493
rq3c_gl_m50_xgb_minus_lr_singleton_rate,C_exploratory,openml_23512_higgs,(pair_mean_over_10_seeds),pair_mean_over_10_seeds,0.1379245283018868
rq3c_gl_m50_xgb_minus_lr_singleton_rate,C_exploratory,openml_23517_numerai28_6,(pair_mean_over_10_seeds),pair_mean_over_10_seeds,-0.04931997508305649
rq3c_gl_m50_xgb_minus_lr_average_set_size,C_exploratory,openml_3_kr_vs_kp,(pair_mean_over_10_seeds),pair_mean_over_10_seeds,-0.0010937500000000044
rq3c_gl_m50_xgb_minus_lr_average_set_size,C_exploratory,openml_24_mushroom,(pair_mean_over_10_seeds),pair_mean_over_10_seeds,-0.01643076923076926
rq3c_gl_m50_xgb_minus_lr_average_set_size,C_exploratory,openml_1486_nomao,(pair_mean_over_10_seeds),pair_mean_over_10_seeds,-0.011286812708544891
rq3c_gl_m50_xgb_minus_lr_average_set_size,C_exploratory,openml_1489_phoneme,(pair_mean_over_10_seeds),pair_mean_over_10_seeds,-0.2642923219241443
rq3c_gl_m50_xgb_minus_lr_average_set_size,C_exploratory,openml_1590_adult,(pair_mean_over_10_seeds),pair_mean_over_10_seeds,-0.049708260825058914
rq3c_gl_m50_xgb_minus_lr_average_set_size,C_exploratory,openml_4534_phishingwebsite,(pair_mean_over_10_seeds),pair_mean_over_10_seeds,-0.025915875169606493
rq3c_gl_m50_xgb_minus_lr_average_set_size,C_exploratory,openml_23512_higgs,(pair_mean_over_10_seeds),pair_mean_over_10_seeds,-0.13792452830188678
rq3c_gl_m50_xgb_minus_lr_average_set_size,C_exploratory,openml_23517_numerai28_6,(pair_mean_over_10_seeds),pair_mean_over_10_seeds,0.04931997508305654
rq3c_gl_m50_xgb_minus_lr_empty_rate,C_exploratory,openml_3_kr_vs_kp,(pair_mean_over_10_seeds),pair_mean_over_10_seeds,0.0010937499999999997
rq3c_gl_m50_xgb_minus_lr_empty_rate,C_exploratory,openml_24_mushroom,(pair_mean_over_10_seeds),pair_mean_over_10_seeds,0.016430769230769228
rq3c_gl_m50_xgb_minus_lr_empty_rate,C_exploratory,openml_1486_nomao,(pair_mean_over_10_seeds),pair_mean_over_10_seeds,0.011286812708544902
rq3c_gl_m50_xgb_minus_lr_empty_rate,C_exploratory,openml_1489_phoneme,(pair_mean_over_10_seeds),pair_mean_over_10_seeds,0.013691026827012027
rq3c_gl_m50_xgb_minus_lr_empty_rate,C_exploratory,openml_1590_adult,(pair_mean_over_10_seeds),pair_mean_over_10_seeds,0.00013307400962227456
rq3c_gl_m50_xgb_minus_lr_empty_rate,C_exploratory,openml_4534_phishingwebsite,(pair_mean_over_10_seeds),pair_mean_over_10_seeds,0.02591587516960651
rq3c_gl_m50_xgb_minus_lr_empty_rate,C_exploratory,openml_23512_higgs,(pair_mean_over_10_seeds),pair_mean_over_10_seeds,0.0
rq3c_gl_m50_xgb_minus_lr_empty_rate,C_exploratory,openml_23517_numerai28_6,(pair_mean_over_10_seeds),pair_mean_over_10_seeds,0.0
rq3c_gl_m50_xgb_minus_lr_doubleton_rate,C_exploratory,openml_3_kr_vs_kp,(pair_mean_over_10_seeds),pair_mean_over_10_seeds,0.0
rq3c_gl_m50_xgb_minus_lr_doubleton_rate,C_exploratory,openml_24_mushroom,(pair_mean_over_10_seeds),pair_mean_over_10_seeds,0.0
rq3c_gl_m50_xgb_minus_lr_doubleton_rate,C_exploratory,openml_1486_nomao,(pair_mean_over_10_seeds),pair_mean_over_10_seeds,0.0
rq3c_gl_m50_xgb_minus_lr_doubleton_rate,C_exploratory,openml_1489_phoneme,(pair_mean_over_10_seeds),pair_mean_over_10_seeds,-0.25060129509713225
rq3c_gl_m50_xgb_minus_lr_doubleton_rate,C_exploratory,openml_1590_adult,(pair_mean_over_10_seeds),pair_mean_over_10_seeds,-0.04957518681543658
rq3c_gl_m50_xgb_minus_lr_doubleton_rate,C_exploratory,openml_4534_phishingwebsite,(pair_mean_over_10_seeds),pair_mean_over_10_seeds,0.0
rq3c_gl_m50_xgb_minus_lr_doubleton_rate,C_exploratory,openml_23512_higgs,(pair_mean_over_10_seeds),pair_mean_over_10_seeds,-0.1379245283018868
rq3c_gl_m50_xgb_minus_lr_doubleton_rate,C_exploratory,openml_23517_numerai28_6,(pair_mean_over_10_seeds),pair_mean_over_10_seeds,0.0493199750830565
rq3c_gl_m50_tabpfn_minus_lr_coverage_minority,C_exploratory,openml_3_kr_vs_kp,(pair_mean_over_10_seeds),pair_mean_over_10_seeds,0.01797385620915032
rq3c_gl_m50_tabpfn_minus_lr_coverage_minority,C_exploratory,openml_24_mushroom,(pair_mean_over_10_seeds),pair_mean_over_10_seeds,0.08646232439335887
rq3c_gl_m50_tabpfn_minus_lr_coverage_minority,C_exploratory,openml_1486_nomao,(pair_mean_over_10_seeds),pair_mean_over_10_seeds,-0.009598781107160993
rq3c_gl_m50_tabpfn_minus_lr_coverage_minority,C_exploratory,openml_1489_phoneme,(pair_mean_over_10_seeds),pair_mean_over_10_seeds,0.07602523659305993
rq3c_gl_m50_tabpfn_minus_lr_coverage_minority,C_exploratory,openml_1590_adult,(pair_mean_over_10_seeds),pair_mean_over_10_seeds,0.007741659538066725
rq3c_gl_m50_tabpfn_minus_lr_coverage_minority,C_exploratory,openml_4534_phishingwebsite,(pair_mean_over_10_seeds),pair_mean_over_10_seeds,0.009591836734693892
rq3c_gl_m50_tabpfn_minus_lr_coverage_minority,C_exploratory,openml_23512_higgs,(pair_mean_over_10_seeds),pair_mean_over_10_seeds,0.07540292049756625
rq3c_gl_m50_tabpfn_minus_lr_coverage_minority,C_exploratory,openml_23517_numerai28_6,(pair_mean_over_10_seeds),pair_mean_over_10_seeds,0.006514897188417979
rq3c_gl_m50_tabpfn_minus_lr_coverage_majority,C_exploratory,openml_3_kr_vs_kp,(pair_mean_over_10_seeds),pair_mean_over_10_seeds,0.0008982035928143839
rq3c_gl_m50_tabpfn_minus_lr_coverage_majority,C_exploratory,openml_24_mushroom,(pair_mean_over_10_seeds),pair_mean_over_10_seeds,0.09572446555819478
rq3c_gl_m50_tabpfn_minus_lr_coverage_majority,C_exploratory,openml_1486_nomao,(pair_mean_over_10_seeds),pair_mean_over_10_seeds,0.00580828594638505
rq3c_gl_m50_tabpfn_minus_lr_coverage_majority,C_exploratory,openml_1489_phoneme,(pair_mean_over_10_seeds),pair_mean_over_10_seeds,-0.02041884816753927
rq3c_gl_m50_tabpfn_minus_lr_coverage_majority,C_exploratory,openml_1590_adult,(pair_mean_over_10_seeds),pair_mean_over_10_seeds,0.0009419997308572125
rq3c_gl_m50_tabpfn_minus_lr_coverage_majority,C_exploratory,openml_4534_phishingwebsite,(pair_mean_over_10_seeds),pair_mean_over_10_seeds,-0.017140536149471985
rq3c_gl_m50_tabpfn_minus_lr_coverage_majority,C_exploratory,openml_23512_higgs,(pair_mean_over_10_seeds),pair_mean_over_10_seeds,-0.011384466956102268
rq3c_gl_m50_tabpfn_minus_lr_coverage_majority,C_exploratory,openml_23517_numerai28_6,(pair_mean_over_10_seeds),pair_mean_over_10_seeds,0.0029284833538841147
rq3c_gl_m50_tabpfn_minus_lr_coverage_disparity,C_exploratory,openml_3_kr_vs_kp,(pair_mean_over_10_seeds),pair_mean_over_10_seeds,0.0026535164964189284
rq3c_gl_m50_tabpfn_minus_lr_coverage_disparity,C_exploratory,openml_24_mushroom,(pair_mean_over_10_seeds),pair_mean_over_10_seeds,-0.009126236565011225
rq3c_gl_m50_tabpfn_minus_lr_coverage_disparity,C_exploratory,openml_1486_nomao,(pair_mean_over_10_seeds),pair_mean_over_10_seeds,0.015407067053546043
rq3c_gl_m50_tabpfn_minus_lr_coverage_disparity,C_exploratory,openml_1489_phoneme,(pair_mean_over_10_seeds),pair_mean_over_10_seeds,-0.09644408476059921
rq3c_gl_m50_tabpfn_minus_lr_coverage_disparity,C_exploratory,openml_1590_adult,(pair_mean_over_10_seeds),pair_mean_over_10_seeds,-0.006799659807209512
rq3c_gl_m50_tabpfn_minus_lr_coverage_disparity,C_exploratory,openml_4534_phishingwebsite,(pair_mean_over_10_seeds),pair_mean_over_10_seeds,-0.026732372884165877
rq3c_gl_m50_tabpfn_minus_lr_coverage_disparity,C_exploratory,openml_23512_higgs,(pair_mean_over_10_seeds),pair_mean_over_10_seeds,-0.08678738745366851
rq3c_gl_m50_tabpfn_minus_lr_coverage_disparity,C_exploratory,openml_23517_numerai28_6,(pair_mean_over_10_seeds),pair_mean_over_10_seeds,-0.0035864138345338636
rq3c_gl_m50_tabpfn_minus_lr_singleton_rate,C_exploratory,openml_3_kr_vs_kp,(pair_mean_over_10_seeds),pair_mean_over_10_seeds,-0.0014062499999999978
rq3c_gl_m50_tabpfn_minus_lr_singleton_rate,C_exploratory,openml_24_mushroom,(pair_mean_over_10_seeds),pair_mean_over_10_seeds,0.09126153846153844
rq3c_gl_m50_tabpfn_minus_lr_singleton_rate,C_exploratory,openml_1486_nomao,(pair_mean_over_10_seeds),pair_mean_over_10_seeds,-0.012752067314667038
rq3c_gl_m50_tabpfn_minus_lr_singleton_rate,C_exploratory,openml_1489_phoneme,(pair_mean_over_10_seeds),pair_mean_over_10_seeds,0.2250693802035153
rq3c_gl_m50_tabpfn_minus_lr_singleton_rate,C_exploratory,openml_1590_adult,(pair_mean_over_10_seeds),pair_mean_over_10_seeds,0.017678370355205218
rq3c_gl_m50_tabpfn_minus_lr_singleton_rate,C_exploratory,openml_4534_phishingwebsite,(pair_mean_over_10_seeds),pair_mean_over_10_seeds,-0.0365445499773858
rq3c_gl_m50_tabpfn_minus_lr_singleton_rate,C_exploratory,openml_23512_higgs,(pair_mean_over_10_seeds),pair_mean_over_10_seeds,0.15832738398776133
rq3c_gl_m50_tabpfn_minus_lr_singleton_rate,C_exploratory,openml_23517_numerai28_6,(pair_mean_over_10_seeds),pair_mean_over_10_seeds,-0.00959821428571429
rq3c_gl_m50_tabpfn_minus_lr_average_set_size,C_exploratory,openml_3_kr_vs_kp,(pair_mean_over_10_seeds),pair_mean_over_10_seeds,-0.0014062499999999978
rq3c_gl_m50_tabpfn_minus_lr_average_set_size,C_exploratory,openml_24_mushroom,(pair_mean_over_10_seeds),pair_mean_over_10_seeds,0.09126153846153844
rq3c_gl_m50_tabpfn_minus_lr_average_set_size,C_exploratory,openml_1486_nomao,(pair_mean_over_10_seeds),pair_mean_over_10_seeds,-0.012752067314667038
rq3c_gl_m50_tabpfn_minus_lr_average_set_size,C_exploratory,openml_1489_phoneme,(pair_mean_over_10_seeds),pair_mean_over_10_seeds,-0.32701202590194267
rq3c_gl_m50_tabpfn_minus_lr_average_set_size,C_exploratory,openml_1590_adult,(pair_mean_over_10_seeds),pair_mean_over_10_seeds,-0.017678370355205274
rq3c_gl_m50_tabpfn_minus_lr_average_set_size,C_exploratory,openml_4534_phishingwebsite,(pair_mean_over_10_seeds),pair_mean_over_10_seeds,-0.0365445499773858
rq3c_gl_m50_tabpfn_minus_lr_average_set_size,C_exploratory,openml_23512_higgs,(pair_mean_over_10_seeds),pair_mean_over_10_seeds,-0.1583273839877614
rq3c_gl_m50_tabpfn_minus_lr_average_set_size,C_exploratory,openml_23517_numerai28_6,(pair_mean_over_10_seeds),pair_mean_over_10_seeds,0.009598214285714302
rq3c_gl_m50_tabpfn_minus_lr_empty_rate,C_exploratory,openml_3_kr_vs_kp,(pair_mean_over_10_seeds),pair_mean_over_10_seeds,0.0014062499999999984
rq3c_gl_m50_tabpfn_minus_lr_empty_rate,C_exploratory,openml_24_mushroom,(pair_mean_over_10_seeds),pair_mean_over_10_seeds,-0.09126153846153846
rq3c_gl_m50_tabpfn_minus_lr_empty_rate,C_exploratory,openml_1486_nomao,(pair_mean_over_10_seeds),pair_mean_over_10_seeds,0.012752067314667053
rq3c_gl_m50_tabpfn_minus_lr_empty_rate,C_exploratory,openml_1489_phoneme,(pair_mean_over_10_seeds),pair_mean_over_10_seeds,0.0509713228492137
rq3c_gl_m50_tabpfn_minus_lr_empty_rate,C_exploratory,openml_1590_adult,(pair_mean_over_10_seeds),pair_mean_over_10_seeds,0.0
rq3c_gl_m50_tabpfn_minus_lr_empty_rate,C_exploratory,openml_4534_phishingwebsite,(pair_mean_over_10_seeds),pair_mean_over_10_seeds,0.0365445499773858
rq3c_gl_m50_tabpfn_minus_lr_empty_rate,C_exploratory,openml_23512_higgs,(pair_mean_over_10_seeds),pair_mean_over_10_seeds,0.0
rq3c_gl_m50_tabpfn_minus_lr_empty_rate,C_exploratory,openml_23517_numerai28_6,(pair_mean_over_10_seeds),pair_mean_over_10_seeds,0.0
rq3c_gl_m50_tabpfn_minus_lr_doubleton_rate,C_exploratory,openml_3_kr_vs_kp,(pair_mean_over_10_seeds),pair_mean_over_10_seeds,0.0
rq3c_gl_m50_tabpfn_minus_lr_doubleton_rate,C_exploratory,openml_24_mushroom,(pair_mean_over_10_seeds),pair_mean_over_10_seeds,0.0
rq3c_gl_m50_tabpfn_minus_lr_doubleton_rate,C_exploratory,openml_1486_nomao,(pair_mean_over_10_seeds),pair_mean_over_10_seeds,0.0
rq3c_gl_m50_tabpfn_minus_lr_doubleton_rate,C_exploratory,openml_1489_phoneme,(pair_mean_over_10_seeds),pair_mean_over_10_seeds,-0.27604070305272893
rq3c_gl_m50_tabpfn_minus_lr_doubleton_rate,C_exploratory,openml_1590_adult,(pair_mean_over_10_seeds),pair_mean_over_10_seeds,-0.01767837035520524
rq3c_gl_m50_tabpfn_minus_lr_doubleton_rate,C_exploratory,openml_4534_phishingwebsite,(pair_mean_over_10_seeds),pair_mean_over_10_seeds,0.0
rq3c_gl_m50_tabpfn_minus_lr_doubleton_rate,C_exploratory,openml_23512_higgs,(pair_mean_over_10_seeds),pair_mean_over_10_seeds,-0.15832738398776133
rq3c_gl_m50_tabpfn_minus_lr_doubleton_rate,C_exploratory,openml_23517_numerai28_6,(pair_mean_over_10_seeds),pair_mean_over_10_seeds,0.009598214285714302
rq3c_gl_m50_tabpfn_minus_xgb_coverage_minority,C_exploratory,openml_3_kr_vs_kp,(pair_mean_over_10_seeds),pair_mean_over_10_seeds,0.0019607843137254945
rq3c_gl_m50_tabpfn_minus_xgb_coverage_minority,C_exploratory,openml_24_mushroom,(pair_mean_over_10_seeds),pair_mean_over_10_seeds,0.1340996168582375
rq3c_gl_m50_tabpfn_minus_xgb_coverage_minority,C_exploratory,openml_1486_nomao,(pair_mean_over_10_seeds),pair_mean_over_10_seeds,-0.004773996952767911
rq3c_gl_m50_tabpfn_minus_xgb_coverage_minority,C_exploratory,openml_1489_phoneme,(pair_mean_over_10_seeds),pair_mean_over_10_seeds,-0.01514195583596215
rq3c_gl_m50_tabpfn_minus_xgb_coverage_minority,C_exploratory,openml_1590_adult,(pair_mean_over_10_seeds),pair_mean_over_10_seeds,-0.003934987168520088
rq3c_gl_m50_tabpfn_minus_xgb_coverage_minority,C_exploratory,openml_4534_phishingwebsite,(pair_mean_over_10_seeds),pair_mean_over_10_seeds,-0.004897959183673461
rq3c_gl_m50_tabpfn_minus_xgb_coverage_minority,C_exploratory,openml_23512_higgs,(pair_mean_over_10_seeds),pair_mean_over_10_seeds,0.00571119524067063
rq3c_gl_m50_tabpfn_minus_xgb_coverage_minority,C_exploratory,openml_23517_numerai28_6,(pair_mean_over_10_seeds),pair_mean_over_10_seeds,-0.03071758287872428
rq3c_gl_m50_tabpfn_minus_xgb_coverage_majority,C_exploratory,openml_3_kr_vs_kp,(pair_mean_over_10_seeds),pair_mean_over_10_seeds,-0.0017964071856287345
rq3c_gl_m50_tabpfn_minus_xgb_coverage_majority,C_exploratory,openml_24_mushroom,(pair_mean_over_10_seeds),pair_mean_over_10_seeds,0.0831353919239905
rq3c_gl_m50_tabpfn_minus_xgb_coverage_majority,C_exploratory,openml_1486_nomao,(pair_mean_over_10_seeds),pair_mean_over_10_seeds,0.0013200649878147952
rq3c_gl_m50_tabpfn_minus_xgb_coverage_majority,C_exploratory,openml_1489_phoneme,(pair_mean_over_10_seeds),pair_mean_over_10_seeds,-0.007329842931937181
rq3c_gl_m50_tabpfn_minus_xgb_coverage_majority,C_exploratory,openml_1590_adult,(pair_mean_over_10_seeds),pair_mean_over_10_seeds,0.0026241421073879613
rq3c_gl_m50_tabpfn_minus_xgb_coverage_majority,C_exploratory,openml_4534_phishingwebsite,(pair_mean_over_10_seeds),pair_mean_over_10_seeds,-0.007473598700243722
rq3c_gl_m50_tabpfn_minus_xgb_coverage_majority,C_exploratory,openml_23512_higgs,(pair_mean_over_10_seeds),pair_mean_over_10_seeds,0.0029908345393150015
rq3c_gl_m50_tabpfn_minus_xgb_coverage_majority,C_exploratory,openml_23517_numerai28_6,(pair_mean_over_10_seeds),pair_mean_over_10_seeds,0.0013152486642005856
rq3c_gl_m50_tabpfn_minus_xgb_coverage_disparity,C_exploratory,openml_3_kr_vs_kp,(pair_mean_over_10_seeds),pair_mean_over_10_seeds,0.01497788736252983
rq3c_gl_m50_tabpfn_minus_xgb_coverage_disparity,C_exploratory,openml_24_mushroom,(pair_mean_over_10_seeds),pair_mean_over_10_seeds,-0.05074459339345898
rq3c_gl_m50_tabpfn_minus_xgb_coverage_disparity,C_exploratory,openml_1486_nomao,(pair_mean_over_10_seeds),pair_mean_over_10_seeds,0.006094061940582707
rq3c_gl_m50_tabpfn_minus_xgb_coverage_disparity,C_exploratory,openml_1489_phoneme,(pair_mean_over_10_seeds),pair_mean_over_10_seeds,0.007812112904024971
rq3c_gl_m50_tabpfn_minus_xgb_coverage_disparity,C_exploratory,openml_1590_adult,(pair_mean_over_10_seeds),pair_mean_over_10_seeds,0.0065591292759080485
rq3c_gl_m50_tabpfn_minus_xgb_coverage_disparity,C_exploratory,openml_4534_phishingwebsite,(pair_mean_over_10_seeds),pair_mean_over_10_seeds,-0.0025756395165702608
rq3c_gl_m50_tabpfn_minus_xgb_coverage_disparity,C_exploratory,openml_23512_higgs,(pair_mean_over_10_seeds),pair_mean_over_10_seeds,-0.0027203607013556287
rq3c_gl_m50_tabpfn_minus_xgb_coverage_disparity,C_exploratory,openml_23517_numerai28_6,(pair_mean_over_10_seeds),pair_mean_over_10_seeds,0.03203283154292487
rq3c_gl_m50_tabpfn_minus_xgb_singleton_rate,C_exploratory,openml_3_kr_vs_kp,(pair_mean_over_10_seeds),pair_mean_over_10_seeds,-0.00031249999999999334
rq3c_gl_m50_tabpfn_minus_xgb_singleton_rate,C_exploratory,openml_24_mushroom,(pair_mean_over_10_seeds),pair_mean_over_10_seeds,0.10769230769230771
rq3c_gl_m50_tabpfn_minus_xgb_singleton_rate,C_exploratory,openml_1486_nomao,(pair_mean_over_10_seeds),pair_mean_over_10_seeds,-0.001465254606122146
rq3c_gl_m50_tabpfn_minus_xgb_singleton_rate,C_exploratory,openml_1489_phoneme,(pair_mean_over_10_seeds),pair_mean_over_10_seeds,-0.011840888066605016
rq3c_gl_m50_tabpfn_minus_xgb_singleton_rate,C_exploratory,openml_1590_adult,(pair_mean_over_10_seeds),pair_mean_over_10_seeds,-0.03176374245060907
rq3c_gl_m50_tabpfn_minus_xgb_singleton_rate,C_exploratory,openml_4534_phishingwebsite,(pair_mean_over_10_seeds),pair_mean_over_10_seeds,-0.010628674807779303
rq3c_gl_m50_tabpfn_minus_xgb_singleton_rate,C_exploratory,openml_23512_higgs,(pair_mean_over_10_seeds),pair_mean_over_10_seeds,0.020402855685874542
rq3c_gl_m50_tabpfn_minus_xgb_singleton_rate,C_exploratory,openml_23517_numerai28_6,(pair_mean_over_10_seeds),pair_mean_over_10_seeds,0.0397217607973422
rq3c_gl_m50_tabpfn_minus_xgb_average_set_size,C_exploratory,openml_3_kr_vs_kp,(pair_mean_over_10_seeds),pair_mean_over_10_seeds,-0.00031249999999999334
rq3c_gl_m50_tabpfn_minus_xgb_average_set_size,C_exploratory,openml_24_mushroom,(pair_mean_over_10_seeds),pair_mean_over_10_seeds,0.10769230769230771
rq3c_gl_m50_tabpfn_minus_xgb_average_set_size,C_exploratory,openml_1486_nomao,(pair_mean_over_10_seeds),pair_mean_over_10_seeds,-0.001465254606122146
rq3c_gl_m50_tabpfn_minus_xgb_average_set_size,C_exploratory,openml_1489_phoneme,(pair_mean_over_10_seeds),pair_mean_over_10_seeds,-0.06271970397779836
rq3c_gl_m50_tabpfn_minus_xgb_average_set_size,C_exploratory,openml_1590_adult,(pair_mean_over_10_seeds),pair_mean_over_10_seeds,0.03202989046985364
rq3c_gl_m50_tabpfn_minus_xgb_average_set_size,C_exploratory,openml_4534_phishingwebsite,(pair_mean_over_10_seeds),pair_mean_over_10_seeds,-0.010628674807779303
rq3c_gl_m50_tabpfn_minus_xgb_average_set_size,C_exploratory,openml_23512_higgs,(pair_mean_over_10_seeds),pair_mean_over_10_seeds,-0.020402855685874587
rq3c_gl_m50_tabpfn_minus_xgb_average_set_size,C_exploratory,openml_23517_numerai28_6,(pair_mean_over_10_seeds),pair_mean_over_10_seeds,-0.03972176079734224
rq3c_gl_m50_tabpfn_minus_xgb_empty_rate,C_exploratory,openml_3_kr_vs_kp,(pair_mean_over_10_seeds),pair_mean_over_10_seeds,0.00031249999999999887
rq3c_gl_m50_tabpfn_minus_xgb_empty_rate,C_exploratory,openml_24_mushroom,(pair_mean_over_10_seeds),pair_mean_over_10_seeds,-0.10769230769230768
rq3c_gl_m50_tabpfn_minus_xgb_empty_rate,C_exploratory,openml_1486_nomao,(pair_mean_over_10_seeds),pair_mean_over_10_seeds,0.001465254606122151
rq3c_gl_m50_tabpfn_minus_xgb_empty_rate,C_exploratory,openml_1489_phoneme,(pair_mean_over_10_seeds),pair_mean_over_10_seeds,0.03728029602220167
rq3c_gl_m50_tabpfn_minus_xgb_empty_rate,C_exploratory,openml_1590_adult,(pair_mean_over_10_seeds),pair_mean_over_10_seeds,-0.00013307400962227456
rq3c_gl_m50_tabpfn_minus_xgb_empty_rate,C_exploratory,openml_4534_phishingwebsite,(pair_mean_over_10_seeds),pair_mean_over_10_seeds,0.010628674807779282
rq3c_gl_m50_tabpfn_minus_xgb_empty_rate,C_exploratory,openml_23512_higgs,(pair_mean_over_10_seeds),pair_mean_over_10_seeds,0.0
rq3c_gl_m50_tabpfn_minus_xgb_empty_rate,C_exploratory,openml_23517_numerai28_6,(pair_mean_over_10_seeds),pair_mean_over_10_seeds,0.0
rq3c_gl_m50_tabpfn_minus_xgb_doubleton_rate,C_exploratory,openml_3_kr_vs_kp,(pair_mean_over_10_seeds),pair_mean_over_10_seeds,0.0
rq3c_gl_m50_tabpfn_minus_xgb_doubleton_rate,C_exploratory,openml_24_mushroom,(pair_mean_over_10_seeds),pair_mean_over_10_seeds,0.0
rq3c_gl_m50_tabpfn_minus_xgb_doubleton_rate,C_exploratory,openml_1486_nomao,(pair_mean_over_10_seeds),pair_mean_over_10_seeds,0.0
rq3c_gl_m50_tabpfn_minus_xgb_doubleton_rate,C_exploratory,openml_1489_phoneme,(pair_mean_over_10_seeds),pair_mean_over_10_seeds,-0.025439407955596665
rq3c_gl_m50_tabpfn_minus_xgb_doubleton_rate,C_exploratory,openml_1590_adult,(pair_mean_over_10_seeds),pair_mean_over_10_seeds,0.03189681646023135
rq3c_gl_m50_tabpfn_minus_xgb_doubleton_rate,C_exploratory,openml_4534_phishingwebsite,(pair_mean_over_10_seeds),pair_mean_over_10_seeds,0.0
rq3c_gl_m50_tabpfn_minus_xgb_doubleton_rate,C_exploratory,openml_23512_higgs,(pair_mean_over_10_seeds),pair_mean_over_10_seeds,-0.02040285568587456
rq3c_gl_m50_tabpfn_minus_xgb_doubleton_rate,C_exploratory,openml_23517_numerai28_6,(pair_mean_over_10_seeds),pair_mean_over_10_seeds,-0.0397217607973422
rq3c_gl_m100_xgb_minus_lr_coverage_minority,C_exploratory,openml_3_kr_vs_kp,(pair_mean_over_10_seeds),pair_mean_over_10_seeds,0.016666666666666663
rq3c_gl_m100_xgb_minus_lr_coverage_minority,C_exploratory,openml_24_mushroom,(pair_mean_over_10_seeds),pair_mean_over_10_seeds,-0.04291187739463602
rq3c_gl_m100_xgb_minus_lr_coverage_minority,C_exploratory,openml_1486_nomao,(pair_mean_over_10_seeds),pair_mean_over_10_seeds,0.005485017775520551
rq3c_gl_m100_xgb_minus_lr_coverage_minority,C_exploratory,openml_1489_phoneme,(pair_mean_over_10_seeds),pair_mean_over_10_seeds,0.06340694006309147
rq3c_gl_m100_xgb_minus_lr_coverage_minority,C_exploratory,openml_1590_adult,(pair_mean_over_10_seeds),pair_mean_over_10_seeds,-0.005816937553464496
rq3c_gl_m100_xgb_minus_lr_coverage_minority,C_exploratory,openml_4534_phishingwebsite,(pair_mean_over_10_seeds),pair_mean_over_10_seeds,0.017448979591836767
rq3c_gl_m100_xgb_minus_lr_coverage_minority,C_exploratory,openml_23512_higgs,(pair_mean_over_10_seeds),pair_mean_over_10_seeds,0.05375878853434287
rq3c_gl_m100_xgb_minus_lr_coverage_minority,C_exploratory,openml_23517_numerai28_6,(pair_mean_over_10_seeds),pair_mean_over_10_seeds,0.018946705832983645
rq3c_gl_m100_xgb_minus_lr_coverage_majority,C_exploratory,openml_3_kr_vs_kp,(pair_mean_over_10_seeds),pair_mean_over_10_seeds,-0.002095808383233533
rq3c_gl_m100_xgb_minus_lr_coverage_majority,C_exploratory,openml_24_mushroom,(pair_mean_over_10_seeds),pair_mean_over_10_seeds,0.01650831353919241
rq3c_gl_m100_xgb_minus_lr_coverage_majority,C_exploratory,openml_1486_nomao,(pair_mean_over_10_seeds),pair_mean_over_10_seeds,0.0073923639317628135
rq3c_gl_m100_xgb_minus_lr_coverage_majority,C_exploratory,openml_1489_phoneme,(pair_mean_over_10_seeds),pair_mean_over_10_seeds,-0.01937172774869108
rq3c_gl_m100_xgb_minus_lr_coverage_majority,C_exploratory,openml_1590_adult,(pair_mean_over_10_seeds),pair_mean_over_10_seeds,-0.0027856277755349155
rq3c_gl_m100_xgb_minus_lr_coverage_majority,C_exploratory,openml_4534_phishingwebsite,(pair_mean_over_10_seeds),pair_mean_over_10_seeds,-0.006173842404549157
rq3c_gl_m100_xgb_minus_lr_coverage_majority,C_exploratory,openml_23512_higgs,(pair_mean_over_10_seeds),pair_mean_over_10_seeds,-0.018359864930053073
rq3c_gl_m100_xgb_minus_lr_coverage_majority,C_exploratory,openml_23517_numerai28_6,(pair_mean_over_10_seeds),pair_mean_over_10_seeds,-0.008816276202219475
rq3c_gl_m100_xgb_minus_lr_coverage_disparity,C_exploratory,openml_3_kr_vs_kp,(pair_mean_over_10_seeds),pair_mean_over_10_seeds,-0.01652381511486828
rq3c_gl_m100_xgb_minus_lr_coverage_disparity,C_exploratory,openml_24_mushroom,(pair_mean_over_10_seeds),pair_mean_over_10_seeds,0.03843051422296245
rq3c_gl_m100_xgb_minus_lr_coverage_disparity,C_exploratory,openml_1486_nomao,(pair_mean_over_10_seeds),pair_mean_over_10_seeds,0.0019073461562422623
rq3c_gl_m100_xgb_minus_lr_coverage_disparity,C_exploratory,openml_1489_phoneme,(pair_mean_over_10_seeds),pair_mean_over_10_seeds,-0.08277866781178256
rq3c_gl_m100_xgb_minus_lr_coverage_disparity,C_exploratory,openml_1590_adult,(pair_mean_over_10_seeds),pair_mean_over_10_seeds,0.0030313097779295804
rq3c_gl_m100_xgb_minus_lr_coverage_disparity,C_exploratory,openml_4534_phishingwebsite,(pair_mean_over_10_seeds),pair_mean_over_10_seeds,-0.023622821996385924
rq3c_gl_m100_xgb_minus_lr_coverage_disparity,C_exploratory,openml_23512_higgs,(pair_mean_over_10_seeds),pair_mean_over_10_seeds,-0.07211865346439594
rq3c_gl_m100_xgb_minus_lr_coverage_disparity,C_exploratory,openml_23517_numerai28_6,(pair_mean_over_10_seeds),pair_mean_over_10_seeds,-0.02776298203520312
rq3c_gl_m100_xgb_minus_lr_singleton_rate,C_exploratory,openml_3_kr_vs_kp,(pair_mean_over_10_seeds),pair_mean_over_10_seeds,-0.00296875000000002
rq3c_gl_m100_xgb_minus_lr_singleton_rate,C_exploratory,openml_24_mushroom,(pair_mean_over_10_seeds),pair_mean_over_10_seeds,-0.012123076923076926
rq3c_gl_m100_xgb_minus_lr_singleton_rate,C_exploratory,openml_1486_nomao,(pair_mean_over_10_seeds),pair_mean_over_10_seeds,-0.00863194545190774
rq3c_gl_m100_xgb_minus_lr_singleton_rate,C_exploratory,openml_1489_phoneme,(pair_mean_over_10_seeds),pair_mean_over_10_seeds,0.2993524514338575
rq3c_gl_m100_xgb_minus_lr_singleton_rate,C_exploratory,openml_1590_adult,(pair_mean_over_10_seeds),pair_mean_over_10_seeds,0.06952605179649915
rq3c_gl_m100_xgb_minus_lr_singleton_rate,C_exploratory,openml_4534_phishingwebsite,(pair_mean_over_10_seeds),pair_mean_over_10_seeds,-0.022026232473993657
rq3c_gl_m100_xgb_minus_lr_singleton_rate,C_exploratory,openml_23512_higgs,(pair_mean_over_10_seeds),pair_mean_over_10_seeds,0.16422233554309024
rq3c_gl_m100_xgb_minus_lr_singleton_rate,C_exploratory,openml_23517_numerai28_6,(pair_mean_over_10_seeds),pair_mean_over_10_seeds,-0.019502699335548174
rq3c_gl_m100_xgb_minus_lr_average_set_size,C_exploratory,openml_3_kr_vs_kp,(pair_mean_over_10_seeds),pair_mean_over_10_seeds,-0.00296875000000002
rq3c_gl_m100_xgb_minus_lr_average_set_size,C_exploratory,openml_24_mushroom,(pair_mean_over_10_seeds),pair_mean_over_10_seeds,-0.012123076923076926
rq3c_gl_m100_xgb_minus_lr_average_set_size,C_exploratory,openml_1486_nomao,(pair_mean_over_10_seeds),pair_mean_over_10_seeds,-0.00863194545190774
rq3c_gl_m100_xgb_minus_lr_average_set_size,C_exploratory,openml_1489_phoneme,(pair_mean_over_10_seeds),pair_mean_over_10_seeds,-0.3050878815911194
rq3c_gl_m100_xgb_minus_lr_average_set_size,C_exploratory,openml_1590_adult,(pair_mean_over_10_seeds),pair_mean_over_10_seeds,-0.06952605179649914
rq3c_gl_m100_xgb_minus_lr_average_set_size,C_exploratory,openml_4534_phishingwebsite,(pair_mean_over_10_seeds),pair_mean_over_10_seeds,-0.022026232473993657
rq3c_gl_m100_xgb_minus_lr_average_set_size,C_exploratory,openml_23512_higgs,(pair_mean_over_10_seeds),pair_mean_over_10_seeds,-0.16422233554309024
rq3c_gl_m100_xgb_minus_lr_average_set_size,C_exploratory,openml_23517_numerai28_6,(pair_mean_over_10_seeds),pair_mean_over_10_seeds,0.019502699335548178
rq3c_gl_m100_xgb_minus_lr_empty_rate,C_exploratory,openml_3_kr_vs_kp,(pair_mean_over_10_seeds),pair_mean_over_10_seeds,0.002968749999999999
rq3c_gl_m100_xgb_minus_lr_empty_rate,C_exploratory,openml_24_mushroom,(pair_mean_over_10_seeds),pair_mean_over_10_seeds,0.01212307692307692
rq3c_gl_m100_xgb_minus_lr_empty_rate,C_exploratory,openml_1486_nomao,(pair_mean_over_10_seeds),pair_mean_over_10_seeds,0.008631945451907732
rq3c_gl_m100_xgb_minus_lr_empty_rate,C_exploratory,openml_1489_phoneme,(pair_mean_over_10_seeds),pair_mean_over_10_seeds,0.0028677150786308976
rq3c_gl_m100_xgb_minus_lr_empty_rate,C_exploratory,openml_1590_adult,(pair_mean_over_10_seeds),pair_mean_over_10_seeds,0.0
rq3c_gl_m100_xgb_minus_lr_empty_rate,C_exploratory,openml_4534_phishingwebsite,(pair_mean_over_10_seeds),pair_mean_over_10_seeds,0.022026232473993667
rq3c_gl_m100_xgb_minus_lr_empty_rate,C_exploratory,openml_23512_higgs,(pair_mean_over_10_seeds),pair_mean_over_10_seeds,0.0
rq3c_gl_m100_xgb_minus_lr_empty_rate,C_exploratory,openml_23517_numerai28_6,(pair_mean_over_10_seeds),pair_mean_over_10_seeds,0.0
rq3c_gl_m100_xgb_minus_lr_doubleton_rate,C_exploratory,openml_3_kr_vs_kp,(pair_mean_over_10_seeds),pair_mean_over_10_seeds,0.0
rq3c_gl_m100_xgb_minus_lr_doubleton_rate,C_exploratory,openml_24_mushroom,(pair_mean_over_10_seeds),pair_mean_over_10_seeds,0.0
rq3c_gl_m100_xgb_minus_lr_doubleton_rate,C_exploratory,openml_1486_nomao,(pair_mean_over_10_seeds),pair_mean_over_10_seeds,0.0
rq3c_gl_m100_xgb_minus_lr_doubleton_rate,C_exploratory,openml_1489_phoneme,(pair_mean_over_10_seeds),pair_mean_over_10_seeds,-0.30222016651248845
rq3c_gl_m100_xgb_minus_lr_doubleton_rate,C_exploratory,openml_1590_adult,(pair_mean_over_10_seeds),pair_mean_over_10_seeds,-0.06952605179649912
rq3c_gl_m100_xgb_minus_lr_doubleton_rate,C_exploratory,openml_4534_phishingwebsite,(pair_mean_over_10_seeds),pair_mean_over_10_seeds,0.0
rq3c_gl_m100_xgb_minus_lr_doubleton_rate,C_exploratory,openml_23512_higgs,(pair_mean_over_10_seeds),pair_mean_over_10_seeds,-0.16422233554309026
rq3c_gl_m100_xgb_minus_lr_doubleton_rate,C_exploratory,openml_23517_numerai28_6,(pair_mean_over_10_seeds),pair_mean_over_10_seeds,0.019502699335548178
rq3c_gl_m100_tabpfn_minus_lr_coverage_minority,C_exploratory,openml_3_kr_vs_kp,(pair_mean_over_10_seeds),pair_mean_over_10_seeds,0.021241830065359478
rq3c_gl_m100_tabpfn_minus_lr_coverage_minority,C_exploratory,openml_24_mushroom,(pair_mean_over_10_seeds),pair_mean_over_10_seeds,0.08850574712643677
rq3c_gl_m100_tabpfn_minus_lr_coverage_minority,C_exploratory,openml_1486_nomao,(pair_mean_over_10_seeds),pair_mean_over_10_seeds,-0.0070086338242763
rq3c_gl_m100_tabpfn_minus_lr_coverage_minority,C_exploratory,openml_1489_phoneme,(pair_mean_over_10_seeds),pair_mean_over_10_seeds,0.056151419558359596
rq3c_gl_m100_tabpfn_minus_lr_coverage_minority,C_exploratory,openml_1590_adult,(pair_mean_over_10_seeds),pair_mean_over_10_seeds,-0.00038494439692043914
rq3c_gl_m100_tabpfn_minus_lr_coverage_minority,C_exploratory,openml_4534_phishingwebsite,(pair_mean_over_10_seeds),pair_mean_over_10_seeds,0.01061224489795919
rq3c_gl_m100_tabpfn_minus_lr_coverage_minority,C_exploratory,openml_23512_higgs,(pair_mean_over_10_seeds),pair_mean_over_10_seeds,0.06055164954029205
rq3c_gl_m100_tabpfn_minus_lr_coverage_minority,C_exploratory,openml_23517_numerai28_6,(pair_mean_over_10_seeds),pair_mean_over_10_seeds,0.0033571128829206877
rq3c_gl_m100_tabpfn_minus_lr_coverage_majority,C_exploratory,openml_3_kr_vs_kp,(pair_mean_over_10_seeds),pair_mean_over_10_seeds,-0.002395209580838309
rq3c_gl_m100_tabpfn_minus_lr_coverage_majority,C_exploratory,openml_24_mushroom,(pair_mean_over_10_seeds),pair_mean_over_10_seeds,0.09821852731591449
rq3c_gl_m100_tabpfn_minus_lr_coverage_majority,C_exploratory,openml_1486_nomao,(pair_mean_over_10_seeds),pair_mean_over_10_seeds,0.006295694557270515
rq3c_gl_m100_tabpfn_minus_lr_coverage_majority,C_exploratory,openml_1489_phoneme,(pair_mean_over_10_seeds),pair_mean_over_10_seeds,-0.024345549738219906
rq3c_gl_m100_tabpfn_minus_lr_coverage_majority,C_exploratory,openml_1590_adult,(pair_mean_over_10_seeds),pair_mean_over_10_seeds,-0.0005786569775265704
rq3c_gl_m100_tabpfn_minus_lr_coverage_majority,C_exploratory,openml_4534_phishingwebsite,(pair_mean_over_10_seeds),pair_mean_over_10_seeds,-0.013972380178716482
rq3c_gl_m100_tabpfn_minus_lr_coverage_majority,C_exploratory,openml_23512_higgs,(pair_mean_over_10_seeds),pair_mean_over_10_seeds,-0.015677761698022197
rq3c_gl_m100_tabpfn_minus_lr_coverage_majority,C_exploratory,openml_23517_numerai28_6,(pair_mean_over_10_seeds),pair_mean_over_10_seeds,-0.0005240443896423974
rq3c_gl_m100_tabpfn_minus_lr_coverage_disparity,C_exploratory,openml_3_kr_vs_kp,(pair_mean_over_10_seeds),pair_mean_over_10_seeds,-0.005923447223200662
rq3c_gl_m100_tabpfn_minus_lr_coverage_disparity,C_exploratory,openml_24_mushroom,(pair_mean_over_10_seeds),pair_mean_over_10_seeds,-0.0110572649806002
rq3c_gl_m100_tabpfn_minus_lr_coverage_disparity,C_exploratory,openml_1486_nomao,(pair_mean_over_10_seeds),pair_mean_over_10_seeds,0.013304328381546816
rq3c_gl_m100_tabpfn_minus_lr_coverage_disparity,C_exploratory,openml_1489_phoneme,(pair_mean_over_10_seeds),pair_mean_over_10_seeds,-0.0804969692965795
rq3c_gl_m100_tabpfn_minus_lr_coverage_disparity,C_exploratory,openml_1590_adult,(pair_mean_over_10_seeds),pair_mean_over_10_seeds,-0.00019371258060613128
rq3c_gl_m100_tabpfn_minus_lr_coverage_disparity,C_exploratory,openml_4534_phishingwebsite,(pair_mean_over_10_seeds),pair_mean_over_10_seeds,-0.02458462507667567
rq3c_gl_m100_tabpfn_minus_lr_coverage_disparity,C_exploratory,openml_23512_higgs,(pair_mean_over_10_seeds),pair_mean_over_10_seeds,-0.07622941123831425
rq3c_gl_m100_tabpfn_minus_lr_coverage_disparity,C_exploratory,openml_23517_numerai28_6,(pair_mean_over_10_seeds),pair_mean_over_10_seeds,-0.003881157272563085
rq3c_gl_m100_tabpfn_minus_lr_singleton_rate,C_exploratory,openml_3_kr_vs_kp,(pair_mean_over_10_seeds),pair_mean_over_10_seeds,-0.0010937500000000155
rq3c_gl_m100_tabpfn_minus_lr_singleton_rate,C_exploratory,openml_24_mushroom,(pair_mean_over_10_seeds),pair_mean_over_10_seeds,0.09353846153846154
rq3c_gl_m100_tabpfn_minus_lr_singleton_rate,C_exploratory,openml_1486_nomao,(pair_mean_over_10_seeds),pair_mean_over_10_seeds,-0.014536486290439566
rq3c_gl_m100_tabpfn_minus_lr_singleton_rate,C_exploratory,openml_1489_phoneme,(pair_mean_over_10_seeds),pair_mean_over_10_seeds,0.31461609620721553
rq3c_gl_m100_tabpfn_minus_lr_singleton_rate,C_exploratory,openml_1590_adult,(pair_mean_over_10_seeds),pair_mean_over_10_seeds,0.027556556454089453
rq3c_gl_m100_tabpfn_minus_lr_singleton_rate,C_exploratory,openml_4534_phishingwebsite,(pair_mean_over_10_seeds),pair_mean_over_10_seeds,-0.034147444595205786
rq3c_gl_m100_tabpfn_minus_lr_singleton_rate,C_exploratory,openml_23512_higgs,(pair_mean_over_10_seeds),pair_mean_over_10_seeds,0.1834625191228965
rq3c_gl_m100_tabpfn_minus_lr_singleton_rate,C_exploratory,openml_23517_numerai28_6,(pair_mean_over_10_seeds),pair_mean_over_10_seeds,-0.0022580980066445183
rq3c_gl_m100_tabpfn_minus_lr_average_set_size,C_exploratory,openml_3_kr_vs_kp,(pair_mean_over_10_seeds),pair_mean_over_10_seeds,-0.0010937500000000155
rq3c_gl_m100_tabpfn_minus_lr_average_set_size,C_exploratory,openml_24_mushroom,(pair_mean_over_10_seeds),pair_mean_over_10_seeds,0.09353846153846154
rq3c_gl_m100_tabpfn_minus_lr_average_set_size,C_exploratory,openml_1486_nomao,(pair_mean_over_10_seeds),pair_mean_over_10_seeds,-0.014536486290439566
rq3c_gl_m100_tabpfn_minus_lr_average_set_size,C_exploratory,openml_1489_phoneme,(pair_mean_over_10_seeds),pair_mean_over_10_seeds,-0.3656799259944496
rq3c_gl_m100_tabpfn_minus_lr_average_set_size,C_exploratory,openml_1590_adult,(pair_mean_over_10_seeds),pair_mean_over_10_seeds,-0.02755655645408952
rq3c_gl_m100_tabpfn_minus_lr_average_set_size,C_exploratory,openml_4534_phishingwebsite,(pair_mean_over_10_seeds),pair_mean_over_10_seeds,-0.034147444595205786
rq3c_gl_m100_tabpfn_minus_lr_average_set_size,C_exploratory,openml_23512_higgs,(pair_mean_over_10_seeds),pair_mean_over_10_seeds,-0.1834625191228965
rq3c_gl_m100_tabpfn_minus_lr_average_set_size,C_exploratory,openml_23517_numerai28_6,(pair_mean_over_10_seeds),pair_mean_over_10_seeds,0.0022580980066445157
rq3c_gl_m100_tabpfn_minus_lr_empty_rate,C_exploratory,openml_3_kr_vs_kp,(pair_mean_over_10_seeds),pair_mean_over_10_seeds,0.0010937499999999975
rq3c_gl_m100_tabpfn_minus_lr_empty_rate,C_exploratory,openml_24_mushroom,(pair_mean_over_10_seeds),pair_mean_over_10_seeds,-0.09353846153846154
rq3c_gl_m100_tabpfn_minus_lr_empty_rate,C_exploratory,openml_1486_nomao,(pair_mean_over_10_seeds),pair_mean_over_10_seeds,0.014536486290439576
rq3c_gl_m100_tabpfn_minus_lr_empty_rate,C_exploratory,openml_1489_phoneme,(pair_mean_over_10_seeds),pair_mean_over_10_seeds,0.025531914893617023
rq3c_gl_m100_tabpfn_minus_lr_empty_rate,C_exploratory,openml_1590_adult,(pair_mean_over_10_seeds),pair_mean_over_10_seeds,0.0
rq3c_gl_m100_tabpfn_minus_lr_empty_rate,C_exploratory,openml_4534_phishingwebsite,(pair_mean_over_10_seeds),pair_mean_over_10_seeds,0.034147444595205786
rq3c_gl_m100_tabpfn_minus_lr_empty_rate,C_exploratory,openml_23512_higgs,(pair_mean_over_10_seeds),pair_mean_over_10_seeds,0.0
rq3c_gl_m100_tabpfn_minus_lr_empty_rate,C_exploratory,openml_23517_numerai28_6,(pair_mean_over_10_seeds),pair_mean_over_10_seeds,0.0
rq3c_gl_m100_tabpfn_minus_lr_doubleton_rate,C_exploratory,openml_3_kr_vs_kp,(pair_mean_over_10_seeds),pair_mean_over_10_seeds,0.0
rq3c_gl_m100_tabpfn_minus_lr_doubleton_rate,C_exploratory,openml_24_mushroom,(pair_mean_over_10_seeds),pair_mean_over_10_seeds,0.0
rq3c_gl_m100_tabpfn_minus_lr_doubleton_rate,C_exploratory,openml_1486_nomao,(pair_mean_over_10_seeds),pair_mean_over_10_seeds,0.0
rq3c_gl_m100_tabpfn_minus_lr_doubleton_rate,C_exploratory,openml_1489_phoneme,(pair_mean_over_10_seeds),pair_mean_over_10_seeds,-0.3401480111008326
rq3c_gl_m100_tabpfn_minus_lr_doubleton_rate,C_exploratory,openml_1590_adult,(pair_mean_over_10_seeds),pair_mean_over_10_seeds,-0.027556556454089463
rq3c_gl_m100_tabpfn_minus_lr_doubleton_rate,C_exploratory,openml_4534_phishingwebsite,(pair_mean_over_10_seeds),pair_mean_over_10_seeds,0.0
rq3c_gl_m100_tabpfn_minus_lr_doubleton_rate,C_exploratory,openml_23512_higgs,(pair_mean_over_10_seeds),pair_mean_over_10_seeds,-0.1834625191228965
rq3c_gl_m100_tabpfn_minus_lr_doubleton_rate,C_exploratory,openml_23517_numerai28_6,(pair_mean_over_10_seeds),pair_mean_over_10_seeds,0.0022580980066445266
rq3c_gl_m100_tabpfn_minus_xgb_coverage_minority,C_exploratory,openml_3_kr_vs_kp,(pair_mean_over_10_seeds),pair_mean_over_10_seeds,0.004575163398692817
rq3c_gl_m100_tabpfn_minus_xgb_coverage_minority,C_exploratory,openml_24_mushroom,(pair_mean_over_10_seeds),pair_mean_over_10_seeds,0.13141762452107278
rq3c_gl_m100_tabpfn_minus_xgb_coverage_minority,C_exploratory,openml_1486_nomao,(pair_mean_over_10_seeds),pair_mean_over_10_seeds,-0.01249365159979685
rq3c_gl_m100_tabpfn_minus_xgb_coverage_minority,C_exploratory,openml_1489_phoneme,(pair_mean_over_10_seeds),pair_mean_over_10_seeds,-0.007255520504731883
rq3c_gl_m100_tabpfn_minus_xgb_coverage_minority,C_exploratory,openml_1590_adult,(pair_mean_over_10_seeds),pair_mean_over_10_seeds,0.005431993156544057
rq3c_gl_m100_tabpfn_minus_xgb_coverage_minority,C_exploratory,openml_4534_phishingwebsite,(pair_mean_over_10_seeds),pair_mean_over_10_seeds,-0.0068367346938775775
rq3c_gl_m100_tabpfn_minus_xgb_coverage_minority,C_exploratory,openml_23512_higgs,(pair_mean_over_10_seeds),pair_mean_over_10_seeds,0.00679286100594918
rq3c_gl_m100_tabpfn_minus_xgb_coverage_minority,C_exploratory,openml_23517_numerai28_6,(pair_mean_over_10_seeds),pair_mean_over_10_seeds,-0.015589592950062958
rq3c_gl_m100_tabpfn_minus_xgb_coverage_majority,C_exploratory,openml_3_kr_vs_kp,(pair_mean_over_10_seeds),pair_mean_over_10_seeds,-0.0002994011976047761
rq3c_gl_m100_tabpfn_minus_xgb_coverage_majority,C_exploratory,openml_24_mushroom,(pair_mean_over_10_seeds),pair_mean_over_10_seeds,0.08171021377672208
rq3c_gl_m100_tabpfn_minus_xgb_coverage_majority,C_exploratory,openml_1486_nomao,(pair_mean_over_10_seeds),pair_mean_over_10_seeds,-0.0010966693744922985
rq3c_gl_m100_tabpfn_minus_xgb_coverage_majority,C_exploratory,openml_1489_phoneme,(pair_mean_over_10_seeds),pair_mean_over_10_seeds,-0.004973821989528826
rq3c_gl_m100_tabpfn_minus_xgb_coverage_majority,C_exploratory,openml_1590_adult,(pair_mean_over_10_seeds),pair_mean_over_10_seeds,0.002206970798008345
rq3c_gl_m100_tabpfn_minus_xgb_coverage_majority,C_exploratory,openml_4534_phishingwebsite,(pair_mean_over_10_seeds),pair_mean_over_10_seeds,-0.007798537774167324
rq3c_gl_m100_tabpfn_minus_xgb_coverage_majority,C_exploratory,openml_23512_higgs,(pair_mean_over_10_seeds),pair_mean_over_10_seeds,0.0026821032320308745
rq3c_gl_m100_tabpfn_minus_xgb_coverage_majority,C_exploratory,openml_23517_numerai28_6,(pair_mean_over_10_seeds),pair_mean_over_10_seeds,0.008292231812577077
rq3c_gl_m100_tabpfn_minus_xgb_coverage_disparity,C_exploratory,openml_3_kr_vs_kp,(pair_mean_over_10_seeds),pair_mean_over_10_seeds,0.010600367891667618
rq3c_gl_m100_tabpfn_minus_xgb_coverage_disparity,C_exploratory,openml_24_mushroom,(pair_mean_over_10_seeds),pair_mean_over_10_seeds,-0.049487779203562655
rq3c_gl_m100_tabpfn_minus_xgb_coverage_disparity,C_exploratory,openml_1486_nomao,(pair_mean_over_10_seeds),pair_mean_over_10_seeds,0.011396982225304553
rq3c_gl_m100_tabpfn_minus_xgb_coverage_disparity,C_exploratory,openml_1489_phoneme,(pair_mean_over_10_seeds),pair_mean_over_10_seeds,0.002281698515203057
rq3c_gl_m100_tabpfn_minus_xgb_coverage_disparity,C_exploratory,openml_1590_adult,(pair_mean_over_10_seeds),pair_mean_over_10_seeds,-0.0032250223585357117
rq3c_gl_m100_tabpfn_minus_xgb_coverage_disparity,C_exploratory,openml_4534_phishingwebsite,(pair_mean_over_10_seeds),pair_mean_over_10_seeds,-0.0009618030802897471
rq3c_gl_m100_tabpfn_minus_xgb_coverage_disparity,C_exploratory,openml_23512_higgs,(pair_mean_over_10_seeds),pair_mean_over_10_seeds,-0.004110757773918306
rq3c_gl_m100_tabpfn_minus_xgb_coverage_disparity,C_exploratory,openml_23517_numerai28_6,(pair_mean_over_10_seeds),pair_mean_over_10_seeds,0.023881824762640037
rq3c_gl_m100_tabpfn_minus_xgb_singleton_rate,C_exploratory,openml_3_kr_vs_kp,(pair_mean_over_10_seeds),pair_mean_over_10_seeds,0.0018750000000000045
rq3c_gl_m100_tabpfn_minus_xgb_singleton_rate,C_exploratory,openml_24_mushroom,(pair_mean_over_10_seeds),pair_mean_over_10_seeds,0.10566153846153847
rq3c_gl_m100_tabpfn_minus_xgb_singleton_rate,C_exploratory,openml_1486_nomao,(pair_mean_over_10_seeds),pair_mean_over_10_seeds,-0.0059045408385318245
rq3c_gl_m100_tabpfn_minus_xgb_singleton_rate,C_exploratory,openml_1489_phoneme,(pair_mean_over_10_seeds),pair_mean_over_10_seeds,0.015263644773357999
rq3c_gl_m100_tabpfn_minus_xgb_singleton_rate,C_exploratory,openml_1590_adult,(pair_mean_over_10_seeds),pair_mean_over_10_seeds,-0.04196949534240969
rq3c_gl_m100_tabpfn_minus_xgb_singleton_rate,C_exploratory,openml_4534_phishingwebsite,(pair_mean_over_10_seeds),pair_mean_over_10_seeds,-0.012121212121212133
rq3c_gl_m100_tabpfn_minus_xgb_singleton_rate,C_exploratory,openml_23512_higgs,(pair_mean_over_10_seeds),pair_mean_over_10_seeds,0.019240183579806214
rq3c_gl_m100_tabpfn_minus_xgb_singleton_rate,C_exploratory,openml_23517_numerai28_6,(pair_mean_over_10_seeds),pair_mean_over_10_seeds,0.017244601328903656
rq3c_gl_m100_tabpfn_minus_xgb_average_set_size,C_exploratory,openml_3_kr_vs_kp,(pair_mean_over_10_seeds),pair_mean_over_10_seeds,0.0018750000000000045
rq3c_gl_m100_tabpfn_minus_xgb_average_set_size,C_exploratory,openml_24_mushroom,(pair_mean_over_10_seeds),pair_mean_over_10_seeds,0.10566153846153847
rq3c_gl_m100_tabpfn_minus_xgb_average_set_size,C_exploratory,openml_1486_nomao,(pair_mean_over_10_seeds),pair_mean_over_10_seeds,-0.0059045408385318245
rq3c_gl_m100_tabpfn_minus_xgb_average_set_size,C_exploratory,openml_1489_phoneme,(pair_mean_over_10_seeds),pair_mean_over_10_seeds,-0.060592044403330256
rq3c_gl_m100_tabpfn_minus_xgb_average_set_size,C_exploratory,openml_1590_adult,(pair_mean_over_10_seeds),pair_mean_over_10_seeds,0.04196949534240961
rq3c_gl_m100_tabpfn_minus_xgb_average_set_size,C_exploratory,openml_4534_phishingwebsite,(pair_mean_over_10_seeds),pair_mean_over_10_seeds,-0.012121212121212133
rq3c_gl_m100_tabpfn_minus_xgb_average_set_size,C_exploratory,openml_23512_higgs,(pair_mean_over_10_seeds),pair_mean_over_10_seeds,-0.019240183579806235
rq3c_gl_m100_tabpfn_minus_xgb_average_set_size,C_exploratory,openml_23517_numerai28_6,(pair_mean_over_10_seeds),pair_mean_over_10_seeds,-0.017244601328903663
rq3c_gl_m100_tabpfn_minus_xgb_empty_rate,C_exploratory,openml_3_kr_vs_kp,(pair_mean_over_10_seeds),pair_mean_over_10_seeds,-0.0018750000000000017
rq3c_gl_m100_tabpfn_minus_xgb_empty_rate,C_exploratory,openml_24_mushroom,(pair_mean_over_10_seeds),pair_mean_over_10_seeds,-0.10566153846153845
rq3c_gl_m100_tabpfn_minus_xgb_empty_rate,C_exploratory,openml_1486_nomao,(pair_mean_over_10_seeds),pair_mean_over_10_seeds,0.005904540838531842
rq3c_gl_m100_tabpfn_minus_xgb_empty_rate,C_exploratory,openml_1489_phoneme,(pair_mean_over_10_seeds),pair_mean_over_10_seeds,0.022664199814986123
rq3c_gl_m100_tabpfn_minus_xgb_empty_rate,C_exploratory,openml_1590_adult,(pair_mean_over_10_seeds),pair_mean_over_10_seeds,0.0
rq3c_gl_m100_tabpfn_minus_xgb_empty_rate,C_exploratory,openml_4534_phishingwebsite,(pair_mean_over_10_seeds),pair_mean_over_10_seeds,0.012121212121212126
rq3c_gl_m100_tabpfn_minus_xgb_empty_rate,C_exploratory,openml_23512_higgs,(pair_mean_over_10_seeds),pair_mean_over_10_seeds,0.0
rq3c_gl_m100_tabpfn_minus_xgb_empty_rate,C_exploratory,openml_23517_numerai28_6,(pair_mean_over_10_seeds),pair_mean_over_10_seeds,0.0
rq3c_gl_m100_tabpfn_minus_xgb_doubleton_rate,C_exploratory,openml_3_kr_vs_kp,(pair_mean_over_10_seeds),pair_mean_over_10_seeds,0.0
rq3c_gl_m100_tabpfn_minus_xgb_doubleton_rate,C_exploratory,openml_24_mushroom,(pair_mean_over_10_seeds),pair_mean_over_10_seeds,0.0
rq3c_gl_m100_tabpfn_minus_xgb_doubleton_rate,C_exploratory,openml_1486_nomao,(pair_mean_over_10_seeds),pair_mean_over_10_seeds,0.0
rq3c_gl_m100_tabpfn_minus_xgb_doubleton_rate,C_exploratory,openml_1489_phoneme,(pair_mean_over_10_seeds),pair_mean_over_10_seeds,-0.037927844588344126
rq3c_gl_m100_tabpfn_minus_xgb_doubleton_rate,C_exploratory,openml_1590_adult,(pair_mean_over_10_seeds),pair_mean_over_10_seeds,0.041969495342409666
rq3c_gl_m100_tabpfn_minus_xgb_doubleton_rate,C_exploratory,openml_4534_phishingwebsite,(pair_mean_over_10_seeds),pair_mean_over_10_seeds,0.0
rq3c_gl_m100_tabpfn_minus_xgb_doubleton_rate,C_exploratory,openml_23512_higgs,(pair_mean_over_10_seeds),pair_mean_over_10_seeds,-0.019240183579806218
rq3c_gl_m100_tabpfn_minus_xgb_doubleton_rate,C_exploratory,openml_23517_numerai28_6,(pair_mean_over_10_seeds),pair_mean_over_10_seeds,-0.017244601328903653
rq3c_cc_m50_xgb_minus_lr_coverage_minority,C_exploratory,openml_3_kr_vs_kp,(pair_mean_over_10_seeds),pair_mean_over_10_seeds,-0.009150326797385611
rq3c_cc_m50_xgb_minus_lr_coverage_minority,C_exploratory,openml_24_mushroom,(pair_mean_over_10_seeds),pair_mean_over_10_seeds,0.008045977011494254
rq3c_cc_m50_xgb_minus_lr_coverage_minority,C_exploratory,openml_1486_nomao,(pair_mean_over_10_seeds),pair_mean_over_10_seeds,0.003961401726764846
rq3c_cc_m50_xgb_minus_lr_coverage_minority,C_exploratory,openml_1489_phoneme,(pair_mean_over_10_seeds),pair_mean_over_10_seeds,-0.011671924290220848
rq3c_cc_m50_xgb_minus_lr_coverage_minority,C_exploratory,openml_1590_adult,(pair_mean_over_10_seeds),pair_mean_over_10_seeds,0.0007698887938409227
rq3c_cc_m50_xgb_minus_lr_coverage_minority,C_exploratory,openml_4534_phishingwebsite,(pair_mean_over_10_seeds),pair_mean_over_10_seeds,0.0
rq3c_cc_m50_xgb_minus_lr_coverage_minority,C_exploratory,openml_23512_higgs,(pair_mean_over_10_seeds),pair_mean_over_10_seeds,0.013391022174148181
rq3c_cc_m50_xgb_minus_lr_coverage_minority,C_exploratory,openml_23517_numerai28_6,(pair_mean_over_10_seeds),pair_mean_over_10_seeds,-0.009693663449433464
rq3c_cc_m50_xgb_minus_lr_coverage_majority,C_exploratory,openml_3_kr_vs_kp,(pair_mean_over_10_seeds),pair_mean_over_10_seeds,0.01107784431137726
rq3c_cc_m50_xgb_minus_lr_coverage_majority,C_exploratory,openml_24_mushroom,(pair_mean_over_10_seeds),pair_mean_over_10_seeds,0.0015439429928741145
rq3c_cc_m50_xgb_minus_lr_coverage_majority,C_exploratory,openml_1486_nomao,(pair_mean_over_10_seeds),pair_mean_over_10_seeds,0.005239642567018687
rq3c_cc_m50_xgb_minus_lr_coverage_majority,C_exploratory,openml_1489_phoneme,(pair_mean_over_10_seeds),pair_mean_over_10_seeds,0.006413612565445026
rq3c_cc_m50_xgb_minus_lr_coverage_majority,C_exploratory,openml_1590_adult,(pair_mean_over_10_seeds),pair_mean_over_10_seeds,-0.0015071995693715424
rq3c_cc_m50_xgb_minus_lr_coverage_majority,C_exploratory,openml_4534_phishingwebsite,(pair_mean_over_10_seeds),pair_mean_over_10_seeds,-0.00016246953696180677
rq3c_cc_m50_xgb_minus_lr_coverage_majority,C_exploratory,openml_23512_higgs,(pair_mean_over_10_seeds),pair_mean_over_10_seeds,0.0038398456343463174
rq3c_cc_m50_xgb_minus_lr_coverage_majority,C_exploratory,openml_23517_numerai28_6,(pair_mean_over_10_seeds),pair_mean_over_10_seeds,0.011200164406083046
rq3c_cc_m50_xgb_minus_lr_coverage_disparity,C_exploratory,openml_3_kr_vs_kp,(pair_mean_over_10_seeds),pair_mean_over_10_seeds,0.007524167351571354
rq3c_cc_m50_xgb_minus_lr_coverage_disparity,C_exploratory,openml_24_mushroom,(pair_mean_over_10_seeds),pair_mean_over_10_seeds,0.0028641591054565096
rq3c_cc_m50_xgb_minus_lr_coverage_disparity,C_exploratory,openml_1486_nomao,(pair_mean_over_10_seeds),pair_mean_over_10_seeds,0.005990600035728455
rq3c_cc_m50_xgb_minus_lr_coverage_disparity,C_exploratory,openml_1489_phoneme,(pair_mean_over_10_seeds),pair_mean_over_10_seeds,0.017117693692503332
rq3c_cc_m50_xgb_minus_lr_coverage_disparity,C_exploratory,openml_1590_adult,(pair_mean_over_10_seeds),pair_mean_over_10_seeds,-0.0013188111348673703
rq3c_cc_m50_xgb_minus_lr_coverage_disparity,C_exploratory,openml_4534_phishingwebsite,(pair_mean_over_10_seeds),pair_mean_over_10_seeds,0.00027868499146207484
rq3c_cc_m50_xgb_minus_lr_coverage_disparity,C_exploratory,openml_23512_higgs,(pair_mean_over_10_seeds),pair_mean_over_10_seeds,0.011289000690585915
rq3c_cc_m50_xgb_minus_lr_coverage_disparity,C_exploratory,openml_23517_numerai28_6,(pair_mean_over_10_seeds),pair_mean_over_10_seeds,-0.006019518651690758
rq3c_cc_m50_xgb_minus_lr_singleton_rate,C_exploratory,openml_3_kr_vs_kp,(pair_mean_over_10_seeds),pair_mean_over_10_seeds,-0.011093750000000024
rq3c_cc_m50_xgb_minus_lr_singleton_rate,C_exploratory,openml_24_mushroom,(pair_mean_over_10_seeds),pair_mean_over_10_seeds,0.0046769230769230785
rq3c_cc_m50_xgb_minus_lr_singleton_rate,C_exploratory,openml_1486_nomao,(pair_mean_over_10_seeds),pair_mean_over_10_seeds,-0.012926156970839996
rq3c_cc_m50_xgb_minus_lr_singleton_rate,C_exploratory,openml_1489_phoneme,(pair_mean_over_10_seeds),pair_mean_over_10_seeds,0.344218316373728
rq3c_cc_m50_xgb_minus_lr_singleton_rate,C_exploratory,openml_1590_adult,(pair_mean_over_10_seeds),pair_mean_over_10_seeds,0.060620329614085366
rq3c_cc_m50_xgb_minus_lr_singleton_rate,C_exploratory,openml_4534_phishingwebsite,(pair_mean_over_10_seeds),pair_mean_over_10_seeds,-0.03559475350520127
rq3c_cc_m50_xgb_minus_lr_singleton_rate,C_exploratory,openml_23512_higgs,(pair_mean_over_10_seeds),pair_mean_over_10_seeds,0.1842427332993371
rq3c_cc_m50_xgb_minus_lr_singleton_rate,C_exploratory,openml_23517_numerai28_6,(pair_mean_over_10_seeds),pair_mean_over_10_seeds,-0.01070909468438538
rq3c_cc_m50_xgb_minus_lr_average_set_size,C_exploratory,openml_3_kr_vs_kp,(pair_mean_over_10_seeds),pair_mean_over_10_seeds,-0.011093750000000024
rq3c_cc_m50_xgb_minus_lr_average_set_size,C_exploratory,openml_24_mushroom,(pair_mean_over_10_seeds),pair_mean_over_10_seeds,0.0046769230769230785
rq3c_cc_m50_xgb_minus_lr_average_set_size,C_exploratory,openml_1486_nomao,(pair_mean_over_10_seeds),pair_mean_over_10_seeds,-0.012926156970839996
rq3c_cc_m50_xgb_minus_lr_average_set_size,C_exploratory,openml_1489_phoneme,(pair_mean_over_10_seeds),pair_mean_over_10_seeds,-0.35198889916743764
rq3c_cc_m50_xgb_minus_lr_average_set_size,C_exploratory,openml_1590_adult,(pair_mean_over_10_seeds),pair_mean_over_10_seeds,-0.060620329614085366
rq3c_cc_m50_xgb_minus_lr_average_set_size,C_exploratory,openml_4534_phishingwebsite,(pair_mean_over_10_seeds),pair_mean_over_10_seeds,-0.03559475350520127
rq3c_cc_m50_xgb_minus_lr_average_set_size,C_exploratory,openml_23512_higgs,(pair_mean_over_10_seeds),pair_mean_over_10_seeds,-0.18424273329933707
rq3c_cc_m50_xgb_minus_lr_average_set_size,C_exploratory,openml_23517_numerai28_6,(pair_mean_over_10_seeds),pair_mean_over_10_seeds,0.010709094684385346
rq3c_cc_m50_xgb_minus_lr_empty_rate,C_exploratory,openml_3_kr_vs_kp,(pair_mean_over_10_seeds),pair_mean_over_10_seeds,0.01109375
rq3c_cc_m50_xgb_minus_lr_empty_rate,C_exploratory,openml_24_mushroom,(pair_mean_over_10_seeds),pair_mean_over_10_seeds,-0.004676923076923079
rq3c_cc_m50_xgb_minus_lr_empty_rate,C_exploratory,openml_1486_nomao,(pair_mean_over_10_seeds),pair_mean_over_10_seeds,0.01292615697083998
rq3c_cc_m50_xgb_minus_lr_empty_rate,C_exploratory,openml_1489_phoneme,(pair_mean_over_10_seeds),pair_mean_over_10_seeds,0.0038852913968547642
rq3c_cc_m50_xgb_minus_lr_empty_rate,C_exploratory,openml_1590_adult,(pair_mean_over_10_seeds),pair_mean_over_10_seeds,0.0
rq3c_cc_m50_xgb_minus_lr_empty_rate,C_exploratory,openml_4534_phishingwebsite,(pair_mean_over_10_seeds),pair_mean_over_10_seeds,0.03559475350520126
rq3c_cc_m50_xgb_minus_lr_empty_rate,C_exploratory,openml_23512_higgs,(pair_mean_over_10_seeds),pair_mean_over_10_seeds,0.0
rq3c_cc_m50_xgb_minus_lr_empty_rate,C_exploratory,openml_23517_numerai28_6,(pair_mean_over_10_seeds),pair_mean_over_10_seeds,0.0
rq3c_cc_m50_xgb_minus_lr_doubleton_rate,C_exploratory,openml_3_kr_vs_kp,(pair_mean_over_10_seeds),pair_mean_over_10_seeds,0.0
rq3c_cc_m50_xgb_minus_lr_doubleton_rate,C_exploratory,openml_24_mushroom,(pair_mean_over_10_seeds),pair_mean_over_10_seeds,0.0
rq3c_cc_m50_xgb_minus_lr_doubleton_rate,C_exploratory,openml_1486_nomao,(pair_mean_over_10_seeds),pair_mean_over_10_seeds,0.0
rq3c_cc_m50_xgb_minus_lr_doubleton_rate,C_exploratory,openml_1489_phoneme,(pair_mean_over_10_seeds),pair_mean_over_10_seeds,-0.3481036077705828
rq3c_cc_m50_xgb_minus_lr_doubleton_rate,C_exploratory,openml_1590_adult,(pair_mean_over_10_seeds),pair_mean_over_10_seeds,-0.060620329614085366
rq3c_cc_m50_xgb_minus_lr_doubleton_rate,C_exploratory,openml_4534_phishingwebsite,(pair_mean_over_10_seeds),pair_mean_over_10_seeds,0.0
rq3c_cc_m50_xgb_minus_lr_doubleton_rate,C_exploratory,openml_23512_higgs,(pair_mean_over_10_seeds),pair_mean_over_10_seeds,-0.1842427332993371
rq3c_cc_m50_xgb_minus_lr_doubleton_rate,C_exploratory,openml_23517_numerai28_6,(pair_mean_over_10_seeds),pair_mean_over_10_seeds,0.010709094684385401
rq3c_cc_m50_xgb_minus_lr_threshold_sum,C_exploratory,openml_3_kr_vs_kp,(pair_mean_over_10_seeds),pair_mean_over_10_seeds,-0.39320168844541054
rq3c_cc_m50_xgb_minus_lr_threshold_sum,C_exploratory,openml_24_mushroom,(pair_mean_over_10_seeds),pair_mean_over_10_seeds,-0.033318652012549334
rq3c_cc_m50_xgb_minus_lr_threshold_sum,C_exploratory,openml_1486_nomao,(pair_mean_over_10_seeds),pair_mean_over_10_seeds,-0.23686466034610235
rq3c_cc_m50_xgb_minus_lr_threshold_sum,C_exploratory,openml_1489_phoneme,(pair_mean_over_10_seeds),pair_mean_over_10_seeds,-0.26637889741643983
rq3c_cc_m50_xgb_minus_lr_threshold_sum,C_exploratory,openml_1590_adult,(pair_mean_over_10_seeds),pair_mean_over_10_seeds,-0.04690632748048658
rq3c_cc_m50_xgb_minus_lr_threshold_sum,C_exploratory,openml_4534_phishingwebsite,(pair_mean_over_10_seeds),pair_mean_over_10_seeds,-0.30182486406923115
rq3c_cc_m50_xgb_minus_lr_threshold_sum,C_exploratory,openml_23512_higgs,(pair_mean_over_10_seeds),pair_mean_over_10_seeds,0.10722289517219472
rq3c_cc_m50_xgb_minus_lr_threshold_sum,C_exploratory,openml_23517_numerai28_6,(pair_mean_over_10_seeds),pair_mean_over_10_seeds,0.07239721423321947
rq3c_cc_m50_tabpfn_minus_lr_coverage_minority,C_exploratory,openml_3_kr_vs_kp,(pair_mean_over_10_seeds),pair_mean_over_10_seeds,-0.013398692810457514
rq3c_cc_m50_tabpfn_minus_lr_coverage_minority,C_exploratory,openml_24_mushroom,(pair_mean_over_10_seeds),pair_mean_over_10_seeds,0.10574712643678161
rq3c_cc_m50_tabpfn_minus_lr_coverage_minority,C_exploratory,openml_1486_nomao,(pair_mean_over_10_seeds),pair_mean_over_10_seeds,0.009141696292534274
rq3c_cc_m50_tabpfn_minus_lr_coverage_minority,C_exploratory,openml_1489_phoneme,(pair_mean_over_10_seeds),pair_mean_over_10_seeds,-0.005047318611987395
rq3c_cc_m50_tabpfn_minus_lr_coverage_minority,C_exploratory,openml_1590_adult,(pair_mean_over_10_seeds),pair_mean_over_10_seeds,0.00029940119760480944
rq3c_cc_m50_tabpfn_minus_lr_coverage_minority,C_exploratory,openml_4534_phishingwebsite,(pair_mean_over_10_seeds),pair_mean_over_10_seeds,-0.003061224489795933
rq3c_cc_m50_tabpfn_minus_lr_coverage_minority,C_exploratory,openml_23512_higgs,(pair_mean_over_10_seeds),pair_mean_over_10_seeds,0.02724716062736615
rq3c_cc_m50_tabpfn_minus_lr_coverage_minority,C_exploratory,openml_23517_numerai28_6,(pair_mean_over_10_seeds),pair_mean_over_10_seeds,0.00023080151070078436
rq3c_cc_m50_tabpfn_minus_lr_coverage_majority,C_exploratory,openml_3_kr_vs_kp,(pair_mean_over_10_seeds),pair_mean_over_10_seeds,0.00628742514970061
rq3c_cc_m50_tabpfn_minus_lr_coverage_majority,C_exploratory,openml_24_mushroom,(pair_mean_over_10_seeds),pair_mean_over_10_seeds,0.09133016627078386
rq3c_cc_m50_tabpfn_minus_lr_coverage_majority,C_exploratory,openml_1486_nomao,(pair_mean_over_10_seeds),pair_mean_over_10_seeds,0.0026198212835093606
rq3c_cc_m50_tabpfn_minus_lr_coverage_majority,C_exploratory,openml_1489_phoneme,(pair_mean_over_10_seeds),pair_mean_over_10_seeds,0.0062827225130889786
rq3c_cc_m50_tabpfn_minus_lr_coverage_majority,C_exploratory,openml_1590_adult,(pair_mean_over_10_seeds),pair_mean_over_10_seeds,-0.002637599246400224
rq3c_cc_m50_tabpfn_minus_lr_coverage_majority,C_exploratory,openml_4534_phishingwebsite,(pair_mean_over_10_seeds),pair_mean_over_10_seeds,-0.0047928513403736935
rq3c_cc_m50_tabpfn_minus_lr_coverage_majority,C_exploratory,openml_23512_higgs,(pair_mean_over_10_seeds),pair_mean_over_10_seeds,0.010188133140376244
rq3c_cc_m50_tabpfn_minus_lr_coverage_majority,C_exploratory,openml_23517_numerai28_6,(pair_mean_over_10_seeds),pair_mean_over_10_seeds,0.004192355117139346
rq3c_cc_m50_tabpfn_minus_lr_coverage_disparity,C_exploratory,openml_3_kr_vs_kp,(pair_mean_over_10_seeds),pair_mean_over_10_seeds,0.012109115103127056
rq3c_cc_m50_tabpfn_minus_lr_coverage_disparity,C_exploratory,openml_24_mushroom,(pair_mean_over_10_seeds),pair_mean_over_10_seeds,-0.026463932193312167
rq3c_cc_m50_tabpfn_minus_lr_coverage_disparity,C_exploratory,openml_1486_nomao,(pair_mean_over_10_seeds),pair_mean_over_10_seeds,-0.009466728194405648
rq3c_cc_m50_tabpfn_minus_lr_coverage_disparity,C_exploratory,openml_1489_phoneme,(pair_mean_over_10_seeds),pair_mean_over_10_seeds,0.017102416304688905
rq3c_cc_m50_tabpfn_minus_lr_coverage_disparity,C_exploratory,openml_1590_adult,(pair_mean_over_10_seeds),pair_mean_over_10_seeds,0.005976518040681988
rq3c_cc_m50_tabpfn_minus_lr_coverage_disparity,C_exploratory,openml_4534_phishingwebsite,(pair_mean_over_10_seeds),pair_mean_over_10_seeds,0.013635007211658012
rq3c_cc_m50_tabpfn_minus_lr_coverage_disparity,C_exploratory,openml_23512_higgs,(pair_mean_over_10_seeds),pair_mean_over_10_seeds,0.016728078462250086
rq3c_cc_m50_tabpfn_minus_lr_coverage_disparity,C_exploratory,openml_23517_numerai28_6,(pair_mean_over_10_seeds),pair_mean_over_10_seeds,0.003039261697332385
rq3c_cc_m50_tabpfn_minus_lr_singleton_rate,C_exploratory,openml_3_kr_vs_kp,(pair_mean_over_10_seeds),pair_mean_over_10_seeds,-0.015781250000000014
rq3c_cc_m50_tabpfn_minus_lr_singleton_rate,C_exploratory,openml_24_mushroom,(pair_mean_over_10_seeds),pair_mean_over_10_seeds,0.09827692307692307
rq3c_cc_m50_tabpfn_minus_lr_singleton_rate,C_exploratory,openml_1486_nomao,(pair_mean_over_10_seeds),pair_mean_over_10_seeds,-0.014246336863484699
rq3c_cc_m50_tabpfn_minus_lr_singleton_rate,C_exploratory,openml_1489_phoneme,(pair_mean_over_10_seeds),pair_mean_over_10_seeds,0.3737280296022201
rq3c_cc_m50_tabpfn_minus_lr_singleton_rate,C_exploratory,openml_1590_adult,(pair_mean_over_10_seeds),pair_mean_over_10_seeds,0.028600675606510383
rq3c_cc_m50_tabpfn_minus_lr_singleton_rate,C_exploratory,openml_4534_phishingwebsite,(pair_mean_over_10_seeds),pair_mean_over_10_seeds,-0.04513794663048395
rq3c_cc_m50_tabpfn_minus_lr_singleton_rate,C_exploratory,openml_23512_higgs,(pair_mean_over_10_seeds),pair_mean_over_10_seeds,0.1847322794492606
rq3c_cc_m50_tabpfn_minus_lr_singleton_rate,C_exploratory,openml_23517_numerai28_6,(pair_mean_over_10_seeds),pair_mean_over_10_seeds,-0.003939991694352161
rq3c_cc_m50_tabpfn_minus_lr_average_set_size,C_exploratory,openml_3_kr_vs_kp,(pair_mean_over_10_seeds),pair_mean_over_10_seeds,-0.015781250000000014
rq3c_cc_m50_tabpfn_minus_lr_average_set_size,C_exploratory,openml_24_mushroom,(pair_mean_over_10_seeds),pair_mean_over_10_seeds,0.09827692307692307
rq3c_cc_m50_tabpfn_minus_lr_average_set_size,C_exploratory,openml_1486_nomao,(pair_mean_over_10_seeds),pair_mean_over_10_seeds,-0.014246336863484699
rq3c_cc_m50_tabpfn_minus_lr_average_set_size,C_exploratory,openml_1489_phoneme,(pair_mean_over_10_seeds),pair_mean_over_10_seeds,-0.4085106382978724
rq3c_cc_m50_tabpfn_minus_lr_average_set_size,C_exploratory,openml_1590_adult,(pair_mean_over_10_seeds),pair_mean_over_10_seeds,-0.028600675606510383
rq3c_cc_m50_tabpfn_minus_lr_average_set_size,C_exploratory,openml_4534_phishingwebsite,(pair_mean_over_10_seeds),pair_mean_over_10_seeds,-0.04513794663048395
rq3c_cc_m50_tabpfn_minus_lr_average_set_size,C_exploratory,openml_23512_higgs,(pair_mean_over_10_seeds),pair_mean_over_10_seeds,-0.18473227944926057
rq3c_cc_m50_tabpfn_minus_lr_average_set_size,C_exploratory,openml_23517_numerai28_6,(pair_mean_over_10_seeds),pair_mean_over_10_seeds,0.00393999169435213
rq3c_cc_m50_tabpfn_minus_lr_empty_rate,C_exploratory,openml_3_kr_vs_kp,(pair_mean_over_10_seeds),pair_mean_over_10_seeds,0.015781249999999997
rq3c_cc_m50_tabpfn_minus_lr_empty_rate,C_exploratory,openml_24_mushroom,(pair_mean_over_10_seeds),pair_mean_over_10_seeds,-0.09827692307692307
rq3c_cc_m50_tabpfn_minus_lr_empty_rate,C_exploratory,openml_1486_nomao,(pair_mean_over_10_seeds),pair_mean_over_10_seeds,0.014246336863484695
rq3c_cc_m50_tabpfn_minus_lr_empty_rate,C_exploratory,openml_1489_phoneme,(pair_mean_over_10_seeds),pair_mean_over_10_seeds,0.017391304347826087
rq3c_cc_m50_tabpfn_minus_lr_empty_rate,C_exploratory,openml_1590_adult,(pair_mean_over_10_seeds),pair_mean_over_10_seeds,0.0
rq3c_cc_m50_tabpfn_minus_lr_empty_rate,C_exploratory,openml_4534_phishingwebsite,(pair_mean_over_10_seeds),pair_mean_over_10_seeds,0.04513794663048394
rq3c_cc_m50_tabpfn_minus_lr_empty_rate,C_exploratory,openml_23512_higgs,(pair_mean_over_10_seeds),pair_mean_over_10_seeds,0.0
rq3c_cc_m50_tabpfn_minus_lr_empty_rate,C_exploratory,openml_23517_numerai28_6,(pair_mean_over_10_seeds),pair_mean_over_10_seeds,0.0
rq3c_cc_m50_tabpfn_minus_lr_doubleton_rate,C_exploratory,openml_3_kr_vs_kp,(pair_mean_over_10_seeds),pair_mean_over_10_seeds,0.0
rq3c_cc_m50_tabpfn_minus_lr_doubleton_rate,C_exploratory,openml_24_mushroom,(pair_mean_over_10_seeds),pair_mean_over_10_seeds,0.0
rq3c_cc_m50_tabpfn_minus_lr_doubleton_rate,C_exploratory,openml_1486_nomao,(pair_mean_over_10_seeds),pair_mean_over_10_seeds,0.0
rq3c_cc_m50_tabpfn_minus_lr_doubleton_rate,C_exploratory,openml_1489_phoneme,(pair_mean_over_10_seeds),pair_mean_over_10_seeds,-0.3911193339500463
rq3c_cc_m50_tabpfn_minus_lr_doubleton_rate,C_exploratory,openml_1590_adult,(pair_mean_over_10_seeds),pair_mean_over_10_seeds,-0.028600675606510396
rq3c_cc_m50_tabpfn_minus_lr_doubleton_rate,C_exploratory,openml_4534_phishingwebsite,(pair_mean_over_10_seeds),pair_mean_over_10_seeds,0.0
rq3c_cc_m50_tabpfn_minus_lr_doubleton_rate,C_exploratory,openml_23512_higgs,(pair_mean_over_10_seeds),pair_mean_over_10_seeds,-0.1847322794492606
rq3c_cc_m50_tabpfn_minus_lr_doubleton_rate,C_exploratory,openml_23517_numerai28_6,(pair_mean_over_10_seeds),pair_mean_over_10_seeds,0.003939991694352174
rq3c_cc_m50_tabpfn_minus_lr_threshold_sum,C_exploratory,openml_3_kr_vs_kp,(pair_mean_over_10_seeds),pair_mean_over_10_seeds,-0.47201255909284096
rq3c_cc_m50_tabpfn_minus_lr_threshold_sum,C_exploratory,openml_24_mushroom,(pair_mean_over_10_seeds),pair_mean_over_10_seeds,-0.038647134401999406
rq3c_cc_m50_tabpfn_minus_lr_threshold_sum,C_exploratory,openml_1486_nomao,(pair_mean_over_10_seeds),pair_mean_over_10_seeds,-0.24043198343474828
rq3c_cc_m50_tabpfn_minus_lr_threshold_sum,C_exploratory,openml_1489_phoneme,(pair_mean_over_10_seeds),pair_mean_over_10_seeds,-0.43592904655918197
rq3c_cc_m50_tabpfn_minus_lr_threshold_sum,C_exploratory,openml_1590_adult,(pair_mean_over_10_seeds),pair_mean_over_10_seeds,-0.010275499919465724
rq3c_cc_m50_tabpfn_minus_lr_threshold_sum,C_exploratory,openml_4534_phishingwebsite,(pair_mean_over_10_seeds),pair_mean_over_10_seeds,-0.5326184713041859
rq3c_cc_m50_tabpfn_minus_lr_threshold_sum,C_exploratory,openml_23512_higgs,(pair_mean_over_10_seeds),pair_mean_over_10_seeds,0.178118041005687
rq3c_cc_m50_tabpfn_minus_lr_threshold_sum,C_exploratory,openml_23517_numerai28_6,(pair_mean_over_10_seeds),pair_mean_over_10_seeds,-0.007486939371287971
rq3c_cc_m50_tabpfn_minus_xgb_coverage_minority,C_exploratory,openml_3_kr_vs_kp,(pair_mean_over_10_seeds),pair_mean_over_10_seeds,-0.004248366013071903
rq3c_cc_m50_tabpfn_minus_xgb_coverage_minority,C_exploratory,openml_24_mushroom,(pair_mean_over_10_seeds),pair_mean_over_10_seeds,0.09770114942528735
rq3c_cc_m50_tabpfn_minus_xgb_coverage_minority,C_exploratory,openml_1486_nomao,(pair_mean_over_10_seeds),pair_mean_over_10_seeds,0.005180294565769428
rq3c_cc_m50_tabpfn_minus_xgb_coverage_minority,C_exploratory,openml_1489_phoneme,(pair_mean_over_10_seeds),pair_mean_over_10_seeds,0.0066246056782334525
rq3c_cc_m50_tabpfn_minus_xgb_coverage_minority,C_exploratory,openml_1590_adult,(pair_mean_over_10_seeds),pair_mean_over_10_seeds,-0.0004704875962361132
rq3c_cc_m50_tabpfn_minus_xgb_coverage_minority,C_exploratory,openml_4534_phishingwebsite,(pair_mean_over_10_seeds),pair_mean_over_10_seeds,-0.003061224489795933
rq3c_cc_m50_tabpfn_minus_xgb_coverage_minority,C_exploratory,openml_23512_higgs,(pair_mean_over_10_seeds),pair_mean_over_10_seeds,0.01385613845321797
rq3c_cc_m50_tabpfn_minus_xgb_coverage_minority,C_exploratory,openml_23517_numerai28_6,(pair_mean_over_10_seeds),pair_mean_over_10_seeds,0.009924464960134249
rq3c_cc_m50_tabpfn_minus_xgb_coverage_majority,C_exploratory,openml_3_kr_vs_kp,(pair_mean_over_10_seeds),pair_mean_over_10_seeds,-0.004790419161676651
rq3c_cc_m50_tabpfn_minus_xgb_coverage_majority,C_exploratory,openml_24_mushroom,(pair_mean_over_10_seeds),pair_mean_over_10_seeds,0.08978622327790974
rq3c_cc_m50_tabpfn_minus_xgb_coverage_majority,C_exploratory,openml_1486_nomao,(pair_mean_over_10_seeds),pair_mean_over_10_seeds,-0.002619821283509327
rq3c_cc_m50_tabpfn_minus_xgb_coverage_majority,C_exploratory,openml_1489_phoneme,(pair_mean_over_10_seeds),pair_mean_over_10_seeds,-0.00013089005235604744
rq3c_cc_m50_tabpfn_minus_xgb_coverage_majority,C_exploratory,openml_1590_adult,(pair_mean_over_10_seeds),pair_mean_over_10_seeds,-0.0011303996770286816
rq3c_cc_m50_tabpfn_minus_xgb_coverage_majority,C_exploratory,openml_4534_phishingwebsite,(pair_mean_over_10_seeds),pair_mean_over_10_seeds,-0.004630381803411887
rq3c_cc_m50_tabpfn_minus_xgb_coverage_majority,C_exploratory,openml_23512_higgs,(pair_mean_over_10_seeds),pair_mean_over_10_seeds,0.006348287506029926
rq3c_cc_m50_tabpfn_minus_xgb_coverage_majority,C_exploratory,openml_23517_numerai28_6,(pair_mean_over_10_seeds),pair_mean_over_10_seeds,-0.007007809288943701
rq3c_cc_m50_tabpfn_minus_xgb_coverage_disparity,C_exploratory,openml_3_kr_vs_kp,(pair_mean_over_10_seeds),pair_mean_over_10_seeds,0.004584947751555701
rq3c_cc_m50_tabpfn_minus_xgb_coverage_disparity,C_exploratory,openml_24_mushroom,(pair_mean_over_10_seeds),pair_mean_over_10_seeds,-0.029328091298768677
rq3c_cc_m50_tabpfn_minus_xgb_coverage_disparity,C_exploratory,openml_1486_nomao,(pair_mean_over_10_seeds),pair_mean_over_10_seeds,-0.015457328230134104
rq3c_cc_m50_tabpfn_minus_xgb_coverage_disparity,C_exploratory,openml_1489_phoneme,(pair_mean_over_10_seeds),pair_mean_over_10_seeds,-1.5277387814427446e-05
rq3c_cc_m50_tabpfn_minus_xgb_coverage_disparity,C_exploratory,openml_1590_adult,(pair_mean_over_10_seeds),pair_mean_over_10_seeds,0.007295329175549359
rq3c_cc_m50_tabpfn_minus_xgb_coverage_disparity,C_exploratory,openml_4534_phishingwebsite,(pair_mean_over_10_seeds),pair_mean_over_10_seeds,0.013356322220195938
rq3c_cc_m50_tabpfn_minus_xgb_coverage_disparity,C_exploratory,openml_23512_higgs,(pair_mean_over_10_seeds),pair_mean_over_10_seeds,0.005439077771664169
rq3c_cc_m50_tabpfn_minus_xgb_coverage_disparity,C_exploratory,openml_23517_numerai28_6,(pair_mean_over_10_seeds),pair_mean_over_10_seeds,0.009058780349023143
rq3c_cc_m50_tabpfn_minus_xgb_singleton_rate,C_exploratory,openml_3_kr_vs_kp,(pair_mean_over_10_seeds),pair_mean_over_10_seeds,-0.0046874999999999886
rq3c_cc_m50_tabpfn_minus_xgb_singleton_rate,C_exploratory,openml_24_mushroom,(pair_mean_over_10_seeds),pair_mean_over_10_seeds,0.09359999999999999
rq3c_cc_m50_tabpfn_minus_xgb_singleton_rate,C_exploratory,openml_1486_nomao,(pair_mean_over_10_seeds),pair_mean_over_10_seeds,-0.0013201798926447017
rq3c_cc_m50_tabpfn_minus_xgb_singleton_rate,C_exploratory,openml_1489_phoneme,(pair_mean_over_10_seeds),pair_mean_over_10_seeds,0.029509713228492107
rq3c_cc_m50_tabpfn_minus_xgb_singleton_rate,C_exploratory,openml_1590_adult,(pair_mean_over_10_seeds),pair_mean_over_10_seeds,-0.032019654007574984
rq3c_cc_m50_tabpfn_minus_xgb_singleton_rate,C_exploratory,openml_4534_phishingwebsite,(pair_mean_over_10_seeds),pair_mean_over_10_seeds,-0.009543193125282678
rq3c_cc_m50_tabpfn_minus_xgb_singleton_rate,C_exploratory,openml_23512_higgs,(pair_mean_over_10_seeds),pair_mean_over_10_seeds,0.0004895461499235087
rq3c_cc_m50_tabpfn_minus_xgb_singleton_rate,C_exploratory,openml_23517_numerai28_6,(pair_mean_over_10_seeds),pair_mean_over_10_seeds,0.0067691029900332185
rq3c_cc_m50_tabpfn_minus_xgb_average_set_size,C_exploratory,openml_3_kr_vs_kp,(pair_mean_over_10_seeds),pair_mean_over_10_seeds,-0.0046874999999999886
rq3c_cc_m50_tabpfn_minus_xgb_average_set_size,C_exploratory,openml_24_mushroom,(pair_mean_over_10_seeds),pair_mean_over_10_seeds,0.09359999999999999
rq3c_cc_m50_tabpfn_minus_xgb_average_set_size,C_exploratory,openml_1486_nomao,(pair_mean_over_10_seeds),pair_mean_over_10_seeds,-0.0013201798926447017
rq3c_cc_m50_tabpfn_minus_xgb_average_set_size,C_exploratory,openml_1489_phoneme,(pair_mean_over_10_seeds),pair_mean_over_10_seeds,-0.056521739130434775
rq3c_cc_m50_tabpfn_minus_xgb_average_set_size,C_exploratory,openml_1590_adult,(pair_mean_over_10_seeds),pair_mean_over_10_seeds,0.032019654007574984
rq3c_cc_m50_tabpfn_minus_xgb_average_set_size,C_exploratory,openml_4534_phishingwebsite,(pair_mean_over_10_seeds),pair_mean_over_10_seeds,-0.009543193125282678
rq3c_cc_m50_tabpfn_minus_xgb_average_set_size,C_exploratory,openml_23512_higgs,(pair_mean_over_10_seeds),pair_mean_over_10_seeds,-0.0004895461499234921
rq3c_cc_m50_tabpfn_minus_xgb_average_set_size,C_exploratory,openml_23517_numerai28_6,(pair_mean_over_10_seeds),pair_mean_over_10_seeds,-0.006769102990033216
rq3c_cc_m50_tabpfn_minus_xgb_empty_rate,C_exploratory,openml_3_kr_vs_kp,(pair_mean_over_10_seeds),pair_mean_over_10_seeds,0.004687499999999999
rq3c_cc_m50_tabpfn_minus_xgb_empty_rate,C_exploratory,openml_24_mushroom,(pair_mean_over_10_seeds),pair_mean_over_10_seeds,-0.09359999999999999
rq3c_cc_m50_tabpfn_minus_xgb_empty_rate,C_exploratory,openml_1486_nomao,(pair_mean_over_10_seeds),pair_mean_over_10_seeds,0.0013201798926447128
rq3c_cc_m50_tabpfn_minus_xgb_empty_rate,C_exploratory,openml_1489_phoneme,(pair_mean_over_10_seeds),pair_mean_over_10_seeds,0.013506012950971322
rq3c_cc_m50_tabpfn_minus_xgb_empty_rate,C_exploratory,openml_1590_adult,(pair_mean_over_10_seeds),pair_mean_over_10_seeds,0.0
rq3c_cc_m50_tabpfn_minus_xgb_empty_rate,C_exploratory,openml_4534_phishingwebsite,(pair_mean_over_10_seeds),pair_mean_over_10_seeds,0.009543193125282675
rq3c_cc_m50_tabpfn_minus_xgb_empty_rate,C_exploratory,openml_23512_higgs,(pair_mean_over_10_seeds),pair_mean_over_10_seeds,0.0
rq3c_cc_m50_tabpfn_minus_xgb_empty_rate,C_exploratory,openml_23517_numerai28_6,(pair_mean_over_10_seeds),pair_mean_over_10_seeds,0.0
rq3c_cc_m50_tabpfn_minus_xgb_doubleton_rate,C_exploratory,openml_3_kr_vs_kp,(pair_mean_over_10_seeds),pair_mean_over_10_seeds,0.0
rq3c_cc_m50_tabpfn_minus_xgb_doubleton_rate,C_exploratory,openml_24_mushroom,(pair_mean_over_10_seeds),pair_mean_over_10_seeds,0.0
rq3c_cc_m50_tabpfn_minus_xgb_doubleton_rate,C_exploratory,openml_1486_nomao,(pair_mean_over_10_seeds),pair_mean_over_10_seeds,0.0
rq3c_cc_m50_tabpfn_minus_xgb_doubleton_rate,C_exploratory,openml_1489_phoneme,(pair_mean_over_10_seeds),pair_mean_over_10_seeds,-0.04301572617946346
rq3c_cc_m50_tabpfn_minus_xgb_doubleton_rate,C_exploratory,openml_1590_adult,(pair_mean_over_10_seeds),pair_mean_over_10_seeds,0.032019654007574984
rq3c_cc_m50_tabpfn_minus_xgb_doubleton_rate,C_exploratory,openml_4534_phishingwebsite,(pair_mean_over_10_seeds),pair_mean_over_10_seeds,0.0
rq3c_cc_m50_tabpfn_minus_xgb_doubleton_rate,C_exploratory,openml_23512_higgs,(pair_mean_over_10_seeds),pair_mean_over_10_seeds,-0.0004895461499235143
rq3c_cc_m50_tabpfn_minus_xgb_doubleton_rate,C_exploratory,openml_23517_numerai28_6,(pair_mean_over_10_seeds),pair_mean_over_10_seeds,-0.006769102990033226
rq3c_cc_m50_tabpfn_minus_xgb_threshold_sum,C_exploratory,openml_3_kr_vs_kp,(pair_mean_over_10_seeds),pair_mean_over_10_seeds,-0.07881087064743042
rq3c_cc_m50_tabpfn_minus_xgb_threshold_sum,C_exploratory,openml_24_mushroom,(pair_mean_over_10_seeds),pair_mean_over_10_seeds,-0.005328482389450074
rq3c_cc_m50_tabpfn_minus_xgb_threshold_sum,C_exploratory,openml_1486_nomao,(pair_mean_over_10_seeds),pair_mean_over_10_seeds,-0.003567323088645935
rq3c_cc_m50_tabpfn_minus_xgb_threshold_sum,C_exploratory,openml_1489_phoneme,(pair_mean_over_10_seeds),pair_mean_over_10_seeds,-0.16955014914274216
rq3c_cc_m50_tabpfn_minus_xgb_threshold_sum,C_exploratory,openml_1590_adult,(pair_mean_over_10_seeds),pair_mean_over_10_seeds,0.03663082756102085
rq3c_cc_m50_tabpfn_minus_xgb_threshold_sum,C_exploratory,openml_4534_phishingwebsite,(pair_mean_over_10_seeds),pair_mean_over_10_seeds,-0.23079360723495485
rq3c_cc_m50_tabpfn_minus_xgb_threshold_sum,C_exploratory,openml_23512_higgs,(pair_mean_over_10_seeds),pair_mean_over_10_seeds,0.07089514583349228
rq3c_cc_m50_tabpfn_minus_xgb_threshold_sum,C_exploratory,openml_23517_numerai28_6,(pair_mean_over_10_seeds),pair_mean_over_10_seeds,-0.07988415360450744
rq3c_cc_m100_xgb_minus_lr_coverage_minority,C_exploratory,openml_3_kr_vs_kp,(pair_mean_over_10_seeds),pair_mean_over_10_seeds,-1.1102230246251566e-17
rq3c_cc_m100_xgb_minus_lr_coverage_minority,C_exploratory,openml_24_mushroom,(pair_mean_over_10_seeds),pair_mean_over_10_seeds,0.0
rq3c_cc_m100_xgb_minus_lr_coverage_minority,C_exploratory,openml_1486_nomao,(pair_mean_over_10_seeds),pair_mean_over_10_seeds,0.00954799390553578
rq3c_cc_m100_xgb_minus_lr_coverage_minority,C_exploratory,openml_1489_phoneme,(pair_mean_over_10_seeds),pair_mean_over_10_seeds,-0.0012618296529968375
rq3c_cc_m100_xgb_minus_lr_coverage_minority,C_exploratory,openml_1590_adult,(pair_mean_over_10_seeds),pair_mean_over_10_seeds,0.005389221556886236
rq3c_cc_m100_xgb_minus_lr_coverage_minority,C_exploratory,openml_4534_phishingwebsite,(pair_mean_over_10_seeds),pair_mean_over_10_seeds,-0.005306122448979611
rq3c_cc_m100_xgb_minus_lr_coverage_minority,C_exploratory,openml_23512_higgs,(pair_mean_over_10_seeds),pair_mean_over_10_seeds,0.005635478637101121
rq3c_cc_m100_xgb_minus_lr_coverage_minority,C_exploratory,openml_23517_numerai28_6,(pair_mean_over_10_seeds),pair_mean_over_10_seeds,-0.014540495174150236
rq3c_cc_m100_xgb_minus_lr_coverage_majority,C_exploratory,openml_3_kr_vs_kp,(pair_mean_over_10_seeds),pair_mean_over_10_seeds,0.01107784431137726
rq3c_cc_m100_xgb_minus_lr_coverage_majority,C_exploratory,openml_24_mushroom,(pair_mean_over_10_seeds),pair_mean_over_10_seeds,0.0015439429928741145
rq3c_cc_m100_xgb_minus_lr_coverage_majority,C_exploratory,openml_1486_nomao,(pair_mean_over_10_seeds),pair_mean_over_10_seeds,0.005239642567018687
rq3c_cc_m100_xgb_minus_lr_coverage_majority,C_exploratory,openml_1489_phoneme,(pair_mean_over_10_seeds),pair_mean_over_10_seeds,0.006413612565445026
rq3c_cc_m100_xgb_minus_lr_coverage_majority,C_exploratory,openml_1590_adult,(pair_mean_over_10_seeds),pair_mean_over_10_seeds,-0.0015071995693715424
rq3c_cc_m100_xgb_minus_lr_coverage_majority,C_exploratory,openml_4534_phishingwebsite,(pair_mean_over_10_seeds),pair_mean_over_10_seeds,-0.00016246953696180677
rq3c_cc_m100_xgb_minus_lr_coverage_majority,C_exploratory,openml_23512_higgs,(pair_mean_over_10_seeds),pair_mean_over_10_seeds,0.0038398456343463174
rq3c_cc_m100_xgb_minus_lr_coverage_majority,C_exploratory,openml_23517_numerai28_6,(pair_mean_over_10_seeds),pair_mean_over_10_seeds,0.011200164406083046
rq3c_cc_m100_xgb_minus_lr_coverage_disparity,C_exploratory,openml_3_kr_vs_kp,(pair_mean_over_10_seeds),pair_mean_over_10_seeds,0.009281437125748504
rq3c_cc_m100_xgb_minus_lr_coverage_disparity,C_exploratory,openml_24_mushroom,(pair_mean_over_10_seeds),pair_mean_over_10_seeds,-0.004573280791644307
rq3c_cc_m100_xgb_minus_lr_coverage_disparity,C_exploratory,openml_1486_nomao,(pair_mean_over_10_seeds),pair_mean_over_10_seeds,-0.0028463730470546732
rq3c_cc_m100_xgb_minus_lr_coverage_disparity,C_exploratory,openml_1489_phoneme,(pair_mean_over_10_seeds),pair_mean_over_10_seeds,0.0054986209060729485
rq3c_cc_m100_xgb_minus_lr_coverage_disparity,C_exploratory,openml_1590_adult,(pair_mean_over_10_seeds),pair_mean_over_10_seeds,0.0020869616669538906
rq3c_cc_m100_xgb_minus_lr_coverage_disparity,C_exploratory,openml_4534_phishingwebsite,(pair_mean_over_10_seeds),pair_mean_over_10_seeds,-0.01397851423266302
rq3c_cc_m100_xgb_minus_lr_coverage_disparity,C_exploratory,openml_23512_higgs,(pair_mean_over_10_seeds),pair_mean_over_10_seeds,-0.0008545681333334221
rq3c_cc_m100_xgb_minus_lr_coverage_disparity,C_exploratory,openml_23517_numerai28_6,(pair_mean_over_10_seeds),pair_mean_over_10_seeds,0.011228157594579624
rq3c_cc_m100_xgb_minus_lr_singleton_rate,C_exploratory,openml_3_kr_vs_kp,(pair_mean_over_10_seeds),pair_mean_over_10_seeds,-0.0046875
rq3c_cc_m100_xgb_minus_lr_singleton_rate,C_exploratory,openml_24_mushroom,(pair_mean_over_10_seeds),pair_mean_over_10_seeds,0.0007999999999999674
rq3c_cc_m100_xgb_minus_lr_singleton_rate,C_exploratory,openml_1486_nomao,(pair_mean_over_10_seeds),pair_mean_over_10_seeds,-0.011185260409110675
rq3c_cc_m100_xgb_minus_lr_singleton_rate,C_exploratory,openml_1489_phoneme,(pair_mean_over_10_seeds),pair_mean_over_10_seeds,0.3410730804810361
rq3c_cc_m100_xgb_minus_lr_singleton_rate,C_exploratory,openml_1590_adult,(pair_mean_over_10_seeds),pair_mean_over_10_seeds,0.052277612856996614
rq3c_cc_m100_xgb_minus_lr_singleton_rate,C_exploratory,openml_4534_phishingwebsite,(pair_mean_over_10_seeds),pair_mean_over_10_seeds,-0.03844414292175487
rq3c_cc_m100_xgb_minus_lr_singleton_rate,C_exploratory,openml_23512_higgs,(pair_mean_over_10_seeds),pair_mean_over_10_seeds,0.1975981642019377
rq3c_cc_m100_xgb_minus_lr_singleton_rate,C_exploratory,openml_23517_numerai28_6,(pair_mean_over_10_seeds),pair_mean_over_10_seeds,-0.005684177740863791
rq3c_cc_m100_xgb_minus_lr_average_set_size,C_exploratory,openml_3_kr_vs_kp,(pair_mean_over_10_seeds),pair_mean_over_10_seeds,-0.0046875
rq3c_cc_m100_xgb_minus_lr_average_set_size,C_exploratory,openml_24_mushroom,(pair_mean_over_10_seeds),pair_mean_over_10_seeds,0.0007999999999999674
rq3c_cc_m100_xgb_minus_lr_average_set_size,C_exploratory,openml_1486_nomao,(pair_mean_over_10_seeds),pair_mean_over_10_seeds,-0.011185260409110675
rq3c_cc_m100_xgb_minus_lr_average_set_size,C_exploratory,openml_1489_phoneme,(pair_mean_over_10_seeds),pair_mean_over_10_seeds,-0.3445883441258094
rq3c_cc_m100_xgb_minus_lr_average_set_size,C_exploratory,openml_1590_adult,(pair_mean_over_10_seeds),pair_mean_over_10_seeds,-0.052277612856996655
rq3c_cc_m100_xgb_minus_lr_average_set_size,C_exploratory,openml_4534_phishingwebsite,(pair_mean_over_10_seeds),pair_mean_over_10_seeds,-0.03844414292175487
rq3c_cc_m100_xgb_minus_lr_average_set_size,C_exploratory,openml_23512_higgs,(pair_mean_over_10_seeds),pair_mean_over_10_seeds,-0.19759816420193782
rq3c_cc_m100_xgb_minus_lr_average_set_size,C_exploratory,openml_23517_numerai28_6,(pair_mean_over_10_seeds),pair_mean_over_10_seeds,0.00568417774086385
rq3c_cc_m100_xgb_minus_lr_empty_rate,C_exploratory,openml_3_kr_vs_kp,(pair_mean_over_10_seeds),pair_mean_over_10_seeds,0.004687500000000001
rq3c_cc_m100_xgb_minus_lr_empty_rate,C_exploratory,openml_24_mushroom,(pair_mean_over_10_seeds),pair_mean_over_10_seeds,-0.0008000000000000021
rq3c_cc_m100_xgb_minus_lr_empty_rate,C_exploratory,openml_1486_nomao,(pair_mean_over_10_seeds),pair_mean_over_10_seeds,0.01118526040911069
rq3c_cc_m100_xgb_minus_lr_empty_rate,C_exploratory,openml_1489_phoneme,(pair_mean_over_10_seeds),pair_mean_over_10_seeds,0.001757631822386679
rq3c_cc_m100_xgb_minus_lr_empty_rate,C_exploratory,openml_1590_adult,(pair_mean_over_10_seeds),pair_mean_over_10_seeds,0.0
rq3c_cc_m100_xgb_minus_lr_empty_rate,C_exploratory,openml_4534_phishingwebsite,(pair_mean_over_10_seeds),pair_mean_over_10_seeds,0.03844414292175487
rq3c_cc_m100_xgb_minus_lr_empty_rate,C_exploratory,openml_23512_higgs,(pair_mean_over_10_seeds),pair_mean_over_10_seeds,0.0
rq3c_cc_m100_xgb_minus_lr_empty_rate,C_exploratory,openml_23517_numerai28_6,(pair_mean_over_10_seeds),pair_mean_over_10_seeds,0.0
rq3c_cc_m100_xgb_minus_lr_doubleton_rate,C_exploratory,openml_3_kr_vs_kp,(pair_mean_over_10_seeds),pair_mean_over_10_seeds,0.0
rq3c_cc_m100_xgb_minus_lr_doubleton_rate,C_exploratory,openml_24_mushroom,(pair_mean_over_10_seeds),pair_mean_over_10_seeds,0.0
rq3c_cc_m100_xgb_minus_lr_doubleton_rate,C_exploratory,openml_1486_nomao,(pair_mean_over_10_seeds),pair_mean_over_10_seeds,0.0
rq3c_cc_m100_xgb_minus_lr_doubleton_rate,C_exploratory,openml_1489_phoneme,(pair_mean_over_10_seeds),pair_mean_over_10_seeds,-0.34283071230342277
rq3c_cc_m100_xgb_minus_lr_doubleton_rate,C_exploratory,openml_1590_adult,(pair_mean_over_10_seeds),pair_mean_over_10_seeds,-0.05227761285699663
rq3c_cc_m100_xgb_minus_lr_doubleton_rate,C_exploratory,openml_4534_phishingwebsite,(pair_mean_over_10_seeds),pair_mean_over_10_seeds,0.0
rq3c_cc_m100_xgb_minus_lr_doubleton_rate,C_exploratory,openml_23512_higgs,(pair_mean_over_10_seeds),pair_mean_over_10_seeds,-0.19759816420193776
rq3c_cc_m100_xgb_minus_lr_doubleton_rate,C_exploratory,openml_23517_numerai28_6,(pair_mean_over_10_seeds),pair_mean_over_10_seeds,0.00568417774086376
rq3c_cc_m100_xgb_minus_lr_threshold_sum,C_exploratory,openml_3_kr_vs_kp,(pair_mean_over_10_seeds),pair_mean_over_10_seeds,-0.36924764324605563
rq3c_cc_m100_xgb_minus_lr_threshold_sum,C_exploratory,openml_24_mushroom,(pair_mean_over_10_seeds),pair_mean_over_10_seeds,-0.029984430638316427
rq3c_cc_m100_xgb_minus_lr_threshold_sum,C_exploratory,openml_1486_nomao,(pair_mean_over_10_seeds),pair_mean_over_10_seeds,-0.23997613076035024
rq3c_cc_m100_xgb_minus_lr_threshold_sum,C_exploratory,openml_1489_phoneme,(pair_mean_over_10_seeds),pair_mean_over_10_seeds,-0.25003255393463736
rq3c_cc_m100_xgb_minus_lr_threshold_sum,C_exploratory,openml_1590_adult,(pair_mean_over_10_seeds),pair_mean_over_10_seeds,-0.038753613034604936
rq3c_cc_m100_xgb_minus_lr_threshold_sum,C_exploratory,openml_4534_phishingwebsite,(pair_mean_over_10_seeds),pair_mean_over_10_seeds,-0.36376767321024667
rq3c_cc_m100_xgb_minus_lr_threshold_sum,C_exploratory,openml_23512_higgs,(pair_mean_over_10_seeds),pair_mean_over_10_seeds,0.10208112833940897
rq3c_cc_m100_xgb_minus_lr_threshold_sum,C_exploratory,openml_23517_numerai28_6,(pair_mean_over_10_seeds),pair_mean_over_10_seeds,0.07133463510592682
rq3c_cc_m100_tabpfn_minus_lr_coverage_minority,C_exploratory,openml_3_kr_vs_kp,(pair_mean_over_10_seeds),pair_mean_over_10_seeds,0.004901960784313719
rq3c_cc_m100_tabpfn_minus_lr_coverage_minority,C_exploratory,openml_24_mushroom,(pair_mean_over_10_seeds),pair_mean_over_10_seeds,0.10817369093231162
rq3c_cc_m100_tabpfn_minus_lr_coverage_minority,C_exploratory,openml_1486_nomao,(pair_mean_over_10_seeds),pair_mean_over_10_seeds,0.009547993905535812
rq3c_cc_m100_tabpfn_minus_lr_coverage_minority,C_exploratory,openml_1489_phoneme,(pair_mean_over_10_seeds),pair_mean_over_10_seeds,-0.0003154574132492205
rq3c_cc_m100_tabpfn_minus_lr_coverage_minority,C_exploratory,openml_1590_adult,(pair_mean_over_10_seeds),pair_mean_over_10_seeds,0.010222412318220686
rq3c_cc_m100_tabpfn_minus_lr_coverage_minority,C_exploratory,openml_4534_phishingwebsite,(pair_mean_over_10_seeds),pair_mean_over_10_seeds,-0.01061224489795919
rq3c_cc_m100_tabpfn_minus_lr_coverage_minority,C_exploratory,openml_23512_higgs,(pair_mean_over_10_seeds),pair_mean_over_10_seeds,0.01312060573282856
rq3c_cc_m100_tabpfn_minus_lr_coverage_minority,C_exploratory,openml_23517_numerai28_6,(pair_mean_over_10_seeds),pair_mean_over_10_seeds,-0.004846831724716738
rq3c_cc_m100_tabpfn_minus_lr_coverage_majority,C_exploratory,openml_3_kr_vs_kp,(pair_mean_over_10_seeds),pair_mean_over_10_seeds,0.00628742514970061
rq3c_cc_m100_tabpfn_minus_lr_coverage_majority,C_exploratory,openml_24_mushroom,(pair_mean_over_10_seeds),pair_mean_over_10_seeds,0.09133016627078386
rq3c_cc_m100_tabpfn_minus_lr_coverage_majority,C_exploratory,openml_1486_nomao,(pair_mean_over_10_seeds),pair_mean_over_10_seeds,0.0026198212835093606
rq3c_cc_m100_tabpfn_minus_lr_coverage_majority,C_exploratory,openml_1489_phoneme,(pair_mean_over_10_seeds),pair_mean_over_10_seeds,0.0062827225130889786
rq3c_cc_m100_tabpfn_minus_lr_coverage_majority,C_exploratory,openml_1590_adult,(pair_mean_over_10_seeds),pair_mean_over_10_seeds,-0.002637599246400224
rq3c_cc_m100_tabpfn_minus_lr_coverage_majority,C_exploratory,openml_4534_phishingwebsite,(pair_mean_over_10_seeds),pair_mean_over_10_seeds,-0.0047928513403736935
rq3c_cc_m100_tabpfn_minus_lr_coverage_majority,C_exploratory,openml_23512_higgs,(pair_mean_over_10_seeds),pair_mean_over_10_seeds,0.010188133140376244
rq3c_cc_m100_tabpfn_minus_lr_coverage_majority,C_exploratory,openml_23517_numerai28_6,(pair_mean_over_10_seeds),pair_mean_over_10_seeds,0.004192355117139346
rq3c_cc_m100_tabpfn_minus_lr_coverage_disparity,C_exploratory,openml_3_kr_vs_kp,(pair_mean_over_10_seeds),pair_mean_over_10_seeds,0.00744002191695039
rq3c_cc_m100_tabpfn_minus_lr_coverage_disparity,C_exploratory,openml_24_mushroom,(pair_mean_over_10_seeds),pair_mean_over_10_seeds,-0.030082998880607215
rq3c_cc_m100_tabpfn_minus_lr_coverage_disparity,C_exploratory,openml_1486_nomao,(pair_mean_over_10_seeds),pair_mean_over_10_seeds,-0.010842706549403646
rq3c_cc_m100_tabpfn_minus_lr_coverage_disparity,C_exploratory,openml_1489_phoneme,(pair_mean_over_10_seeds),pair_mean_over_10_seeds,0.004958131699340962
rq3c_cc_m100_tabpfn_minus_lr_coverage_disparity,C_exploratory,openml_1590_adult,(pair_mean_over_10_seeds),pair_mean_over_10_seeds,0.002172383993763449
rq3c_cc_m100_tabpfn_minus_lr_coverage_disparity,C_exploratory,openml_4534_phishingwebsite,(pair_mean_over_10_seeds),pair_mean_over_10_seeds,-0.007448067773006861
rq3c_cc_m100_tabpfn_minus_lr_coverage_disparity,C_exploratory,openml_23512_higgs,(pair_mean_over_10_seeds),pair_mean_over_10_seeds,0.0019571680184879868
rq3c_cc_m100_tabpfn_minus_lr_coverage_disparity,C_exploratory,openml_23517_numerai28_6,(pair_mean_over_10_seeds),pair_mean_over_10_seeds,-0.0013921393815868321
rq3c_cc_m100_tabpfn_minus_lr_singleton_rate,C_exploratory,openml_3_kr_vs_kp,(pair_mean_over_10_seeds),pair_mean_over_10_seeds,-0.004999999999999993
rq3c_cc_m100_tabpfn_minus_lr_singleton_rate,C_exploratory,openml_24_mushroom,(pair_mean_over_10_seeds),pair_mean_over_10_seeds,0.09944615384615382
rq3c_cc_m100_tabpfn_minus_lr_singleton_rate,C_exploratory,openml_1486_nomao,(pair_mean_over_10_seeds),pair_mean_over_10_seeds,-0.014173799506745976
rq3c_cc_m100_tabpfn_minus_lr_singleton_rate,C_exploratory,openml_1489_phoneme,(pair_mean_over_10_seeds),pair_mean_over_10_seeds,0.367622571692877
rq3c_cc_m100_tabpfn_minus_lr_singleton_rate,C_exploratory,openml_1590_adult,(pair_mean_over_10_seeds),pair_mean_over_10_seeds,0.014740505681236572
rq3c_cc_m100_tabpfn_minus_lr_singleton_rate,C_exploratory,openml_4534_phishingwebsite,(pair_mean_over_10_seeds),pair_mean_over_10_seeds,-0.04825870646766169
rq3c_cc_m100_tabpfn_minus_lr_singleton_rate,C_exploratory,openml_23512_higgs,(pair_mean_over_10_seeds),pair_mean_over_10_seeds,0.2103824579296277
rq3c_cc_m100_tabpfn_minus_lr_singleton_rate,C_exploratory,openml_23517_numerai28_6,(pair_mean_over_10_seeds),pair_mean_over_10_seeds,0.0017286129568106295
rq3c_cc_m100_tabpfn_minus_lr_average_set_size,C_exploratory,openml_3_kr_vs_kp,(pair_mean_over_10_seeds),pair_mean_over_10_seeds,-0.004999999999999993
rq3c_cc_m100_tabpfn_minus_lr_average_set_size,C_exploratory,openml_24_mushroom,(pair_mean_over_10_seeds),pair_mean_over_10_seeds,0.09944615384615382
rq3c_cc_m100_tabpfn_minus_lr_average_set_size,C_exploratory,openml_1486_nomao,(pair_mean_over_10_seeds),pair_mean_over_10_seeds,-0.014173799506745976
rq3c_cc_m100_tabpfn_minus_lr_average_set_size,C_exploratory,openml_1489_phoneme,(pair_mean_over_10_seeds),pair_mean_over_10_seeds,-0.4042553191489362
rq3c_cc_m100_tabpfn_minus_lr_average_set_size,C_exploratory,openml_1590_adult,(pair_mean_over_10_seeds),pair_mean_over_10_seeds,-0.014740505681236572
rq3c_cc_m100_tabpfn_minus_lr_average_set_size,C_exploratory,openml_4534_phishingwebsite,(pair_mean_over_10_seeds),pair_mean_over_10_seeds,-0.04825870646766169
rq3c_cc_m100_tabpfn_minus_lr_average_set_size,C_exploratory,openml_23512_higgs,(pair_mean_over_10_seeds),pair_mean_over_10_seeds,-0.21038245792962776
rq3c_cc_m100_tabpfn_minus_lr_average_set_size,C_exploratory,openml_23517_numerai28_6,(pair_mean_over_10_seeds),pair_mean_over_10_seeds,-0.0017286129568106156
rq3c_cc_m100_tabpfn_minus_lr_empty_rate,C_exploratory,openml_3_kr_vs_kp,(pair_mean_over_10_seeds),pair_mean_over_10_seeds,0.005000000000000003
rq3c_cc_m100_tabpfn_minus_lr_empty_rate,C_exploratory,openml_24_mushroom,(pair_mean_over_10_seeds),pair_mean_over_10_seeds,-0.09944615384615384
rq3c_cc_m100_tabpfn_minus_lr_empty_rate,C_exploratory,openml_1486_nomao,(pair_mean_over_10_seeds),pair_mean_over_10_seeds,0.014173799506745976
rq3c_cc_m100_tabpfn_minus_lr_empty_rate,C_exploratory,openml_1489_phoneme,(pair_mean_over_10_seeds),pair_mean_over_10_seeds,0.0183163737280296
rq3c_cc_m100_tabpfn_minus_lr_empty_rate,C_exploratory,openml_1590_adult,(pair_mean_over_10_seeds),pair_mean_over_10_seeds,0.0
rq3c_cc_m100_tabpfn_minus_lr_empty_rate,C_exploratory,openml_4534_phishingwebsite,(pair_mean_over_10_seeds),pair_mean_over_10_seeds,0.04825870646766169
rq3c_cc_m100_tabpfn_minus_lr_empty_rate,C_exploratory,openml_23512_higgs,(pair_mean_over_10_seeds),pair_mean_over_10_seeds,0.0
rq3c_cc_m100_tabpfn_minus_lr_empty_rate,C_exploratory,openml_23517_numerai28_6,(pair_mean_over_10_seeds),pair_mean_over_10_seeds,0.0
rq3c_cc_m100_tabpfn_minus_lr_doubleton_rate,C_exploratory,openml_3_kr_vs_kp,(pair_mean_over_10_seeds),pair_mean_over_10_seeds,0.0
rq3c_cc_m100_tabpfn_minus_lr_doubleton_rate,C_exploratory,openml_24_mushroom,(pair_mean_over_10_seeds),pair_mean_over_10_seeds,0.0
rq3c_cc_m100_tabpfn_minus_lr_doubleton_rate,C_exploratory,openml_1486_nomao,(pair_mean_over_10_seeds),pair_mean_over_10_seeds,0.0
rq3c_cc_m100_tabpfn_minus_lr_doubleton_rate,C_exploratory,openml_1489_phoneme,(pair_mean_over_10_seeds),pair_mean_over_10_seeds,-0.3859389454209066
rq3c_cc_m100_tabpfn_minus_lr_doubleton_rate,C_exploratory,openml_1590_adult,(pair_mean_over_10_seeds),pair_mean_over_10_seeds,-0.014740505681236563
rq3c_cc_m100_tabpfn_minus_lr_doubleton_rate,C_exploratory,openml_4534_phishingwebsite,(pair_mean_over_10_seeds),pair_mean_over_10_seeds,0.0
rq3c_cc_m100_tabpfn_minus_lr_doubleton_rate,C_exploratory,openml_23512_higgs,(pair_mean_over_10_seeds),pair_mean_over_10_seeds,-0.21038245792962776
rq3c_cc_m100_tabpfn_minus_lr_doubleton_rate,C_exploratory,openml_23517_numerai28_6,(pair_mean_over_10_seeds),pair_mean_over_10_seeds,-0.001728612956810638
rq3c_cc_m100_tabpfn_minus_lr_threshold_sum,C_exploratory,openml_3_kr_vs_kp,(pair_mean_over_10_seeds),pair_mean_over_10_seeds,-0.45069730092465976
rq3c_cc_m100_tabpfn_minus_lr_threshold_sum,C_exploratory,openml_24_mushroom,(pair_mean_over_10_seeds),pair_mean_over_10_seeds,-0.03437468227482156
rq3c_cc_m100_tabpfn_minus_lr_threshold_sum,C_exploratory,openml_1486_nomao,(pair_mean_over_10_seeds),pair_mean_over_10_seeds,-0.24808340553108693
rq3c_cc_m100_tabpfn_minus_lr_threshold_sum,C_exploratory,openml_1489_phoneme,(pair_mean_over_10_seeds),pair_mean_over_10_seeds,-0.4512167670961058
rq3c_cc_m100_tabpfn_minus_lr_threshold_sum,C_exploratory,openml_1590_adult,(pair_mean_over_10_seeds),pair_mean_over_10_seeds,0.005277855744243709
rq3c_cc_m100_tabpfn_minus_lr_threshold_sum,C_exploratory,openml_4534_phishingwebsite,(pair_mean_over_10_seeds),pair_mean_over_10_seeds,-0.5986862675705982
rq3c_cc_m100_tabpfn_minus_lr_threshold_sum,C_exploratory,openml_23512_higgs,(pair_mean_over_10_seeds),pair_mean_over_10_seeds,0.16205984739506157
rq3c_cc_m100_tabpfn_minus_lr_threshold_sum,C_exploratory,openml_23517_numerai28_6,(pair_mean_over_10_seeds),pair_mean_over_10_seeds,-0.007947413238685308
rq3c_cc_m100_tabpfn_minus_xgb_coverage_minority,C_exploratory,openml_3_kr_vs_kp,(pair_mean_over_10_seeds),pair_mean_over_10_seeds,0.004901960784313731
rq3c_cc_m100_tabpfn_minus_xgb_coverage_minority,C_exploratory,openml_24_mushroom,(pair_mean_over_10_seeds),pair_mean_over_10_seeds,0.10817369093231162
rq3c_cc_m100_tabpfn_minus_xgb_coverage_minority,C_exploratory,openml_1486_nomao,(pair_mean_over_10_seeds),pair_mean_over_10_seeds,3.3306690738754695e-17
rq3c_cc_m100_tabpfn_minus_xgb_coverage_minority,C_exploratory,openml_1489_phoneme,(pair_mean_over_10_seeds),pair_mean_over_10_seeds,0.0009463722397476171
rq3c_cc_m100_tabpfn_minus_xgb_coverage_minority,C_exploratory,openml_1590_adult,(pair_mean_over_10_seeds),pair_mean_over_10_seeds,0.00483319076133445
rq3c_cc_m100_tabpfn_minus_xgb_coverage_minority,C_exploratory,openml_4534_phishingwebsite,(pair_mean_over_10_seeds),pair_mean_over_10_seeds,-0.005306122448979577
rq3c_cc_m100_tabpfn_minus_xgb_coverage_minority,C_exploratory,openml_23512_higgs,(pair_mean_over_10_seeds),pair_mean_over_10_seeds,0.007485127095727439
rq3c_cc_m100_tabpfn_minus_xgb_coverage_minority,C_exploratory,openml_23517_numerai28_6,(pair_mean_over_10_seeds),pair_mean_over_10_seeds,0.009693663449433499
rq3c_cc_m100_tabpfn_minus_xgb_coverage_majority,C_exploratory,openml_3_kr_vs_kp,(pair_mean_over_10_seeds),pair_mean_over_10_seeds,-0.004790419161676651
rq3c_cc_m100_tabpfn_minus_xgb_coverage_majority,C_exploratory,openml_24_mushroom,(pair_mean_over_10_seeds),pair_mean_over_10_seeds,0.08978622327790974
rq3c_cc_m100_tabpfn_minus_xgb_coverage_majority,C_exploratory,openml_1486_nomao,(pair_mean_over_10_seeds),pair_mean_over_10_seeds,-0.002619821283509327
rq3c_cc_m100_tabpfn_minus_xgb_coverage_majority,C_exploratory,openml_1489_phoneme,(pair_mean_over_10_seeds),pair_mean_over_10_seeds,-0.00013089005235604744
rq3c_cc_m100_tabpfn_minus_xgb_coverage_majority,C_exploratory,openml_1590_adult,(pair_mean_over_10_seeds),pair_mean_over_10_seeds,-0.0011303996770286816
rq3c_cc_m100_tabpfn_minus_xgb_coverage_majority,C_exploratory,openml_4534_phishingwebsite,(pair_mean_over_10_seeds),pair_mean_over_10_seeds,-0.004630381803411887
rq3c_cc_m100_tabpfn_minus_xgb_coverage_majority,C_exploratory,openml_23512_higgs,(pair_mean_over_10_seeds),pair_mean_over_10_seeds,0.006348287506029926
rq3c_cc_m100_tabpfn_minus_xgb_coverage_majority,C_exploratory,openml_23517_numerai28_6,(pair_mean_over_10_seeds),pair_mean_over_10_seeds,-0.007007809288943701
rq3c_cc_m100_tabpfn_minus_xgb_coverage_disparity,C_exploratory,openml_3_kr_vs_kp,(pair_mean_over_10_seeds),pair_mean_over_10_seeds,-0.0018414152087981139
rq3c_cc_m100_tabpfn_minus_xgb_coverage_disparity,C_exploratory,openml_24_mushroom,(pair_mean_over_10_seeds),pair_mean_over_10_seeds,-0.025509718088962907
rq3c_cc_m100_tabpfn_minus_xgb_coverage_disparity,C_exploratory,openml_1486_nomao,(pair_mean_over_10_seeds),pair_mean_over_10_seeds,-0.007996333502348973
rq3c_cc_m100_tabpfn_minus_xgb_coverage_disparity,C_exploratory,openml_1489_phoneme,(pair_mean_over_10_seeds),pair_mean_over_10_seeds,-0.0005404892067319867
rq3c_cc_m100_tabpfn_minus_xgb_coverage_disparity,C_exploratory,openml_1590_adult,(pair_mean_over_10_seeds),pair_mean_over_10_seeds,8.542232680955886e-05
rq3c_cc_m100_tabpfn_minus_xgb_coverage_disparity,C_exploratory,openml_4534_phishingwebsite,(pair_mean_over_10_seeds),pair_mean_over_10_seeds,0.006530446459656158
rq3c_cc_m100_tabpfn_minus_xgb_coverage_disparity,C_exploratory,openml_23512_higgs,(pair_mean_over_10_seeds),pair_mean_over_10_seeds,0.002811736151821409
rq3c_cc_m100_tabpfn_minus_xgb_coverage_disparity,C_exploratory,openml_23517_numerai28_6,(pair_mean_over_10_seeds),pair_mean_over_10_seeds,-0.012620296976166456
rq3c_cc_m100_tabpfn_minus_xgb_singleton_rate,C_exploratory,openml_3_kr_vs_kp,(pair_mean_over_10_seeds),pair_mean_over_10_seeds,-0.00031249999999999334
rq3c_cc_m100_tabpfn_minus_xgb_singleton_rate,C_exploratory,openml_24_mushroom,(pair_mean_over_10_seeds),pair_mean_over_10_seeds,0.09864615384615386
rq3c_cc_m100_tabpfn_minus_xgb_singleton_rate,C_exploratory,openml_1486_nomao,(pair_mean_over_10_seeds),pair_mean_over_10_seeds,-0.002988539097635301
rq3c_cc_m100_tabpfn_minus_xgb_singleton_rate,C_exploratory,openml_1489_phoneme,(pair_mean_over_10_seeds),pair_mean_over_10_seeds,0.02654949121184088
rq3c_cc_m100_tabpfn_minus_xgb_singleton_rate,C_exploratory,openml_1590_adult,(pair_mean_over_10_seeds),pair_mean_over_10_seeds,-0.037537107175760046
rq3c_cc_m100_tabpfn_minus_xgb_singleton_rate,C_exploratory,openml_4534_phishingwebsite,(pair_mean_over_10_seeds),pair_mean_over_10_seeds,-0.009814563545906829
rq3c_cc_m100_tabpfn_minus_xgb_singleton_rate,C_exploratory,openml_23512_higgs,(pair_mean_over_10_seeds),pair_mean_over_10_seeds,0.012784293727689976
rq3c_cc_m100_tabpfn_minus_xgb_singleton_rate,C_exploratory,openml_23517_numerai28_6,(pair_mean_over_10_seeds),pair_mean_over_10_seeds,0.007412790697674421
rq3c_cc_m100_tabpfn_minus_xgb_average_set_size,C_exploratory,openml_3_kr_vs_kp,(pair_mean_over_10_seeds),pair_mean_over_10_seeds,-0.00031249999999999334
rq3c_cc_m100_tabpfn_minus_xgb_average_set_size,C_exploratory,openml_24_mushroom,(pair_mean_over_10_seeds),pair_mean_over_10_seeds,0.09864615384615386
rq3c_cc_m100_tabpfn_minus_xgb_average_set_size,C_exploratory,openml_1486_nomao,(pair_mean_over_10_seeds),pair_mean_over_10_seeds,-0.002988539097635301
rq3c_cc_m100_tabpfn_minus_xgb_average_set_size,C_exploratory,openml_1489_phoneme,(pair_mean_over_10_seeds),pair_mean_over_10_seeds,-0.059666975023126734
rq3c_cc_m100_tabpfn_minus_xgb_average_set_size,C_exploratory,openml_1590_adult,(pair_mean_over_10_seeds),pair_mean_over_10_seeds,0.03753710717576009
rq3c_cc_m100_tabpfn_minus_xgb_average_set_size,C_exploratory,openml_4534_phishingwebsite,(pair_mean_over_10_seeds),pair_mean_over_10_seeds,-0.009814563545906829
rq3c_cc_m100_tabpfn_minus_xgb_average_set_size,C_exploratory,openml_23512_higgs,(pair_mean_over_10_seeds),pair_mean_over_10_seeds,-0.012784293727689943
rq3c_cc_m100_tabpfn_minus_xgb_average_set_size,C_exploratory,openml_23517_numerai28_6,(pair_mean_over_10_seeds),pair_mean_over_10_seeds,-0.007412790697674465
rq3c_cc_m100_tabpfn_minus_xgb_empty_rate,C_exploratory,openml_3_kr_vs_kp,(pair_mean_over_10_seeds),pair_mean_over_10_seeds,0.0003125000000000017
rq3c_cc_m100_tabpfn_minus_xgb_empty_rate,C_exploratory,openml_24_mushroom,(pair_mean_over_10_seeds),pair_mean_over_10_seeds,-0.09864615384615384
rq3c_cc_m100_tabpfn_minus_xgb_empty_rate,C_exploratory,openml_1486_nomao,(pair_mean_over_10_seeds),pair_mean_over_10_seeds,0.0029885390976352845
rq3c_cc_m100_tabpfn_minus_xgb_empty_rate,C_exploratory,openml_1489_phoneme,(pair_mean_over_10_seeds),pair_mean_over_10_seeds,0.01655874190564292
rq3c_cc_m100_tabpfn_minus_xgb_empty_rate,C_exploratory,openml_1590_adult,(pair_mean_over_10_seeds),pair_mean_over_10_seeds,0.0
rq3c_cc_m100_tabpfn_minus_xgb_empty_rate,C_exploratory,openml_4534_phishingwebsite,(pair_mean_over_10_seeds),pair_mean_over_10_seeds,0.00981456354590683
rq3c_cc_m100_tabpfn_minus_xgb_empty_rate,C_exploratory,openml_23512_higgs,(pair_mean_over_10_seeds),pair_mean_over_10_seeds,0.0
rq3c_cc_m100_tabpfn_minus_xgb_empty_rate,C_exploratory,openml_23517_numerai28_6,(pair_mean_over_10_seeds),pair_mean_over_10_seeds,0.0
rq3c_cc_m100_tabpfn_minus_xgb_doubleton_rate,C_exploratory,openml_3_kr_vs_kp,(pair_mean_over_10_seeds),pair_mean_over_10_seeds,0.0
rq3c_cc_m100_tabpfn_minus_xgb_doubleton_rate,C_exploratory,openml_24_mushroom,(pair_mean_over_10_seeds),pair_mean_over_10_seeds,0.0
rq3c_cc_m100_tabpfn_minus_xgb_doubleton_rate,C_exploratory,openml_1486_nomao,(pair_mean_over_10_seeds),pair_mean_over_10_seeds,0.0
rq3c_cc_m100_tabpfn_minus_xgb_doubleton_rate,C_exploratory,openml_1489_phoneme,(pair_mean_over_10_seeds),pair_mean_over_10_seeds,-0.04310823311748382
rq3c_cc_m100_tabpfn_minus_xgb_doubleton_rate,C_exploratory,openml_1590_adult,(pair_mean_over_10_seeds),pair_mean_over_10_seeds,0.03753710717576005
rq3c_cc_m100_tabpfn_minus_xgb_doubleton_rate,C_exploratory,openml_4534_phishingwebsite,(pair_mean_over_10_seeds),pair_mean_over_10_seeds,0.0
rq3c_cc_m100_tabpfn_minus_xgb_doubleton_rate,C_exploratory,openml_23512_higgs,(pair_mean_over_10_seeds),pair_mean_over_10_seeds,-0.012784293727689956
rq3c_cc_m100_tabpfn_minus_xgb_doubleton_rate,C_exploratory,openml_23517_numerai28_6,(pair_mean_over_10_seeds),pair_mean_over_10_seeds,-0.007412790697674398
rq3c_cc_m100_tabpfn_minus_xgb_threshold_sum,C_exploratory,openml_3_kr_vs_kp,(pair_mean_over_10_seeds),pair_mean_over_10_seeds,-0.08144965767860413
rq3c_cc_m100_tabpfn_minus_xgb_threshold_sum,C_exploratory,openml_24_mushroom,(pair_mean_over_10_seeds),pair_mean_over_10_seeds,-0.004390251636505127
rq3c_cc_m100_tabpfn_minus_xgb_threshold_sum,C_exploratory,openml_1486_nomao,(pair_mean_over_10_seeds),pair_mean_over_10_seeds,-0.008107274770736694
rq3c_cc_m100_tabpfn_minus_xgb_threshold_sum,C_exploratory,openml_1489_phoneme,(pair_mean_over_10_seeds),pair_mean_over_10_seeds,-0.2011842131614685
rq3c_cc_m100_tabpfn_minus_xgb_threshold_sum,C_exploratory,openml_1590_adult,(pair_mean_over_10_seeds),pair_mean_over_10_seeds,0.04403146877884865
rq3c_cc_m100_tabpfn_minus_xgb_threshold_sum,C_exploratory,openml_4534_phishingwebsite,(pair_mean_over_10_seeds),pair_mean_over_10_seeds,-0.23491859436035156
rq3c_cc_m100_tabpfn_minus_xgb_threshold_sum,C_exploratory,openml_23512_higgs,(pair_mean_over_10_seeds),pair_mean_over_10_seeds,0.05997871905565262
rq3c_cc_m100_tabpfn_minus_xgb_threshold_sum,C_exploratory,openml_23517_numerai28_6,(pair_mean_over_10_seeds),pair_mean_over_10_seeds,-0.07928204834461212
