dataset_id,model,cp_method,m_minority,metric,n,mean,median,sd_ddof1,iqr,q25,q75,min,max,across_seed_boot_ci_low,across_seed_boot_ci_high,uncertainty_type
openml_3_kr_vs_kp,logistic_regression,global_split_cp,10,coverage_minority,10,0.8732026143790851,0.8856209150326797,0.03766606677411733,0.039215686274509776,0.8594771241830066,0.8986928104575164,0.8006535947712419,0.9183006535947712,0.8503267973856209,0.8934722222222216,across_seed_bootstrap_exploratory
openml_3_kr_vs_kp,logistic_regression,global_split_cp,10,coverage_majority,10,0.8928143712574851,0.8892215568862275,0.028291256910023186,0.03967065868263475,0.8720059880239521,0.9116766467065869,0.8562874251497006,0.9461077844311377,0.876946107784431,0.9098802395209582,across_seed_bootstrap_exploratory
openml_3_kr_vs_kp,logistic_regression,global_split_cp,10,coverage_disparity,10,0.02730617196978591,0.023815114868302623,0.022388692206915087,0.01533697311259824,0.013923134123909081,0.02926010723650732,0.0015654964580642527,0.07467418104966539,0.015275136002504764,0.04141922038276385,across_seed_bootstrap_exploratory
openml_3_kr_vs_kp,logistic_regression,global_split_cp,10,singleton_rate,10,0.89359375,0.890625,0.033231044225952654,0.03984375000000007,0.8746093749999999,0.914453125,0.83125,0.9515625,0.8735937500000001,0.9129687499999999,across_seed_bootstrap_exploratory
openml_3_kr_vs_kp,logistic_regression,global_split_cp,10,average_set_size,10,0.89359375,0.890625,0.033231044225952654,0.03984375000000007,0.8746093749999999,0.914453125,0.83125,0.9515625,0.8739062500000001,0.9131249999999997,across_seed_bootstrap_exploratory
openml_3_kr_vs_kp,logistic_regression,global_split_cp,10,empty_rate,10,0.10640625,0.109375,0.03323104422595267,0.03984374999999997,0.08554687500000001,0.12539062499999998,0.0484375,0.16875,0.08687500000000001,0.12609375,across_seed_bootstrap_exploratory
openml_3_kr_vs_kp,logistic_regression,global_split_cp,10,doubleton_rate,10,0.0,0.0,0.0,0.0,0.0,0.0,0.0,0.0,0.0,0.0,across_seed_bootstrap_exploratory
openml_3_kr_vs_kp,logistic_regression,global_split_cp,10,coverage_overall,10,0.8834375,0.87890625,0.029510620734086744,0.03906249999999989,0.8656250000000001,0.9046875,0.8296875,0.9328125,0.8659375,0.900625,across_seed_bootstrap_exploratory
openml_3_kr_vs_kp,logistic_regression,global_split_cp,10,auroc,10,0.9935726586043601,0.9930188642323197,0.0019614662680364136,0.0028692614770458036,0.9924073421783883,0.9952766036554341,0.9905091777229853,0.9966831043794763,0.9924494148956988,0.9947409347970726,across_seed_bootstrap_exploratory
openml_3_kr_vs_kp,logistic_regression,global_split_cp,10,auprc,10,0.9925115468151289,0.9923541397626423,0.0025968517076356344,0.0035532136953647653,0.9910236185769431,0.9945768322723079,0.9889836168434407,0.9964962145731889,0.9910396116263943,0.9940678729384688,across_seed_bootstrap_exploratory
openml_3_kr_vs_kp,logistic_regression,global_split_cp,10,q_global,10,0.2075678975876832,0.2064212154406389,0.03892845246627827,0.04709118215349675,0.18363297879184556,0.23072416094534232,0.14905620812291787,0.28486777140885,0.18593907261787637,0.23089297641839637,across_seed_bootstrap_exploratory
openml_3_kr_vs_kp,logistic_regression,global_split_cp,20,coverage_minority,10,0.8728758169934642,0.8856209150326797,0.03837299623816328,0.039215686274509776,0.8594771241830066,0.8986928104575164,0.7973856209150327,0.9183006535947712,0.8490114379084968,0.8934640522875817,across_seed_bootstrap_exploratory
openml_3_kr_vs_kp,logistic_regression,global_split_cp,20,coverage_majority,10,0.8934131736526947,0.8922155688622755,0.028620276772750378,0.03667664670658688,0.875,0.9116766467065869,0.8532934131736527,0.9461077844311377,0.8772455089820358,0.9107784431137725,across_seed_bootstrap_exploratory
openml_3_kr_vs_kp,logistic_regression,global_split_cp,20,coverage_disparity,10,0.025836562169778088,0.02082110289225475,0.02339712278005372,0.01982799107667013,0.00943211615983719,0.02926010723650732,0.0015654964580642527,0.07467418104966539,0.013341845720324048,0.04073245665531679,across_seed_bootstrap_exploratory
openml_3_kr_vs_kp,logistic_regression,global_split_cp,20,singleton_rate,10,0.89390625,0.8921875,0.034339075293517846,0.04218749999999993,0.8734375000000001,0.915625,0.828125,0.9515625,0.8734375,0.9139062499999999,across_seed_bootstrap_exploratory
openml_3_kr_vs_kp,logistic_regression,global_split_cp,20,average_set_size,10,0.89390625,0.8921875,0.034339075293517846,0.04218749999999993,0.8734375000000001,0.915625,0.828125,0.9515625,0.87343359375,0.9135976562499998,across_seed_bootstrap_exploratory
openml_3_kr_vs_kp,logistic_regression,global_split_cp,20,empty_rate,10,0.10609375000000001,0.1078125,0.034339075293517866,0.04218750000000002,0.084375,0.12656250000000002,0.0484375,0.171875,0.08625000000000001,0.126875,across_seed_bootstrap_exploratory
openml_3_kr_vs_kp,logistic_regression,global_split_cp,20,doubleton_rate,10,0.0,0.0,0.0,0.0,0.0,0.0,0.0,0.0,0.0,0.0,across_seed_bootstrap_exploratory
openml_3_kr_vs_kp,logistic_regression,global_split_cp,20,coverage_overall,10,0.88359375,0.88046875,0.030443142729293098,0.039843749999999956,0.8656250000000001,0.90546875,0.8265625,0.9328125,0.86546484375,0.9012499999999999,across_seed_bootstrap_exploratory
openml_3_kr_vs_kp,logistic_regression,global_split_cp,20,auroc,10,0.9935726586043601,0.9930188642323197,0.0019614662680364136,0.0028692614770458036,0.9924073421783883,0.9952766036554341,0.9905091777229853,0.9966831043794763,0.9924494148956988,0.9947497162537668,across_seed_bootstrap_exploratory
openml_3_kr_vs_kp,logistic_regression,global_split_cp,20,auprc,10,0.9925115468151289,0.9923541397626423,0.0025968517076356344,0.0035532136953647653,0.9910236185769431,0.9945768322723079,0.9889836168434407,0.9964962145731889,0.9910020257365288,0.9940390357709884,across_seed_bootstrap_exploratory
openml_3_kr_vs_kp,logistic_regression,global_split_cp,20,q_global,10,0.2092167240433434,0.20884807375944048,0.04062971355729343,0.04998782821658526,0.1829518400028292,0.23293966821941448,0.1466075724973146,0.28486777140885,0.18588200016219708,0.2333053860669025,across_seed_bootstrap_exploratory
openml_3_kr_vs_kp,logistic_regression,global_split_cp,50,coverage_minority,10,0.8784313725490197,0.8856209150326797,0.035825367827615626,0.0326797385620915,0.8684640522875817,0.9011437908496732,0.8137254901960784,0.9183006535947712,0.8558823529411766,0.8977124183006536,across_seed_bootstrap_exploratory
openml_3_kr_vs_kp,logistic_regression,global_split_cp,50,coverage_majority,10,0.8985029940119762,0.8937125748502994,0.028314131332383086,0.04715568862275443,0.875,0.9221556886227544,0.8652694610778443,0.9461077844311377,0.8826347305389222,0.9155688622754491,across_seed_bootstrap_exploratory
openml_3_kr_vs_kp,logistic_regression,global_split_cp,50,coverage_disparity,10,0.0277660365543423,0.025987241203866807,0.02292435887841882,0.023912958396931555,0.012832178779695558,0.03674513717662711,0.0014285155179836195,0.07467418104966539,0.01509123909044656,0.04195735979022346,across_seed_bootstrap_exploratory
openml_3_kr_vs_kp,logistic_regression,global_split_cp,50,singleton_rate,10,0.9,0.89453125,0.03166392531993886,0.03554687499999998,0.8859375,0.921484375,0.8453125,0.9515625,0.88125,0.91859375,across_seed_bootstrap_exploratory
openml_3_kr_vs_kp,logistic_regression,global_split_cp,50,average_set_size,10,0.9,0.89453125,0.03166392531993886,0.03554687499999998,0.8859375,0.921484375,0.8453125,0.9515625,0.8814062500000001,0.91828125,across_seed_bootstrap_exploratory
openml_3_kr_vs_kp,logistic_regression,global_split_cp,50,empty_rate,10,0.1,0.10546875,0.03166392531993888,0.03554687499999999,0.078515625,0.1140625,0.0484375,0.1546875,0.08155859374999999,0.1184375,across_seed_bootstrap_exploratory
openml_3_kr_vs_kp,logistic_regression,global_split_cp,50,doubleton_rate,10,0.0,0.0,0.0,0.0,0.0,0.0,0.0,0.0,0.0,0.0,across_seed_bootstrap_exploratory
openml_3_kr_vs_kp,logistic_regression,global_split_cp,50,coverage_overall,10,0.8889062500000001,0.884375,0.02826402752150004,0.03515625,0.875390625,0.910546875,0.840625,0.9328125,0.8721874999999999,0.9057812499999999,across_seed_bootstrap_exploratory
openml_3_kr_vs_kp,logistic_regression,global_split_cp,50,auroc,10,0.9935726586043601,0.9930188642323197,0.0019614662680364136,0.0028692614770458036,0.9924073421783883,0.9952766036554341,0.9905091777229853,0.9966831043794763,0.9924572179171068,0.994719384759892,across_seed_bootstrap_exploratory
openml_3_kr_vs_kp,logistic_regression,global_split_cp,50,auprc,10,0.9925115468151289,0.9923541397626423,0.0025968517076356344,0.0035532136953647653,0.9910236185769431,0.9945768322723079,0.9889836168434407,0.9964962145731889,0.9910262978188727,0.9940347407773168,across_seed_bootstrap_exploratory
openml_3_kr_vs_kp,logistic_regression,global_split_cp,50,q_global,10,0.2168524533791166,0.21265322435031264,0.03965298785933646,0.05035022162801195,0.19402839834114544,0.24437861996915738,0.1576501153874328,0.28486777140885,0.19385465785991896,0.240404964881231,across_seed_bootstrap_exploratory
openml_3_kr_vs_kp,logistic_regression,global_split_cp,100,coverage_minority,10,0.8820261437908498,0.8888888888888888,0.03020593261763482,0.02450980392156865,0.8741830065359477,0.8986928104575164,0.826797385620915,0.9215686274509803,0.8633986928104574,0.8986928104575164,across_seed_bootstrap_exploratory
openml_3_kr_vs_kp,logistic_regression,global_split_cp,100,coverage_majority,10,0.9041916167664672,0.8997005988023952,0.026215420232662056,0.04116766467065869,0.8839820359281437,0.9251497005988024,0.8712574850299402,0.9491017964071856,0.8892215568862275,0.9197604790419163,across_seed_bootstrap_exploratory
openml_3_kr_vs_kp,logistic_regression,global_split_cp,100,coverage_disparity,10,0.029859888067003258,0.025850260263786173,0.025460784538758854,0.01982799107667013,0.014260694297679177,0.03408868537434931,0.0008805917576611977,0.07956635748111618,0.01598567570740873,0.045640141286055355,across_seed_bootstrap_exploratory
openml_3_kr_vs_kp,logistic_regression,global_split_cp,100,singleton_rate,10,0.9043750000000002,0.8968750000000001,0.026143550697171114,0.030078125000000067,0.8890625,0.919140625,0.865625,0.95625,0.89,0.9206249999999999,across_seed_bootstrap_exploratory
openml_3_kr_vs_kp,logistic_regression,global_split_cp,100,average_set_size,10,0.9043750000000002,0.8968750000000001,0.026143550697171114,0.030078125000000067,0.8890625,0.919140625,0.865625,0.95625,0.8895312499999999,0.9204687500000001,across_seed_bootstrap_exploratory
openml_3_kr_vs_kp,logistic_regression,global_split_cp,100,empty_rate,10,0.095625,0.103125,0.0261435506971711,0.030078124999999983,0.08085937500000001,0.1109375,0.04375,0.134375,0.07953125,0.11000000000000001,across_seed_bootstrap_exploratory
openml_3_kr_vs_kp,logistic_regression,global_split_cp,100,doubleton_rate,10,0.0,0.0,0.0,0.0,0.0,0.0,0.0,0.0,0.0,0.0,across_seed_bootstrap_exploratory
openml_3_kr_vs_kp,logistic_regression,global_split_cp,100,coverage_overall,10,0.89359375,0.88671875,0.022850876206456,0.030468749999999933,0.8792968750000001,0.909765625,0.8609375,0.9359375,0.8807812500000001,0.9073437500000001,across_seed_bootstrap_exploratory
openml_3_kr_vs_kp,logistic_regression,global_split_cp,100,auroc,10,0.9935726586043601,0.9930188642323197,0.0019614662680364136,0.0028692614770458036,0.9924073421783883,0.9952766036554341,0.9905091777229853,0.9966831043794763,0.9924670022699698,0.9947438701029313,across_seed_bootstrap_exploratory
openml_3_kr_vs_kp,logistic_regression,global_split_cp,100,auprc,10,0.9925115468151289,0.9923541397626423,0.0025968517076356344,0.0035532136953647653,0.9910236185769431,0.9945768322723079,0.9889836168434407,0.9964962145731889,0.9910205315465788,0.9940613016385198,across_seed_bootstrap_exploratory
openml_3_kr_vs_kp,logistic_regression,global_split_cp,100,q_global,10,0.22116087588919342,0.21477439588947655,0.03438408259521994,0.02814240979493199,0.20789271027654985,0.23603512007148184,0.17704688902047383,0.29649921738103946,0.2025770952782003,0.24262879529468798,across_seed_bootstrap_exploratory
openml_3_kr_vs_kp,logistic_regression,class_conditional_cp,10,coverage_minority,10,0.8869281045751635,0.8937908496732025,0.08062768457495686,0.11928104575163401,0.8366013071895424,0.9558823529411764,0.7352941176470589,0.9803921568627451,0.8379084967320262,0.9326797385620915,across_seed_bootstrap_exploratory
openml_3_kr_vs_kp,logistic_regression,class_conditional_cp,10,coverage_majority,10,0.8937125748502996,0.8892215568862275,0.027917366727942865,0.03742514970059885,0.875,0.9124251497005988,0.8562874251497006,0.9461077844311377,0.878443113772455,0.9104790419161676,across_seed_bootstrap_exploratory
openml_3_kr_vs_kp,logistic_regression,class_conditional_cp,10,coverage_disparity,10,0.07322413995538336,0.06853939180462604,0.03635430690385601,0.03686744158741345,0.0484765762592462,0.08534401784665965,0.01927517513991628,0.13895737935892916,0.05311680560447734,0.09537620836757854,across_seed_bootstrap_exploratory
openml_3_kr_vs_kp,logistic_regression,class_conditional_cp,10,singleton_rate,10,0.9060937499999999,0.90703125,0.0500999976609281,0.060546875,0.879296875,0.93984375,0.8109375,0.971875,0.8753125,0.9340625000000001,across_seed_bootstrap_exploratory
openml_3_kr_vs_kp,logistic_regression,class_conditional_cp,10,average_set_size,10,0.9060937499999999,0.90703125,0.0500999976609281,0.060546875,0.879296875,0.93984375,0.8109375,0.971875,0.8760898437499999,0.934375,across_seed_bootstrap_exploratory
openml_3_kr_vs_kp,logistic_regression,class_conditional_cp,10,empty_rate,10,0.09390625,0.09296874999999999,0.05009999766092808,0.06054687499999999,0.06015625,0.120703125,0.028125,0.1890625,0.065625,0.12421875,across_seed_bootstrap_exploratory
openml_3_kr_vs_kp,logistic_regression,class_conditional_cp,10,doubleton_rate,10,0.0,0.0,0.0,0.0,0.0,0.0,0.0,0.0,0.0,0.0,across_seed_bootstrap_exploratory
openml_3_kr_vs_kp,logistic_regression,class_conditional_cp,10,coverage_overall,10,0.8904687499999999,0.89921875,0.041369054310122784,0.04531250000000009,0.869921875,0.915234375,0.8078125,0.9421875,0.865,0.9134375,across_seed_bootstrap_exploratory
openml_3_kr_vs_kp,logistic_regression,class_conditional_cp,10,auroc,10,0.9935726586043601,0.9930188642323197,0.0019614662680364136,0.0028692614770458036,0.9924073421783883,0.9952766036554341,0.9905091777229853,0.9966831043794763,0.992447433564244,0.9947536299949121,across_seed_bootstrap_exploratory
openml_3_kr_vs_kp,logistic_regression,class_conditional_cp,10,auprc,10,0.9925115468151289,0.9923541397626423,0.0025968517076356344,0.0035532136953647653,0.9910236185769431,0.9945768322723079,0.9889836168434407,0.9964962145731889,0.9909962063259282,0.994051080426905,across_seed_bootstrap_exploratory
openml_3_kr_vs_kp,logistic_regression,class_conditional_cp,10,q_minority,10,0.3099048776118285,0.2484952499958305,0.21704568937043672,0.32775786421894926,0.16498646704061573,0.492744331259565,0.06429228156625899,0.6605748391155559,0.18713644776797433,0.441924334671212,across_seed_bootstrap_exploratory
openml_3_kr_vs_kp,logistic_regression,class_conditional_cp,10,q_majority,10,0.20924759253198832,0.20962423063672253,0.04047310559452119,0.04535039476156891,0.18363297879184556,0.22898337355341447,0.14905620812291787,0.2915492963045385,0.18639631652795377,0.23388438882603058,across_seed_bootstrap_exploratory
openml_3_kr_vs_kp,logistic_regression,class_conditional_cp,10,threshold_gap,10,0.1849433518896336,0.123107069600976,0.1591980588601188,0.16887373427784402,0.10845630471281209,0.2773300389906561,0.0015523137545641053,0.5115186309926381,0.09967790649686305,0.2852435795802138,across_seed_bootstrap_exploratory
openml_3_kr_vs_kp,logistic_regression,class_conditional_cp,10,threshold_sum,10,0.5191524701438168,0.46951835970067396,0.2130796728208086,0.3226291732588147,0.3896291629633115,0.7122583362221262,0.23489989679264867,0.8266327857611122,0.39837362141942156,0.6465935851374006,across_seed_bootstrap_exploratory
openml_3_kr_vs_kp,logistic_regression,class_conditional_cp,20,coverage_minority,10,0.8859477124183007,0.892156862745098,0.07095593330722642,0.06781045751633996,0.8553921568627451,0.923202614379085,0.738562091503268,0.9771241830065359,0.842483660130719,0.9248366013071896,across_seed_bootstrap_exploratory
openml_3_kr_vs_kp,logistic_regression,class_conditional_cp,20,coverage_majority,10,0.8937125748502996,0.8892215568862275,0.027917366727942865,0.03742514970059885,0.875,0.9124251497005988,0.8562874251497006,0.9461077844311377,0.8781437125748501,0.9107784431137723,across_seed_bootstrap_exploratory
openml_3_kr_vs_kp,logistic_regression,class_conditional_cp,20,coverage_disparity,10,0.04332902821807366,0.024627216155923504,0.03901127574179778,0.05599095925795475,0.01586532816719502,0.07185628742514977,0.002680912684435044,0.11772533364643256,0.022128145669445407,0.06752583069155806,across_seed_bootstrap_exploratory
openml_3_kr_vs_kp,logistic_regression,class_conditional_cp,20,singleton_rate,10,0.9043749999999999,0.8953125,0.05218115813096611,0.07226562500000011,0.8765624999999999,0.948828125,0.8015625,0.9703125,0.8728125,0.9340664062499998,across_seed_bootstrap_exploratory
openml_3_kr_vs_kp,logistic_regression,class_conditional_cp,20,average_set_size,10,0.9043749999999999,0.8953125,0.05218115813096611,0.07226562500000011,0.8765624999999999,0.948828125,0.8015625,0.9703125,0.8729687500000001,0.9337500000000001,across_seed_bootstrap_exploratory
openml_3_kr_vs_kp,logistic_regression,class_conditional_cp,20,empty_rate,10,0.095625,0.1046875,0.05218115813096609,0.072265625,0.051171875,0.12343749999999999,0.0296875,0.1984375,0.06578124999999999,0.12734375,across_seed_bootstrap_exploratory
openml_3_kr_vs_kp,logistic_regression,class_conditional_cp,20,doubleton_rate,10,0.0,0.0,0.0,0.0,0.0,0.0,0.0,0.0,0.0,0.0,across_seed_bootstrap_exploratory
openml_3_kr_vs_kp,logistic_regression,class_conditional_cp,20,coverage_overall,10,0.89,0.8843749999999999,0.04393685296662827,0.06132812500000007,0.86796875,0.929296875,0.8,0.9421875,0.86296875,0.9142187500000001,across_seed_bootstrap_exploratory
openml_3_kr_vs_kp,logistic_regression,class_conditional_cp,20,auroc,10,0.9935726586043601,0.9930188642323197,0.0019614662680364136,0.0028692614770458036,0.9924073421783883,0.9952766036554341,0.9905091777229853,0.9966831043794763,0.9924376736722633,0.9947281906774685,across_seed_bootstrap_exploratory
openml_3_kr_vs_kp,logistic_regression,class_conditional_cp,20,auprc,10,0.9925115468151289,0.9923541397626423,0.0025968517076356344,0.0035532136953647653,0.9910236185769431,0.9945768322723079,0.9889836168434407,0.9964962145731889,0.9910026633733771,0.9940594798130948,across_seed_bootstrap_exploratory
openml_3_kr_vs_kp,logistic_regression,class_conditional_cp,20,q_minority,10,0.28105041941562847,0.22336212741701345,0.16042946408251516,0.10151088587329773,0.18928011971637201,0.29079100558966975,0.10401364100830246,0.5915547725403267,0.19539688558901172,0.3827238994974934,across_seed_bootstrap_exploratory
openml_3_kr_vs_kp,logistic_regression,class_conditional_cp,20,q_majority,10,0.20924759253198832,0.20962423063672253,0.04047310559452119,0.04535039476156891,0.18363297879184556,0.22898337355341447,0.14905620812291787,0.2915492963045385,0.1861986159235512,0.23400639903793274,across_seed_bootstrap_exploratory
openml_3_kr_vs_kp,logistic_regression,class_conditional_cp,20,threshold_gap,10,0.08695905544259244,0.02563607642517446,0.13219483577635704,0.054028714685074836,0.010656800191459898,0.06468551487653473,0.0015523137545641053,0.35647675931954126,0.01995229940605999,0.17512763968354894,across_seed_bootstrap_exploratory
openml_3_kr_vs_kp,logistic_regression,class_conditional_cp,20,threshold_sum,10,0.4902980119476168,0.42760523674391315,0.18601694928674534,0.19384804349537482,0.3666025013234427,0.5604505448188175,0.2530698491312203,0.8266327857611122,0.3888747388703421,0.6059798839704911,across_seed_bootstrap_exploratory
openml_3_kr_vs_kp,logistic_regression,class_conditional_cp,50,coverage_minority,10,0.8937908496732027,0.9117647058823529,0.05357107540713204,0.045751633986928164,0.8774509803921569,0.923202614379085,0.7581699346405228,0.9509803921568627,0.8591503267973856,0.9199346405228759,across_seed_bootstrap_exploratory
openml_3_kr_vs_kp,logistic_regression,class_conditional_cp,50,coverage_majority,10,0.8937125748502996,0.8892215568862275,0.027917366727942865,0.03742514970059885,0.875,0.9124251497005988,0.8562874251497006,0.9461077844311377,0.8781437125748501,0.9104790419161677,across_seed_bootstrap_exploratory
openml_3_kr_vs_kp,logistic_regression,class_conditional_cp,50,coverage_disparity,10,0.03692614770459083,0.03130992916128528,0.04186420499567575,0.03741047317130447,0.007181715001369798,0.04459218817267427,0.0015654964580642527,0.14302767014989637,0.01621839654025283,0.06482133771672345,across_seed_bootstrap_exploratory
openml_3_kr_vs_kp,logistic_regression,class_conditional_cp,50,singleton_rate,10,0.9071875,0.8984375,0.034628171234640084,0.04218749999999993,0.8921875,0.934375,0.8390625,0.953125,0.8856250000000001,0.9270312500000001,across_seed_bootstrap_exploratory
openml_3_kr_vs_kp,logistic_regression,class_conditional_cp,50,average_set_size,10,0.9071875,0.8984375,0.034628171234640084,0.04218749999999993,0.8921875,0.934375,0.8390625,0.953125,0.8864062500000001,0.92671875,across_seed_bootstrap_exploratory
openml_3_kr_vs_kp,logistic_regression,class_conditional_cp,50,empty_rate,10,0.0928125,0.1015625,0.0346281712346401,0.04218750000000002,0.06562499999999999,0.1078125,0.046875,0.1609375,0.07328124999999999,0.11390625000000001,across_seed_bootstrap_exploratory
openml_3_kr_vs_kp,logistic_regression,class_conditional_cp,50,doubleton_rate,10,0.0,0.0,0.0,0.0,0.0,0.0,0.0,0.0,0.0,0.0,across_seed_bootstrap_exploratory
openml_3_kr_vs_kp,logistic_regression,class_conditional_cp,50,coverage_overall,10,0.89375,0.88515625,0.031040967553648654,0.03906250000000011,0.8804687499999999,0.91953125,0.8328125,0.9328125,0.8748437499999999,0.9112539062499998,across_seed_bootstrap_exploratory
openml_3_kr_vs_kp,logistic_regression,class_conditional_cp,50,auroc,10,0.9935726586043601,0.9930188642323197,0.0019614662680364136,0.0028692614770458036,0.9924073421783883,0.9952766036554341,0.9905091777229853,0.9966831043794763,0.9924454766936714,0.9947643927830614,across_seed_bootstrap_exploratory
openml_3_kr_vs_kp,logistic_regression,class_conditional_cp,50,auprc,10,0.9925115468151289,0.9923541397626423,0.0025968517076356344,0.0035532136953647653,0.9910236185769431,0.9945768322723079,0.9889836168434407,0.9964962145731889,0.9910099380019606,0.9940410668660665,across_seed_bootstrap_exploratory
openml_3_kr_vs_kp,logistic_regression,class_conditional_cp,50,q_minority,10,0.2722420871987463,0.28856706652450026,0.09457505604558825,0.13892211617706765,0.19786735637759476,0.3367894725546624,0.12542001190267804,0.4303117649729694,0.21568876130454814,0.3268405755690822,across_seed_bootstrap_exploratory
openml_3_kr_vs_kp,logistic_regression,class_conditional_cp,50,q_majority,10,0.20924759253198832,0.20962423063672253,0.04047310559452119,0.04535039476156891,0.18363297879184556,0.22898337355341447,0.14905620812291787,0.2915492963045385,0.1867100270257969,0.23353673466779515,across_seed_bootstrap_exploratory
openml_3_kr_vs_kp,logistic_regression,class_conditional_cp,50,threshold_gap,10,0.08776902861711475,0.07163991648847173,0.06979491745672653,0.09265768355459197,0.03973265645890314,0.13239034001349512,0.006229778760031723,0.19523375175218394,0.049004087010880486,0.1293671057292174,across_seed_bootstrap_exploratory
openml_3_kr_vs_kp,logistic_regression,class_conditional_cp,50,threshold_sum,10,0.48148967973073464,0.5030808756126437,0.11019795736108877,0.1463160989624649,0.40998737855475875,0.5563034775172236,0.3228866926517917,0.6653897781937549,0.4156943557317357,0.54560965740965,across_seed_bootstrap_exploratory
openml_3_kr_vs_kp,logistic_regression,class_conditional_cp,100,coverage_minority,10,0.8954248366013072,0.8970588235294118,0.02078298913762408,0.026960784313725505,0.8823529411764706,0.9093137254901961,0.8594771241830066,0.9248366013071896,0.8830065359477125,0.9071895424836602,across_seed_bootstrap_exploratory
openml_3_kr_vs_kp,logistic_regression,class_conditional_cp,100,coverage_majority,10,0.8937125748502996,0.8892215568862275,0.027917366727942865,0.03742514970059885,0.875,0.9124251497005988,0.8562874251497006,0.9461077844311377,0.8781437125748504,0.9107784431137725,across_seed_bootstrap_exploratory
openml_3_kr_vs_kp,logistic_regression,class_conditional_cp,100,coverage_disparity,10,0.02186020116629487,0.01932409690423076,0.01604499282617085,0.02698524519588283,0.008502602637861512,0.03548784783374434,0.002680912684435044,0.04649524480450862,0.012729394152870725,0.03137279362842943,across_seed_bootstrap_exploratory
openml_3_kr_vs_kp,logistic_regression,class_conditional_cp,100,singleton_rate,10,0.9057812499999999,0.8960937499999999,0.023490103006077078,0.021874999999999978,0.892578125,0.914453125,0.8796875,0.9546875,0.8932773437499999,0.9204687500000001,across_seed_bootstrap_exploratory
openml_3_kr_vs_kp,logistic_regression,class_conditional_cp,100,average_set_size,10,0.9057812499999999,0.8960937499999999,0.023490103006077078,0.021874999999999978,0.892578125,0.914453125,0.8796875,0.9546875,0.89328125,0.920625,across_seed_bootstrap_exploratory
openml_3_kr_vs_kp,logistic_regression,class_conditional_cp,100,empty_rate,10,0.09421875,0.10390625,0.02349010300607707,0.021875000000000006,0.085546875,0.107421875,0.0453125,0.1203125,0.079375,0.10671875,across_seed_bootstrap_exploratory
openml_3_kr_vs_kp,logistic_regression,class_conditional_cp,100,doubleton_rate,10,0.0,0.0,0.0,0.0,0.0,0.0,0.0,0.0,0.0,0.0,across_seed_bootstrap_exploratory
openml_3_kr_vs_kp,logistic_regression,class_conditional_cp,100,coverage_overall,10,0.89453125,0.8859375,0.020429019434849153,0.022265625000000067,0.881640625,0.90390625,0.875,0.934375,0.8834375,0.9071874999999998,across_seed_bootstrap_exploratory
openml_3_kr_vs_kp,logistic_regression,class_conditional_cp,100,auroc,10,0.9935726586043601,0.9930188642323197,0.0019614662680364136,0.0028692614770458036,0.9924073421783883,0.9952766036554341,0.9905091777229853,0.9966831043794763,0.9924543070721302,0.9947575437360573,across_seed_bootstrap_exploratory
openml_3_kr_vs_kp,logistic_regression,class_conditional_cp,100,auprc,10,0.9925115468151289,0.9923541397626423,0.0025968517076356344,0.0035532136953647653,0.9910236185769431,0.9945768322723079,0.9889836168434407,0.9964962145731889,0.9909933466913113,0.9940265545638468,across_seed_bootstrap_exploratory
openml_3_kr_vs_kp,logistic_regression,class_conditional_cp,100,q_minority,10,0.2516306525970019,0.2467262719387685,0.04835903689895015,0.09128674146216365,0.20838855301269,0.29967529447485364,0.18835851898036216,0.30951844847210885,0.22377970645920872,0.2799113538468263,across_seed_bootstrap_exploratory
openml_3_kr_vs_kp,logistic_regression,class_conditional_cp,100,q_majority,10,0.20924759253198832,0.20962423063672253,0.04047310559452119,0.04535039476156891,0.18363297879184556,0.22898337355341447,0.14905620812291787,0.2915492963045385,0.18617458727374647,0.2337910788269924,across_seed_bootstrap_exploratory
openml_3_kr_vs_kp,logistic_regression,class_conditional_cp,100,threshold_gap,10,0.05685977293231723,0.03748196551307009,0.045246933853829586,0.02946527630471188,0.03189336592954639,0.06135864223425827,0.017969152167570335,0.15858523931171842,0.03361958724425873,0.08624300892314118,across_seed_bootstrap_exploratory
openml_3_kr_vs_kp,logistic_regression,class_conditional_cp,100,threshold_sum,10,0.4608782451289902,0.4442144169234912,0.06564836622297311,0.07623345010775195,0.41750947845441233,0.4937429285621643,0.3723339016583148,0.6010677447766474,0.42481926043827717,0.5019099572764321,across_seed_bootstrap_exploratory
openml_3_kr_vs_kp,xgboost,global_split_cp,10,coverage_minority,10,0.8970588235294118,0.9052287581699346,0.023120898994325838,0.021241830065359513,0.8872549019607843,0.9084967320261438,0.8431372549019608,0.9215686274509803,0.8823529411764707,0.9091503267973856,across_seed_bootstrap_exploratory
openml_3_kr_vs_kp,xgboost,global_split_cp,10,coverage_majority,10,0.9032934131736526,0.908682634730539,0.021267088063602897,0.0239520958083832,0.8944610778443114,0.9184131736526946,0.8652694610778443,0.9251497005988024,0.8901197604790421,0.9149700598802397,across_seed_bootstrap_exploratory
openml_3_kr_vs_kp,xgboost,global_split_cp,10,coverage_disparity,10,0.018288912371335776,0.0119760479041916,0.015902757798194063,0.025224061680560517,0.004921529490039517,0.030145591170600033,0.0022308324527415824,0.04606473327854099,0.009326396227153548,0.02809092599115495,across_seed_bootstrap_exploratory
openml_3_kr_vs_kp,xgboost,global_split_cp,10,singleton_rate,10,0.9012500000000001,0.9039062499999999,0.018919947402734043,0.012890625000000044,0.900390625,0.91328125,0.8578125,0.9234375,0.8893749999999999,0.91109375,across_seed_bootstrap_exploratory
openml_3_kr_vs_kp,xgboost,global_split_cp,10,average_set_size,10,0.9012500000000001,0.9039062499999999,0.018919947402734043,0.012890625000000044,0.900390625,0.91328125,0.8578125,0.9234375,0.8892187500000001,0.9112500000000001,across_seed_bootstrap_exploratory
openml_3_kr_vs_kp,xgboost,global_split_cp,10,empty_rate,10,0.09875,0.09609375,0.01891994740273403,0.012890624999999989,0.08671875000000001,0.099609375,0.0765625,0.1421875,0.08859375,0.11078125000000001,across_seed_bootstrap_exploratory
openml_3_kr_vs_kp,xgboost,global_split_cp,10,doubleton_rate,10,0.0,0.0,0.0,0.0,0.0,0.0,0.0,0.0,0.0,0.0,across_seed_bootstrap_exploratory
openml_3_kr_vs_kp,xgboost,global_split_cp,10,coverage_overall,10,0.9003125000000001,0.903125,0.018616422335012598,0.01171875,0.898828125,0.910546875,0.8578125,0.9234375,0.8884375,0.91015625,across_seed_bootstrap_exploratory
openml_3_kr_vs_kp,xgboost,global_split_cp,10,auroc,10,0.9994506085867482,0.9997994207663106,0.0006046894107124561,0.0008328930374544852,0.999074155610348,0.9999070486478024,0.998307306954718,0.9999412938828226,0.9990787787170755,0.9997813319439554,across_seed_bootstrap_exploratory
openml_3_kr_vs_kp,xgboost,global_split_cp,10,auprc,10,0.9994555542739152,0.9997824001824889,0.0005799829758335372,0.0008770938820366059,0.9990247172936013,0.9999018111756379,0.9983491489659527,0.9999364411842996,0.9990870835502711,0.9997687943213938,across_seed_bootstrap_exploratory
openml_3_kr_vs_kp,xgboost,global_split_cp,10,q_global,10,0.04428285360336304,0.04000335931777954,0.014844965639849184,0.023376792669296265,0.033346787095069885,0.05672357976436615,0.025115251541137695,0.07021903991699219,0.03588233605027199,0.05337749332189559,across_seed_bootstrap_exploratory
openml_3_kr_vs_kp,xgboost,global_split_cp,20,coverage_minority,10,0.8950980392156863,0.9052287581699346,0.027834322388066414,0.03349673202614378,0.8799019607843137,0.9133986928104575,0.8431372549019608,0.9215686274509803,0.8777777777777777,0.9101307189542484,across_seed_bootstrap_exploratory
openml_3_kr_vs_kp,xgboost,global_split_cp,20,coverage_majority,10,0.9023952095808383,0.908682634730539,0.020414000280312324,0.021706586826347296,0.8944610778443114,0.9161676646706587,0.8652694610778443,0.9251497005988024,0.8895209580838322,0.9134730538922156,across_seed_bootstrap_exploratory
openml_3_kr_vs_kp,xgboost,global_split_cp,20,coverage_disparity,10,0.020431685648311226,0.011790145199796431,0.020929662530788658,0.030512504402958773,0.004036045555946971,0.034548549958905744,0.0011349849320966277,0.06295252631990922,0.009228552698524508,0.03348792610856718,across_seed_bootstrap_exploratory
openml_3_kr_vs_kp,xgboost,global_split_cp,20,singleton_rate,10,0.8998437499999999,0.9015625,0.01957737608858473,0.01953125,0.893359375,0.912890625,0.8578125,0.9234375,0.8878124999999999,0.91078125,across_seed_bootstrap_exploratory
openml_3_kr_vs_kp,xgboost,global_split_cp,20,average_set_size,10,0.8998437499999999,0.9015625,0.01957737608858473,0.01953125,0.893359375,0.912890625,0.8578125,0.9234375,0.8875,0.9106249999999999,across_seed_bootstrap_exploratory
openml_3_kr_vs_kp,xgboost,global_split_cp,20,empty_rate,10,0.10015625000000002,0.09843750000000001,0.019577376088584723,0.01953125,0.087109375,0.106640625,0.0765625,0.1421875,0.08953125,0.11234375,across_seed_bootstrap_exploratory
openml_3_kr_vs_kp,xgboost,global_split_cp,20,doubleton_rate,10,0.0,0.0,0.0,0.0,0.0,0.0,0.0,0.0,0.0,0.0,across_seed_bootstrap_exploratory
openml_3_kr_vs_kp,xgboost,global_split_cp,20,coverage_overall,10,0.8989062499999999,0.9015625,0.01943273767133128,0.022656249999999933,0.890234375,0.912890625,0.8578125,0.9234375,0.8865624999999999,0.9096874999999999,across_seed_bootstrap_exploratory
openml_3_kr_vs_kp,xgboost,global_split_cp,20,auroc,10,0.9994506085867482,0.9997994207663106,0.0006046894107124561,0.0008328930374544852,0.999074155610348,0.9999070486478024,0.998307306954718,0.9999412938828226,0.9990739110015264,0.9997783966380964,across_seed_bootstrap_exploratory
openml_3_kr_vs_kp,xgboost,global_split_cp,20,auprc,10,0.9994555542739152,0.9997824001824889,0.0005799829758335372,0.0008770938820366059,0.9990247172936013,0.9999018111756379,0.9983491489659527,0.9999364411842996,0.9990962148270126,0.999775877305727,across_seed_bootstrap_exploratory
openml_3_kr_vs_kp,xgboost,global_split_cp,20,q_global,10,0.043700402975082396,0.03945285081863403,0.015632553679389424,0.025178000330924988,0.03156888484954834,0.05674688518047333,0.025049924850463867,0.07021903991699219,0.034874379336833954,0.053176750838756545,across_seed_bootstrap_exploratory
openml_3_kr_vs_kp,xgboost,global_split_cp,50,coverage_minority,10,0.8944444444444445,0.9035947712418301,0.025362789802276468,0.016339869281045805,0.8913398692810457,0.9076797385620915,0.8431372549019608,0.9215686274509803,0.8784313725490197,0.9078513071895418,across_seed_bootstrap_exploratory
openml_3_kr_vs_kp,xgboost,global_split_cp,50,coverage_majority,10,0.9011976047904191,0.905688622754491,0.020695051250826064,0.02769461077844315,0.8907185628742514,0.9184131736526946,0.8652694610778443,0.9251497005988024,0.8886227544910181,0.9128742514970061,across_seed_bootstrap_exploratory
openml_3_kr_vs_kp,xgboost,global_split_cp,50,coverage_disparity,10,0.0154416656882314,0.006800125239716681,0.020340413143702506,0.02173104770850459,0.0020253610426206325,0.023756408751125224,0.0003326679973386648,0.06295252631990922,0.005003620210559317,0.028711498571484476,across_seed_bootstrap_exploratory
openml_3_kr_vs_kp,xgboost,global_split_cp,50,singleton_rate,10,0.8989062499999999,0.9015625,0.019682401235692218,0.024218749999999956,0.88984375,0.9140625,0.8578125,0.9234375,0.88671875,0.9096875000000001,across_seed_bootstrap_exploratory
openml_3_kr_vs_kp,xgboost,global_split_cp,50,average_set_size,10,0.8989062499999999,0.9015625,0.019682401235692218,0.024218749999999956,0.88984375,0.9140625,0.8578125,0.9234375,0.8865624999999999,0.9096875000000001,across_seed_bootstrap_exploratory
openml_3_kr_vs_kp,xgboost,global_split_cp,50,empty_rate,10,0.10109375000000001,0.09843750000000001,0.019682401235692194,0.024218749999999997,0.0859375,0.11015625,0.0765625,0.1421875,0.09015625000000001,0.11328125,across_seed_bootstrap_exploratory
openml_3_kr_vs_kp,xgboost,global_split_cp,50,doubleton_rate,10,0.0,0.0,0.0,0.0,0.0,0.0,0.0,0.0,0.0,0.0,across_seed_bootstrap_exploratory
openml_3_kr_vs_kp,xgboost,global_split_cp,50,coverage_overall,10,0.8979687500000001,0.9015625,0.01934880061061783,0.023046875000000022,0.8890625,0.912109375,0.8578125,0.9234375,0.88609375,0.90859375,across_seed_bootstrap_exploratory
openml_3_kr_vs_kp,xgboost,global_split_cp,50,auroc,10,0.9994506085867482,0.9997994207663106,0.0006046894107124561,0.0008328930374544852,0.999074155610348,0.9999070486478024,0.998307306954718,0.9999412938828226,0.9990783017298734,0.9997808427263121,across_seed_bootstrap_exploratory
openml_3_kr_vs_kp,xgboost,global_split_cp,50,auprc,10,0.9994555542739152,0.9997824001824889,0.0005799829758335372,0.0008770938820366059,0.9990247172936013,0.9999018111756379,0.9983491489659527,0.9999364411842996,0.9990982451472776,0.9997736198719439,across_seed_bootstrap_exploratory
openml_3_kr_vs_kp,xgboost,global_split_cp,50,q_global,10,0.0415607750415802,0.04109436273574829,0.013098129751086643,0.010217979550361633,0.035639554262161255,0.04585753381252289,0.025115251541137695,0.07190245389938354,0.03459076374769211,0.04988921970129013,across_seed_bootstrap_exploratory
openml_3_kr_vs_kp,xgboost,global_split_cp,100,coverage_minority,10,0.8986928104575164,0.9003267973856209,0.02440670642963843,0.02941176470588236,0.8839869281045751,0.9133986928104575,0.8496732026143791,0.934640522875817,0.8839869281045752,0.9124183006535949,across_seed_bootstrap_exploratory
openml_3_kr_vs_kp,xgboost,global_split_cp,100,coverage_majority,10,0.9020958083832336,0.905688622754491,0.023787273888912504,0.038922155688622784,0.8847305389221557,0.9236526946107785,0.8652694610778443,0.9311377245508982,0.8877245508982036,0.9158682634730537,across_seed_bootstrap_exploratory
openml_3_kr_vs_kp,xgboost,global_split_cp,100,coverage_disparity,10,0.013336072952134981,0.004138781261007418,0.015481888164377485,0.01585065163790067,0.003522367030644652,0.019373018668545322,0.0016829086924190495,0.04606473327854099,0.005166040468083461,0.023249774959884176,across_seed_bootstrap_exploratory
openml_3_kr_vs_kp,xgboost,global_split_cp,100,singleton_rate,10,0.90140625,0.9046875,0.022370989126855548,0.030468750000000044,0.884765625,0.915234375,0.8609375,0.9359375,0.88796875,0.9142187500000001,across_seed_bootstrap_exploratory
openml_3_kr_vs_kp,xgboost,global_split_cp,100,average_set_size,10,0.90140625,0.9046875,0.022370989126855548,0.030468750000000044,0.884765625,0.915234375,0.8609375,0.9359375,0.8881250000000002,0.9143749999999999,across_seed_bootstrap_exploratory
openml_3_kr_vs_kp,xgboost,global_split_cp,100,empty_rate,10,0.09859375000000001,0.0953125,0.02237098912685554,0.030468750000000003,0.084765625,0.115234375,0.0640625,0.1390625,0.0859375,0.11234374999999999,across_seed_bootstrap_exploratory
openml_3_kr_vs_kp,xgboost,global_split_cp,100,doubleton_rate,10,0.0,0.0,0.0,0.0,0.0,0.0,0.0,0.0,0.0,0.0,across_seed_bootstrap_exploratory
openml_3_kr_vs_kp,xgboost,global_split_cp,100,coverage_overall,10,0.9004687499999999,0.9015625,0.021776190529069452,0.030468750000000044,0.884765625,0.915234375,0.8609375,0.9328125,0.88765625,0.913125,across_seed_bootstrap_exploratory
openml_3_kr_vs_kp,xgboost,global_split_cp,100,auroc,10,0.9994506085867482,0.9997994207663106,0.0006046894107124561,0.0008328930374544852,0.999074155610348,0.9999070486478024,0.998307306954718,0.9999412938828226,0.9990743879887283,0.9997778951900121,across_seed_bootstrap_exploratory
openml_3_kr_vs_kp,xgboost,global_split_cp,100,auprc,10,0.9994555542739152,0.9997824001824889,0.0005799829758335372,0.0008770938820366059,0.9990247172936013,0.9999018111756379,0.9983491489659527,0.9999364411842996,0.9990959684136981,0.9997720487012625,across_seed_bootstrap_exploratory
openml_3_kr_vs_kp,xgboost,global_split_cp,100,q_global,10,0.043640875816345216,0.04323187470436096,0.012358738463915163,0.010404735803604126,0.03593261539936066,0.04633735120296478,0.027076780796051025,0.07021903991699219,0.03695378094911575,0.051384853571653365,across_seed_bootstrap_exploratory
openml_3_kr_vs_kp,xgboost,class_conditional_cp,10,coverage_minority,10,0.9196078431372549,0.9379084967320261,0.07465172688009529,0.0825163398692812,0.8970588235294117,0.9795751633986929,0.7810457516339869,0.9901960784313726,0.8722222222222221,0.9604575163398692,across_seed_bootstrap_exploratory
openml_3_kr_vs_kp,xgboost,class_conditional_cp,10,coverage_majority,10,0.9047904191616766,0.9116766467065869,0.021114330605361897,0.017215568862275377,0.9011976047904192,0.9184131736526946,0.8652694610778443,0.9251497005988024,0.8916167664670658,0.9161676646706587,across_seed_bootstrap_exploratory
openml_3_kr_vs_kp,xgboost,class_conditional_cp,10,coverage_disparity,10,0.06495636178623146,0.0634123909044656,0.035202642408078445,0.039142303628038,0.04508629799225081,0.0842286016202888,0.015478846229110443,0.12015185315643229,0.04460686470196863,0.08571680169073617,across_seed_bootstrap_exploratory
openml_3_kr_vs_kp,xgboost,class_conditional_cp,10,singleton_rate,10,0.91328125,0.9156249999999999,0.03919941284016751,0.04999999999999993,0.89375,0.94375,0.84375,0.9609375,0.889375,0.9354687500000001,across_seed_bootstrap_exploratory
openml_3_kr_vs_kp,xgboost,class_conditional_cp,10,average_set_size,10,0.91328125,0.9156249999999999,0.03919941284016751,0.04999999999999993,0.89375,0.94375,0.84375,0.9609375,0.8895312500000001,0.9354687499999998,across_seed_bootstrap_exploratory
openml_3_kr_vs_kp,xgboost,class_conditional_cp,10,empty_rate,10,0.08671875,0.084375,0.03919941284016751,0.05000000000000001,0.05625,0.10625000000000001,0.0390625,0.15625,0.06453125000000001,0.110625,across_seed_bootstrap_exploratory
openml_3_kr_vs_kp,xgboost,class_conditional_cp,10,doubleton_rate,10,0.0,0.0,0.0,0.0,0.0,0.0,0.0,0.0,0.0,0.0,across_seed_bootstrap_exploratory
openml_3_kr_vs_kp,xgboost,class_conditional_cp,10,coverage_overall,10,0.911875,0.9156249999999999,0.038458525189120574,0.04804687499999993,0.89375,0.941796875,0.84375,0.95625,0.8884335937499999,0.93359375,across_seed_bootstrap_exploratory
openml_3_kr_vs_kp,xgboost,class_conditional_cp,10,auroc,10,0.9994506085867482,0.9997994207663106,0.0006046894107124561,0.0008328930374544852,0.999074155610348,0.9999070486478024,0.998307306954718,0.9999412938828226,0.9990744002191695,0.9997788736252984,across_seed_bootstrap_exploratory
openml_3_kr_vs_kp,xgboost,class_conditional_cp,10,auprc,10,0.9994555542739152,0.9997824001824889,0.0005799829758335372,0.0008770938820366059,0.9990247172936013,0.9999018111756379,0.9983491489659527,0.9999364411842996,0.999095229981098,0.9997719628655235,across_seed_bootstrap_exploratory
openml_3_kr_vs_kp,xgboost,class_conditional_cp,10,q_minority,10,0.11386549472808838,0.07062315940856934,0.10621319915090564,0.1396736055612564,0.038016289472579956,0.17768989503383636,0.011724352836608887,0.3128119111061096,0.05655023142695427,0.17989823773503302,across_seed_bootstrap_exploratory
openml_3_kr_vs_kp,xgboost,class_conditional_cp,10,q_majority,10,0.04483140110969543,0.04063349962234497,0.015035395138147209,0.02245350182056427,0.034521833062171936,0.056975334882736206,0.025115251541137695,0.07021903991699219,0.03640660330653191,0.054140877723693845,across_seed_bootstrap_exploratory
openml_3_kr_vs_kp,xgboost,class_conditional_cp,10,threshold_gap,10,0.08395580649375915,0.040227800607681274,0.08702547082261987,0.1268695592880249,0.020093142986297607,0.1469627022743225,0.0061419010162353516,0.2519569396972656,0.03691993474960328,0.13778387695550906,across_seed_bootstrap_exploratory
openml_3_kr_vs_kp,xgboost,class_conditional_cp,10,threshold_sum,10,0.15869689583778382,0.11431530117988586,0.11359866748280012,0.12553279101848602,0.0828842967748642,0.20841708779335022,0.04607206583023071,0.3736668825149536,0.09718319237232208,0.22965054407715796,across_seed_bootstrap_exploratory
openml_3_kr_vs_kp,xgboost,class_conditional_cp,20,coverage_minority,10,0.8836601307189543,0.892156862745098,0.07790308647559568,0.10620915032679734,0.8398692810457516,0.946078431372549,0.7549019607843137,0.9836601307189542,0.8366013071895425,0.9277777777777777,across_seed_bootstrap_exploratory
openml_3_kr_vs_kp,xgboost,class_conditional_cp,20,coverage_majority,10,0.9047904191616766,0.9116766467065869,0.021114330605361897,0.017215568862275377,0.9011976047904192,0.9184131736526946,0.8652694610778443,0.9251497005988024,0.8913173652694611,0.9161676646706587,across_seed_bootstrap_exploratory
openml_3_kr_vs_kp,xgboost,class_conditional_cp,20,coverage_disparity,10,0.06558647411060232,0.06588783217877969,0.035542462553061045,0.04181832413604153,0.03992015968063875,0.08173848381668028,0.01829673985362612,0.12015185315643229,0.04511565105083948,0.08651363938789085,across_seed_bootstrap_exploratory
openml_3_kr_vs_kp,xgboost,class_conditional_cp,20,singleton_rate,10,0.8956250000000001,0.8953125,0.04200901027689708,0.04609374999999993,0.883984375,0.930078125,0.815625,0.946875,0.87015625,0.91890625,across_seed_bootstrap_exploratory
openml_3_kr_vs_kp,xgboost,class_conditional_cp,20,average_set_size,10,0.8956250000000001,0.8953125,0.04200901027689708,0.04609374999999993,0.883984375,0.930078125,0.815625,0.946875,0.8703125,0.9192187500000001,across_seed_bootstrap_exploratory
openml_3_kr_vs_kp,xgboost,class_conditional_cp,20,empty_rate,10,0.10437500000000002,0.1046875,0.04200901027689708,0.04609375,0.069921875,0.116015625,0.053125,0.184375,0.08093750000000001,0.12999999999999998,across_seed_bootstrap_exploratory
openml_3_kr_vs_kp,xgboost,class_conditional_cp,20,doubleton_rate,10,0.0,0.0,0.0,0.0,0.0,0.0,0.0,0.0,0.0,0.0,across_seed_bootstrap_exploratory
openml_3_kr_vs_kp,xgboost,class_conditional_cp,20,coverage_overall,10,0.8946875000000001,0.8953125,0.04183689186391997,0.046875,0.880859375,0.927734375,0.815625,0.946875,0.8692187500000002,0.91828125,across_seed_bootstrap_exploratory
openml_3_kr_vs_kp,xgboost,class_conditional_cp,20,auroc,10,0.9994506085867482,0.9997994207663106,0.0006046894107124561,0.0008328930374544852,0.999074155610348,0.9999070486478024,0.998307306954718,0.9999412938828226,0.9990694958122968,0.9997759627803219,across_seed_bootstrap_exploratory
openml_3_kr_vs_kp,xgboost,class_conditional_cp,20,auprc,10,0.9994555542739152,0.9997824001824889,0.0005799829758335372,0.0008770938820366059,0.9990247172936013,0.9999018111756379,0.9983491489659527,0.9999364411842996,0.999097290852431,0.9997725107771267,across_seed_bootstrap_exploratory
openml_3_kr_vs_kp,xgboost,class_conditional_cp,20,q_minority,10,0.06240655183792114,0.03225317597389221,0.0668269351094846,0.047737300395965576,0.021125823259353638,0.06886312365531921,0.011374056339263916,0.21737736463546753,0.02850845009088516,0.10606233417987818,across_seed_bootstrap_exploratory
openml_3_kr_vs_kp,xgboost,class_conditional_cp,20,q_majority,10,0.04483140110969543,0.04063349962234497,0.015035395138147209,0.02245350182056427,0.034521833062171936,0.056975334882736206,0.025115251541137695,0.07021903991699219,0.036462504118680954,0.05414162218570709,across_seed_bootstrap_exploratory
openml_3_kr_vs_kp,xgboost,class_conditional_cp,20,threshold_gap,10,0.037344688177108766,0.016137689352035522,0.04659482460339825,0.030882015824317932,0.010970786213874817,0.04185280203819275,0.0067133307456970215,0.15652239322662354,0.015032965540885925,0.06761615946888916,across_seed_bootstrap_exploratory
openml_3_kr_vs_kp,xgboost,class_conditional_cp,20,threshold_sum,10,0.10723795294761658,0.07746556401252747,0.07750064178797017,0.05055795609951019,0.06106853485107422,0.11162649095058441,0.03648930788040161,0.2782323360443115,0.06747298836708068,0.15640848398208615,across_seed_bootstrap_exploratory
openml_3_kr_vs_kp,xgboost,class_conditional_cp,50,coverage_minority,10,0.8846405228758171,0.8823529411764706,0.051672351833733324,0.05555555555555547,0.8611111111111112,0.9166666666666666,0.7810457516339869,0.9673202614379085,0.85359477124183,0.9143790849673202,across_seed_bootstrap_exploratory
openml_3_kr_vs_kp,xgboost,class_conditional_cp,50,coverage_majority,10,0.9047904191616766,0.9116766467065869,0.021114330605361897,0.017215568862275377,0.9011976047904192,0.9184131736526946,0.8652694610778443,0.9251497005988024,0.8919161676646705,0.9161676646706585,across_seed_bootstrap_exploratory
openml_3_kr_vs_kp,xgboost,class_conditional_cp,50,coverage_disparity,10,0.04445031505616218,0.041945520723259355,0.034272722368776785,0.03642225353215131,0.01834076944150917,0.05476302297366048,0.004559508434112125,0.12015185315643229,0.02608488904543852,0.06563759735431096,across_seed_bootstrap_exploratory
openml_3_kr_vs_kp,xgboost,class_conditional_cp,50,singleton_rate,10,0.89609375,0.89375,0.02824290486736841,0.023828124999999867,0.883984375,0.9078124999999999,0.84375,0.9453125,0.8793749999999999,0.9126562500000001,across_seed_bootstrap_exploratory
openml_3_kr_vs_kp,xgboost,class_conditional_cp,50,average_set_size,10,0.89609375,0.89375,0.02824290486736841,0.023828124999999867,0.883984375,0.9078124999999999,0.84375,0.9453125,0.8796875,0.9125,across_seed_bootstrap_exploratory
openml_3_kr_vs_kp,xgboost,class_conditional_cp,50,empty_rate,10,0.10390625,0.10625000000000001,0.02824290486736841,0.02382812499999999,0.0921875,0.116015625,0.0546875,0.15625,0.0871875,0.12062499999999998,across_seed_bootstrap_exploratory
openml_3_kr_vs_kp,xgboost,class_conditional_cp,50,doubleton_rate,10,0.0,0.0,0.0,0.0,0.0,0.0,0.0,0.0,0.0,0.0,across_seed_bootstrap_exploratory
openml_3_kr_vs_kp,xgboost,class_conditional_cp,50,coverage_overall,10,0.89515625,0.8921875,0.02794551137307704,0.024609374999999933,0.883203125,0.9078124999999999,0.84375,0.9453125,0.87890625,0.9112500000000001,across_seed_bootstrap_exploratory
openml_3_kr_vs_kp,xgboost,class_conditional_cp,50,auroc,10,0.9994506085867482,0.9997994207663106,0.0006046894107124561,0.0008328930374544852,0.999074155610348,0.9999070486478024,0.998307306954718,0.9999412938828226,0.9990734217838831,0.9997769167547258,across_seed_bootstrap_exploratory
openml_3_kr_vs_kp,xgboost,class_conditional_cp,50,auprc,10,0.9994555542739152,0.9997824001824889,0.0005799829758335372,0.0008770938820366059,0.9990247172936013,0.9999018111756379,0.9983491489659527,0.9999364411842996,0.9990973241710052,0.999774205390209,across_seed_bootstrap_exploratory
openml_3_kr_vs_kp,xgboost,class_conditional_cp,50,q_minority,10,0.04345659017562866,0.0351654589176178,0.030250027027544313,0.022014394402503967,0.025872960686683655,0.04788735508918762,0.017351150512695312,0.12262743711471558,0.02937997505068779,0.06380048573017119,across_seed_bootstrap_exploratory
openml_3_kr_vs_kp,xgboost,class_conditional_cp,50,q_majority,10,0.04483140110969543,0.04063349962234497,0.015035395138147209,0.02245350182056427,0.034521833062171936,0.056975334882736206,0.025115251541137695,0.07021903991699219,0.03638828188180924,0.05381682693958282,across_seed_bootstrap_exploratory
openml_3_kr_vs_kp,xgboost,class_conditional_cp,50,threshold_gap,10,0.02210419774055481,0.016276895999908447,0.016963030116784347,0.023152798414230347,0.009190112352371216,0.03234291076660156,0.004794180393218994,0.05240839719772339,0.01269259825348854,0.03269258737564087,across_seed_bootstrap_exploratory
openml_3_kr_vs_kp,xgboost,class_conditional_cp,50,threshold_sum,10,0.0882879912853241,0.08009213209152222,0.03812776228989886,0.013195276260375977,0.07271696627140045,0.08591224253177643,0.057516396045684814,0.19284647703170776,0.07172523379325867,0.11359419375658034,across_seed_bootstrap_exploratory
openml_3_kr_vs_kp,xgboost,class_conditional_cp,100,coverage_minority,10,0.8954248366013072,0.9003267973856208,0.03792351892272158,0.053104575163398726,0.8709150326797386,0.9240196078431373,0.8300653594771242,0.9444444444444444,0.8725490196078433,0.9166666666666667,across_seed_bootstrap_exploratory
openml_3_kr_vs_kp,xgboost,class_conditional_cp,100,coverage_majority,10,0.9047904191616766,0.9116766467065869,0.021114330605361897,0.017215568862275377,0.9011976047904192,0.9184131736526946,0.8652694610778443,0.9251497005988024,0.8916167664670658,0.9161676646706585,across_seed_bootstrap_exploratory
openml_3_kr_vs_kp,xgboost,class_conditional_cp,100,coverage_disparity,10,0.03114163829204337,0.03009666940628547,0.02358013828827777,0.03322277014598257,0.010713866384877285,0.04393663653085986,0.004559508434112125,0.07113224531329498,0.017846659621932593,0.04560486869398459,across_seed_bootstrap_exploratory
openml_3_kr_vs_kp,xgboost,class_conditional_cp,100,singleton_rate,10,0.90109375,0.89921875,0.02365122460565674,0.03359374999999998,0.886328125,0.919921875,0.8671875,0.9328125,0.88734375,0.9146875000000001,across_seed_bootstrap_exploratory
openml_3_kr_vs_kp,xgboost,class_conditional_cp,100,average_set_size,10,0.90109375,0.89921875,0.02365122460565674,0.03359374999999998,0.886328125,0.919921875,0.8671875,0.9328125,0.8875,0.915,across_seed_bootstrap_exploratory
openml_3_kr_vs_kp,xgboost,class_conditional_cp,100,empty_rate,10,0.09890625,0.10078125,0.023651224605656728,0.033593750000000006,0.080078125,0.113671875,0.0671875,0.1328125,0.08484375,0.11265625000000001,across_seed_bootstrap_exploratory
openml_3_kr_vs_kp,xgboost,class_conditional_cp,100,doubleton_rate,10,0.0,0.0,0.0,0.0,0.0,0.0,0.0,0.0,0.0,0.0,across_seed_bootstrap_exploratory
openml_3_kr_vs_kp,xgboost,class_conditional_cp,100,coverage_overall,10,0.9003125000000001,0.89765625,0.02317327918218644,0.033984374999999956,0.8859375,0.919921875,0.8671875,0.9296875,0.8865624999999999,0.91375,across_seed_bootstrap_exploratory
openml_3_kr_vs_kp,xgboost,class_conditional_cp,100,auroc,10,0.9994506085867482,0.9997994207663106,0.0006046894107124561,0.0008328930374544852,0.999074155610348,0.9999070486478024,0.998307306954718,0.9999412938828226,0.9990743879887284,0.9997798520605847,across_seed_bootstrap_exploratory
openml_3_kr_vs_kp,xgboost,class_conditional_cp,100,auprc,10,0.9994555542739152,0.9997824001824889,0.0005799829758335372,0.0008770938820366059,0.9990247172936013,0.9999018111756379,0.9983491489659527,0.9999364411842996,0.9990988521379709,0.9997710170934354,across_seed_bootstrap_exploratory
openml_3_kr_vs_kp,xgboost,class_conditional_cp,100,q_minority,10,0.04679920077323914,0.040862441062927246,0.021654203368985308,0.021050333976745605,0.03187122941017151,0.052921563386917114,0.022961974143981934,0.08627694845199585,0.034998209625482564,0.060354696661233886,across_seed_bootstrap_exploratory
openml_3_kr_vs_kp,xgboost,class_conditional_cp,100,q_majority,10,0.04483140110969543,0.04063349962234497,0.015035395138147209,0.02245350182056427,0.034521833062171936,0.056975334882736206,0.025115251541137695,0.07021903991699219,0.03636588454246521,0.05412800922989845,across_seed_bootstrap_exploratory
openml_3_kr_vs_kp,xgboost,class_conditional_cp,100,threshold_gap,10,0.01993485689163208,0.0151577889919281,0.014389751084786306,0.01699233055114746,0.010336622595787048,0.02732895314693451,0.0023973584175109863,0.04602694511413574,0.011960217356681823,0.02886164203286169,across_seed_bootstrap_exploratory
openml_3_kr_vs_kp,xgboost,class_conditional_cp,100,threshold_sum,10,0.09163060188293456,0.08908921480178833,0.027306023114205356,0.020094767212867737,0.07305698096752167,0.0931517481803894,0.06395310163497925,0.15649598836898804,0.07745894208550452,0.10919444322586058,across_seed_bootstrap_exploratory
openml_3_kr_vs_kp,tabpfn,global_split_cp,10,coverage_minority,10,0.8993464052287582,0.9101307189542484,0.03744489007171034,0.059640522875817004,0.8676470588235294,0.9272875816993464,0.8398692810457516,0.9509803921568627,0.8774509803921567,0.9209150326797386,across_seed_bootstrap_exploratory
openml_3_kr_vs_kp,tabpfn,global_split_cp,10,coverage_majority,10,0.9020958083832336,0.905688622754491,0.02715047803586274,0.04041916167664672,0.8824850299401198,0.9229041916167665,0.8502994011976048,0.937125748502994,0.8853293413173654,0.917365269461078,across_seed_bootstrap_exploratory
openml_3_kr_vs_kp,tabpfn,global_split_cp,10,coverage_disparity,10,0.03126492113811591,0.023775977456851005,0.0301411800380233,0.032665062032797065,0.008062306759030996,0.04072736879182806,0.004305115259676695,0.09725646745724237,0.015500225040115832,0.05023291651990135,across_seed_bootstrap_exploratory
openml_3_kr_vs_kp,tabpfn,global_split_cp,10,singleton_rate,10,0.9015625,0.90234375,0.02357022603955156,0.027734374999999978,0.894140625,0.921875,0.8546875,0.928125,0.8873437500000001,0.9146875,across_seed_bootstrap_exploratory
openml_3_kr_vs_kp,tabpfn,global_split_cp,10,average_set_size,10,0.9015625,0.90234375,0.02357022603955156,0.027734374999999978,0.894140625,0.921875,0.8546875,0.928125,0.8871835937499999,0.9145312499999999,across_seed_bootstrap_exploratory
openml_3_kr_vs_kp,tabpfn,global_split_cp,10,empty_rate,10,0.0984375,0.09765625,0.023570226039551587,0.027734375000000006,0.078125,0.105859375,0.071875,0.1453125,0.08531249999999999,0.11281250000000001,across_seed_bootstrap_exploratory
openml_3_kr_vs_kp,tabpfn,global_split_cp,10,doubleton_rate,10,0.0,0.0,0.0,0.0,0.0,0.0,0.0,0.0,0.0,0.0,across_seed_bootstrap_exploratory
openml_3_kr_vs_kp,tabpfn,global_split_cp,10,coverage_overall,10,0.90078125,0.9007812500000001,0.023653518391386633,0.029687499999999867,0.891796875,0.9214843749999999,0.8546875,0.928125,0.88609375,0.9140625,across_seed_bootstrap_exploratory
openml_3_kr_vs_kp,tabpfn,global_split_cp,10,auroc,10,0.999538178544871,0.9997700677077217,0.0004933703269078601,0.0007533951704433717,0.9991732221830848,0.9999266173535282,0.9986008375406051,0.9999804312942743,0.9992387773472663,0.9998053158389105,across_seed_bootstrap_exploratory
openml_3_kr_vs_kp,tabpfn,global_split_cp,10,auprc,10,0.9995430108232334,0.9997466751863564,0.0004575748127257771,0.0007878476267294543,0.9991325677023188,0.9999204153290483,0.9987854862797105,0.999978675480894,0.9992576811006849,0.9997971216853552,across_seed_bootstrap_exploratory
openml_3_kr_vs_kp,tabpfn,global_split_cp,10,q_global,10,0.005222135782241821,0.003761112689971924,0.004277374291014791,0.0060668885707855225,0.0017464756965637207,0.007813364267349243,0.0011975765228271484,0.01398324966430664,0.0028868556022644044,0.007854279279708859,across_seed_bootstrap_exploratory
openml_3_kr_vs_kp,tabpfn,global_split_cp,20,coverage_minority,10,0.8931372549019608,0.9101307189542484,0.04354710560460701,0.07026143790849682,0.8570261437908496,0.9272875816993464,0.826797385620915,0.9509803921568627,0.8669934640522875,0.9179738562091503,across_seed_bootstrap_exploratory
openml_3_kr_vs_kp,tabpfn,global_split_cp,20,coverage_majority,10,0.8982035928143712,0.905688622754491,0.02613932306129499,0.029940119760479056,0.8817365269461078,0.9116766467065869,0.8502994011976048,0.937125748502994,0.8826347305389222,0.9131736526946108,across_seed_bootstrap_exploratory
openml_3_kr_vs_kp,tabpfn,global_split_cp,20,coverage_disparity,10,0.0346698759344057,0.026496027552737667,0.032649960577105744,0.030081992876991037,0.010645375914837024,0.04072736879182806,0.004305115259676695,0.09725646745724237,0.01746296622441391,0.05532914563030795,across_seed_bootstrap_exploratory
openml_3_kr_vs_kp,tabpfn,global_split_cp,20,singleton_rate,10,0.8964062499999998,0.89765625,0.02576993649072715,0.03749999999999998,0.878515625,0.916015625,0.8546875,0.928125,0.8807812499999998,0.91140625,across_seed_bootstrap_exploratory
openml_3_kr_vs_kp,tabpfn,global_split_cp,20,average_set_size,10,0.8964062499999998,0.89765625,0.02576993649072715,0.03749999999999998,0.878515625,0.916015625,0.8546875,0.928125,0.88108984375,0.9109375,across_seed_bootstrap_exploratory
openml_3_kr_vs_kp,tabpfn,global_split_cp,20,empty_rate,10,0.10359375,0.10234375000000001,0.025769936490727157,0.03749999999999999,0.083984375,0.12148437499999999,0.071875,0.1453125,0.0890625,0.11890624999999999,across_seed_bootstrap_exploratory
openml_3_kr_vs_kp,tabpfn,global_split_cp,20,doubleton_rate,10,0.0,0.0,0.0,0.0,0.0,0.0,0.0,0.0,0.0,0.0,across_seed_bootstrap_exploratory
openml_3_kr_vs_kp,tabpfn,global_split_cp,20,coverage_overall,10,0.89578125,0.89765625,0.025906419631531476,0.0390625,0.8765624999999999,0.9156249999999999,0.8546875,0.928125,0.8800000000000001,0.9106249999999999,across_seed_bootstrap_exploratory
openml_3_kr_vs_kp,tabpfn,global_split_cp,20,auroc,10,0.999538178544871,0.9997700677077217,0.0004933703269078601,0.0007533951704433717,0.9991732221830848,0.9999266173535282,0.9986008375406051,0.9999804312942743,0.9992358175805252,0.9998082266838871,across_seed_bootstrap_exploratory
openml_3_kr_vs_kp,tabpfn,global_split_cp,20,auprc,10,0.9995430108232334,0.9997466751863564,0.0004575748127257771,0.0007878476267294543,0.9991325677023188,0.9999204153290483,0.9987854862797105,0.999978675480894,0.9992572921847156,0.9997962941488182,across_seed_bootstrap_exploratory
openml_3_kr_vs_kp,tabpfn,global_split_cp,20,q_global,10,0.0049128890037536625,0.003731340169906616,0.004221567026257241,0.005671203136444092,0.001686781644821167,0.007357984781265259,0.0005224943161010742,0.013941645622253418,0.0026212772727012635,0.0075703433156013395,across_seed_bootstrap_exploratory
openml_3_kr_vs_kp,tabpfn,global_split_cp,50,coverage_minority,10,0.89640522875817,0.9035947712418301,0.03231642636182792,0.03431372549019607,0.8831699346405228,0.9174836601307189,0.826797385620915,0.934640522875817,0.8758169934640524,0.9140522875816993,across_seed_bootstrap_exploratory
openml_3_kr_vs_kp,tabpfn,global_split_cp,50,coverage_majority,10,0.8994011976047904,0.8967065868263473,0.025452036933006114,0.029191616766467088,0.8817365269461078,0.9109281437125749,0.8622754491017964,0.9461077844311377,0.8850299401197604,0.9149700598802395,across_seed_bootstrap_exploratory
openml_3_kr_vs_kp,tabpfn,global_split_cp,50,coverage_disparity,10,0.030419553050761227,0.026769989432898877,0.03026131498845561,0.03495949277914759,0.004251301318930756,0.039210794098078344,0.0035027983249188432,0.08637626707369583,0.013564880043833891,0.049234961449649714,across_seed_bootstrap_exploratory
openml_3_kr_vs_kp,tabpfn,global_split_cp,50,singleton_rate,10,0.8985937500000001,0.89609375,0.018857475538378833,0.028125000000000067,0.883203125,0.911328125,0.8734375,0.9328125,0.88796875,0.9100000000000001,across_seed_bootstrap_exploratory
openml_3_kr_vs_kp,tabpfn,global_split_cp,50,average_set_size,10,0.8985937500000001,0.89609375,0.018857475538378833,0.028125000000000067,0.883203125,0.911328125,0.8734375,0.9328125,0.8879687500000001,0.9100000000000001,across_seed_bootstrap_exploratory
openml_3_kr_vs_kp,tabpfn,global_split_cp,50,empty_rate,10,0.10140624999999999,0.10390625,0.018857475538378823,0.028124999999999997,0.088671875,0.116796875,0.0671875,0.1265625,0.09,0.11203125,across_seed_bootstrap_exploratory
openml_3_kr_vs_kp,tabpfn,global_split_cp,50,doubleton_rate,10,0.0,0.0,0.0,0.0,0.0,0.0,0.0,0.0,0.0,0.0,across_seed_bootstrap_exploratory
openml_3_kr_vs_kp,tabpfn,global_split_cp,50,coverage_overall,10,0.8979687500000001,0.8953125,0.01883732558165955,0.02578125000000009,0.883203125,0.9089843750000001,0.871875,0.9328125,0.8875,0.9092187500000002,across_seed_bootstrap_exploratory
openml_3_kr_vs_kp,tabpfn,global_split_cp,50,auroc,10,0.999538178544871,0.9997700677077217,0.0004933703269078601,0.0007533951704433717,0.9991732221830848,0.9999266173535282,0.9986008375406051,0.9999804312942743,0.9992348636061212,0.9998101835544597,across_seed_bootstrap_exploratory
openml_3_kr_vs_kp,tabpfn,global_split_cp,50,auprc,10,0.9995430108232334,0.9997466751863564,0.0004575748127257771,0.0007878476267294543,0.9991325677023188,0.9999204153290483,0.9987854862797105,0.999978675480894,0.9992601543703608,0.9997985323736436,across_seed_bootstrap_exploratory
openml_3_kr_vs_kp,tabpfn,global_split_cp,50,q_global,10,0.00427713394165039,0.0031712353229522705,0.002851484398810719,0.0037977248430252075,0.0026534050703048706,0.006451129913330078,0.0005224943161010742,0.008832216262817383,0.0026871518790721896,0.005987192243337624,across_seed_bootstrap_exploratory
openml_3_kr_vs_kp,tabpfn,global_split_cp,100,coverage_minority,10,0.9032679738562092,0.9019607843137255,0.01912997944968645,0.021241830065359513,0.8897058823529411,0.9109477124183006,0.8758169934640523,0.934640522875817,0.892483660130719,0.9150326797385621,across_seed_bootstrap_exploratory
openml_3_kr_vs_kp,tabpfn,global_split_cp,100,coverage_majority,10,0.9017964071856287,0.8982035928143712,0.029833476074304813,0.03293413173652704,0.8899700598802395,0.9229041916167665,0.8473053892215568,0.9461077844311377,0.8838323353293414,0.9188622754491018,across_seed_bootstrap_exploratory
openml_3_kr_vs_kp,tabpfn,global_split_cp,100,coverage_disparity,10,0.023936440843802597,0.019010997612617875,0.01875461871000828,0.02746467848616485,0.008947790693123625,0.036412469179288476,0.004305115259676695,0.05831474306289386,0.013609936988767574,0.03533330398027476,across_seed_bootstrap_exploratory
openml_3_kr_vs_kp,tabpfn,global_split_cp,100,singleton_rate,10,0.90328125,0.9046875000000001,0.02033852499465813,0.030078125000000067,0.891015625,0.92109375,0.8671875,0.928125,0.8909375,0.915,across_seed_bootstrap_exploratory
openml_3_kr_vs_kp,tabpfn,global_split_cp,100,average_set_size,10,0.90328125,0.9046875000000001,0.02033852499465813,0.030078125000000067,0.891015625,0.92109375,0.8671875,0.928125,0.8910937500000001,0.9148437500000002,across_seed_bootstrap_exploratory
openml_3_kr_vs_kp,tabpfn,global_split_cp,100,empty_rate,10,0.09671874999999999,0.0953125,0.020338524994658127,0.030078124999999997,0.07890625,0.108984375,0.071875,0.1328125,0.08515624999999999,0.10890625000000001,across_seed_bootstrap_exploratory
openml_3_kr_vs_kp,tabpfn,global_split_cp,100,doubleton_rate,10,0.0,0.0,0.0,0.0,0.0,0.0,0.0,0.0,0.0,0.0,across_seed_bootstrap_exploratory
openml_3_kr_vs_kp,tabpfn,global_split_cp,100,coverage_overall,10,0.9025000000000001,0.90390625,0.019835477825239197,0.028125000000000067,0.891015625,0.919140625,0.8671875,0.928125,0.8903125000000001,0.9139062500000001,across_seed_bootstrap_exploratory
openml_3_kr_vs_kp,tabpfn,global_split_cp,100,auroc,10,0.999538178544871,0.9997700677077217,0.0004933703269078601,0.0007533951704433717,0.9991732221830848,0.9999266173535282,0.9986008375406051,0.9999804312942743,0.9992328822746662,0.9998062698133146,across_seed_bootstrap_exploratory
openml_3_kr_vs_kp,tabpfn,global_split_cp,100,auprc,10,0.9995430108232334,0.9997466751863564,0.0004575748127257771,0.0007878476267294543,0.9991325677023188,0.9999204153290483,0.9987854862797105,0.999978675480894,0.9992639652290787,0.9997988407514825,across_seed_bootstrap_exploratory
openml_3_kr_vs_kp,tabpfn,global_split_cp,100,q_global,10,0.004458796977996826,0.0037385225296020508,0.0026998140641266706,0.004482179880142212,0.0024535804986953735,0.0069357603788375854,0.0014292001724243164,0.008458375930786133,0.0029395268857479095,0.006077499687671657,across_seed_bootstrap_exploratory
openml_3_kr_vs_kp,tabpfn,class_conditional_cp,10,coverage_minority,10,0.8986928104575164,0.9215686274509804,0.10145349849128583,0.12418300653594772,0.8513071895424836,0.9754901960784313,0.673202614379085,0.9967320261437909,0.8333333333333334,0.9522875816993464,across_seed_bootstrap_exploratory
openml_3_kr_vs_kp,tabpfn,class_conditional_cp,10,coverage_majority,10,0.9,0.905688622754491,0.027155980210006956,0.03667664670658677,0.8824850299401198,0.9191616766467066,0.8502994011976048,0.937125748502994,0.8835329341317365,0.9155688622754491,across_seed_bootstrap_exploratory
openml_3_kr_vs_kp,tabpfn,class_conditional_cp,10,coverage_disparity,10,0.08488513169738951,0.0707604399045047,0.0668728125087019,0.043334898829791385,0.049298461899729945,0.09263336072952133,0.014109036828304111,0.25494109819576527,0.051862745098039176,0.1285415932840201,across_seed_bootstrap_exploratory
openml_3_kr_vs_kp,tabpfn,class_conditional_cp,10,singleton_rate,10,0.9003125000000001,0.90703125,0.047300155258730374,0.061718750000000044,0.873828125,0.935546875,0.80625,0.959375,0.8709374999999999,0.92671875,across_seed_bootstrap_exploratory
openml_3_kr_vs_kp,tabpfn,class_conditional_cp,10,average_set_size,10,0.9003125000000001,0.90703125,0.047300155258730374,0.061718750000000044,0.873828125,0.935546875,0.80625,0.959375,0.8715625000000001,0.9268749999999999,across_seed_bootstrap_exploratory
openml_3_kr_vs_kp,tabpfn,class_conditional_cp,10,empty_rate,10,0.09968750000000001,0.09296874999999999,0.04730015525873039,0.06171874999999999,0.064453125,0.126171875,0.040625,0.19375,0.07359374999999999,0.1284375,across_seed_bootstrap_exploratory
openml_3_kr_vs_kp,tabpfn,class_conditional_cp,10,doubleton_rate,10,0.0,0.0,0.0,0.0,0.0,0.0,0.0,0.0,0.0,0.0,across_seed_bootstrap_exploratory
openml_3_kr_vs_kp,tabpfn,class_conditional_cp,10,coverage_overall,10,0.8993749999999998,0.90625,0.04682983935661818,0.06210937500000002,0.873046875,0.93515625,0.80625,0.9578125,0.87046875,0.9253124999999999,across_seed_bootstrap_exploratory
openml_3_kr_vs_kp,tabpfn,class_conditional_cp,10,auroc,10,0.999538178544871,0.9997700677077217,0.0004933703269078601,0.0007533951704433717,0.9991732221830848,0.9999266173535282,0.9986008375406051,0.9999804312942743,0.9992329067355484,0.9998062698133146,across_seed_bootstrap_exploratory
openml_3_kr_vs_kp,tabpfn,class_conditional_cp,10,auprc,10,0.9995430108232334,0.9997466751863564,0.0004575748127257771,0.0007878476267294543,0.9991325677023188,0.9999204153290483,0.9987854862797105,0.999978675480894,0.9992663955298627,0.9997951322963681,across_seed_bootstrap_exploratory
openml_3_kr_vs_kp,tabpfn,class_conditional_cp,10,q_minority,10,0.0751282513141632,0.005970895290374756,0.14475159863861764,0.02779453992843628,0.0022820979356765747,0.030076637864112854,0.0002541542053222656,0.42781466245651245,0.006797921657562256,0.16830212518572796,across_seed_bootstrap_exploratory
openml_3_kr_vs_kp,tabpfn,class_conditional_cp,10,q_majority,10,0.0051331758499145504,0.003761112689971924,0.004461480852952437,0.005978405475616455,0.0016718804836273193,0.007650285959243774,0.0004882216453552246,0.01398324966430664,0.002669442892074585,0.007895229160785673,across_seed_bootstrap_exploratory
openml_3_kr_vs_kp,tabpfn,class_conditional_cp,10,threshold_gap,10,0.07328187823295593,0.008217006921768188,0.1430227308593156,0.02430814504623413,0.0018955767154693604,0.02620372176170349,2.9087066650390625e-05,0.42088329792022705,0.006150925159454345,0.1689704988896836,across_seed_bootstrap_exploratory
openml_3_kr_vs_kp,tabpfn,class_conditional_cp,10,threshold_sum,10,0.08026142716407776,0.01215982437133789,0.14480024454933144,0.034879907965660095,0.005806222558021545,0.04068613052368164,0.003998517990112305,0.43474602699279785,0.011892593055963517,0.1723120455443859,across_seed_bootstrap_exploratory
openml_3_kr_vs_kp,tabpfn,class_conditional_cp,20,coverage_minority,10,0.8833333333333334,0.8872549019607843,0.04852204512160498,0.056372549019607865,0.8513071895424836,0.9076797385620915,0.8104575163398693,0.9738562091503268,0.8552287581699346,0.9117647058823529,across_seed_bootstrap_exploratory
openml_3_kr_vs_kp,tabpfn,class_conditional_cp,20,coverage_majority,10,0.9,0.905688622754491,0.027155980210006956,0.03667664670658677,0.8824850299401198,0.9191616766467066,0.8502994011976048,0.937125748502994,0.8835329341317365,0.9152694610778445,across_seed_bootstrap_exploratory
openml_3_kr_vs_kp,tabpfn,class_conditional_cp,20,coverage_disparity,10,0.04008257993816287,0.034020194904308965,0.030815279498414908,0.040110954561465406,0.015346757465461186,0.05545771202692659,0.0015850651637900892,0.09725646745724237,0.02290306641618719,0.05927018511995612,across_seed_bootstrap_exploratory
openml_3_kr_vs_kp,tabpfn,class_conditional_cp,20,singleton_rate,10,0.8926562500000002,0.89609375,0.030307398625720634,0.04257812500000002,0.869921875,0.9125,0.8515625,0.946875,0.8751562500000001,0.91078125,across_seed_bootstrap_exploratory
openml_3_kr_vs_kp,tabpfn,class_conditional_cp,20,average_set_size,10,0.8926562500000002,0.89609375,0.030307398625720634,0.04257812500000002,0.869921875,0.9125,0.8515625,0.946875,0.8748437499999999,0.9103125000000001,across_seed_bootstrap_exploratory
openml_3_kr_vs_kp,tabpfn,class_conditional_cp,20,empty_rate,10,0.10734374999999999,0.10390625,0.03030739862572064,0.042578124999999994,0.0875,0.130078125,0.053125,0.1484375,0.08921875,0.12515625,across_seed_bootstrap_exploratory
openml_3_kr_vs_kp,tabpfn,class_conditional_cp,20,doubleton_rate,10,0.0,0.0,0.0,0.0,0.0,0.0,0.0,0.0,0.0,0.0,across_seed_bootstrap_exploratory
openml_3_kr_vs_kp,tabpfn,class_conditional_cp,20,coverage_overall,10,0.8920312499999999,0.89453125,0.030086409843842553,0.041015625,0.869921875,0.9109375,0.8515625,0.946875,0.8746875,0.9103124999999999,across_seed_bootstrap_exploratory
openml_3_kr_vs_kp,tabpfn,class_conditional_cp,20,auroc,10,0.999538178544871,0.9997700677077217,0.0004933703269078601,0.0007533951704433717,0.9991732221830848,0.9999266173535282,0.9986008375406051,0.9999804312942743,0.9992319283002622,0.9998033345074557,across_seed_bootstrap_exploratory
openml_3_kr_vs_kp,tabpfn,class_conditional_cp,20,auprc,10,0.9995430108232334,0.9997466751863564,0.0004575748127257771,0.0007878476267294543,0.9991325677023188,0.9999204153290483,0.9987854862797105,0.999978675480894,0.9992621364266673,0.9997965210491979,across_seed_bootstrap_exploratory
openml_3_kr_vs_kp,tabpfn,class_conditional_cp,20,q_minority,10,0.01001753807067871,0.003103911876678467,0.023000197768104715,0.001721411943435669,0.002167120575904846,0.003888532519340515,0.0008934736251831055,0.07539069652557373,0.0022042755782604216,0.024759308397769925,across_seed_bootstrap_exploratory
openml_3_kr_vs_kp,tabpfn,class_conditional_cp,20,q_majority,10,0.0051331758499145504,0.003761112689971924,0.004461480852952437,0.005978405475616455,0.0016718804836273193,0.007650285959243774,0.0004882216453552246,0.01398324966430664,0.002662339955568314,0.00784307554364204,across_seed_bootstrap_exploratory
openml_3_kr_vs_kp,tabpfn,class_conditional_cp,20,threshold_gap,10,0.010328161716461181,0.004032105207443237,0.02064450215142303,0.005389943718910217,0.001423567533493042,0.006813511252403259,2.9087066650390625e-05,0.06845933198928833,0.0024599288403987884,0.023929373323917386,across_seed_bootstrap_exploratory
openml_3_kr_vs_kp,tabpfn,class_conditional_cp,20,threshold_sum,10,0.015150713920593261,0.00568428635597229,0.024075233551005094,0.0074753910303115845,0.004582494497299194,0.012057885527610779,0.003998517990112305,0.08232206106185913,0.005599359720945359,0.030886840224266052,across_seed_bootstrap_exploratory
openml_3_kr_vs_kp,tabpfn,class_conditional_cp,50,coverage_minority,10,0.8803921568627452,0.8954248366013071,0.049781062425575284,0.06862745098039214,0.8415032679738562,0.9101307189542484,0.7875816993464052,0.9477124183006536,0.85,0.9081699346405229,across_seed_bootstrap_exploratory
openml_3_kr_vs_kp,tabpfn,class_conditional_cp,50,coverage_majority,10,0.9,0.905688622754491,0.027155980210006956,0.03667664670658677,0.8824850299401198,0.9191616766467066,0.8502994011976048,0.937125748502994,0.8838323353293414,0.915568862275449,across_seed_bootstrap_exploratory
openml_3_kr_vs_kp,tabpfn,class_conditional_cp,50,coverage_disparity,10,0.04903526280771788,0.048804352080153435,0.025414430936903994,0.033168956205236605,0.02795878830574139,0.061127744510977994,0.01829673985362612,0.1016398575398223,0.03488107119095142,0.0646139094360299,across_seed_bootstrap_exploratory
openml_3_kr_vs_kp,tabpfn,class_conditional_cp,50,singleton_rate,10,0.89140625,0.8921875,0.029409793962263293,0.038281250000000044,0.875,0.91328125,0.840625,0.934375,0.8743749999999999,0.9082851562499998,across_seed_bootstrap_exploratory
openml_3_kr_vs_kp,tabpfn,class_conditional_cp,50,average_set_size,10,0.89140625,0.8921875,0.029409793962263293,0.038281250000000044,0.875,0.91328125,0.840625,0.934375,0.8740625,0.90859375,across_seed_bootstrap_exploratory
openml_3_kr_vs_kp,tabpfn,class_conditional_cp,50,empty_rate,10,0.10859375,0.1078125,0.02940979396226328,0.03828125,0.08671875,0.125,0.065625,0.159375,0.09156250000000002,0.12593749999999998,across_seed_bootstrap_exploratory
openml_3_kr_vs_kp,tabpfn,class_conditional_cp,50,doubleton_rate,10,0.0,0.0,0.0,0.0,0.0,0.0,0.0,0.0,0.0,0.0,across_seed_bootstrap_exploratory
openml_3_kr_vs_kp,tabpfn,class_conditional_cp,50,coverage_overall,10,0.890625,0.89140625,0.02912944052939493,0.03906250000000011,0.873828125,0.9128906250000001,0.840625,0.934375,0.8734375,0.9073437499999999,across_seed_bootstrap_exploratory
openml_3_kr_vs_kp,tabpfn,class_conditional_cp,50,auroc,10,0.999538178544871,0.9997700677077217,0.0004933703269078601,0.0007533951704433717,0.9991732221830848,0.9999266173535282,0.9986008375406051,0.9999804312942743,0.9992329067355484,0.9998003992015969,across_seed_bootstrap_exploratory
openml_3_kr_vs_kp,tabpfn,class_conditional_cp,50,auprc,10,0.9995430108232334,0.9997466751863564,0.0004575748127257771,0.0007878476267294543,0.9991325677023188,0.9999204153290483,0.9987854862797105,0.999978675480894,0.9992635431730802,0.9997972733207959,across_seed_bootstrap_exploratory
openml_3_kr_vs_kp,tabpfn,class_conditional_cp,50,q_minority,10,0.004343944787979126,0.0042223334312438965,0.004065624222410748,0.004731237888336182,0.0010892301797866821,0.005820468068122864,0.0003501772880554199,0.013859987258911133,0.002203148305416107,0.007029572427272792,across_seed_bootstrap_exploratory
openml_3_kr_vs_kp,tabpfn,class_conditional_cp,50,q_majority,10,0.0051331758499145504,0.003761112689971924,0.004461480852952437,0.005978405475616455,0.0016718804836273193,0.007650285959243774,0.0004882216453552246,0.01398324966430664,0.002654428780078888,0.007906079292297363,across_seed_bootstrap_exploratory
openml_3_kr_vs_kp,tabpfn,class_conditional_cp,50,threshold_gap,10,0.004763954877853393,0.00477483868598938,0.0027382644208296366,0.003439396619796753,0.0032078027725219727,0.006647199392318726,0.0004622936248779297,0.009442687034606934,0.003185892105102539,0.006383324861526487,across_seed_bootstrap_exploratory
openml_3_kr_vs_kp,tabpfn,class_conditional_cp,50,threshold_sum,10,0.009477120637893677,0.008156061172485352,0.006391029985739808,0.005934789776802063,0.006460309028625488,0.012395098805427551,0.001438736915588379,0.020791351795196533,0.005886674970388413,0.013367137610912322,across_seed_bootstrap_exploratory
openml_3_kr_vs_kp,tabpfn,class_conditional_cp,100,coverage_minority,10,0.9003267973856209,0.9084967320261438,0.03675562705621566,0.03513071895424846,0.892156862745098,0.9272875816993464,0.8169934640522876,0.934640522875817,0.876470588235294,0.919607843137255,across_seed_bootstrap_exploratory
openml_3_kr_vs_kp,tabpfn,class_conditional_cp,100,coverage_majority,10,0.9,0.905688622754491,0.027155980210006956,0.03667664670658677,0.8824850299401198,0.9191616766467066,0.8502994011976048,0.937125748502994,0.8835329341317365,0.9152694610778445,across_seed_bootstrap_exploratory
openml_3_kr_vs_kp,tabpfn,class_conditional_cp,100,coverage_disparity,10,0.029300223083245258,0.01789558138624714,0.0293004020526325,0.03527259207076042,0.006350045008023136,0.04162263707878355,0.0016829086924190495,0.08434112167821217,0.01336909514304723,0.04772230049704509,across_seed_bootstrap_exploratory
openml_3_kr_vs_kp,tabpfn,class_conditional_cp,100,singleton_rate,10,0.90078125,0.903125,0.02447639611981079,0.029296875,0.891015625,0.9203125,0.8546875,0.9296875,0.8859375,0.914375,across_seed_bootstrap_exploratory
openml_3_kr_vs_kp,tabpfn,class_conditional_cp,100,average_set_size,10,0.90078125,0.903125,0.02447639611981079,0.029296875,0.891015625,0.9203125,0.8546875,0.9296875,0.8857812500000002,0.9146875,across_seed_bootstrap_exploratory
openml_3_kr_vs_kp,tabpfn,class_conditional_cp,100,empty_rate,10,0.09921875,0.096875,0.024476396119810794,0.029296874999999986,0.07968750000000001,0.108984375,0.0703125,0.1453125,0.0853125,0.1140625,across_seed_bootstrap_exploratory
openml_3_kr_vs_kp,tabpfn,class_conditional_cp,100,doubleton_rate,10,0.0,0.0,0.0,0.0,0.0,0.0,0.0,0.0,0.0,0.0,across_seed_bootstrap_exploratory
openml_3_kr_vs_kp,tabpfn,class_conditional_cp,100,coverage_overall,10,0.90015625,0.90234375,0.024053817878122562,0.026562500000000044,0.891015625,0.917578125,0.8546875,0.9296875,0.88546875,0.9134414062499997,across_seed_bootstrap_exploratory
openml_3_kr_vs_kp,tabpfn,class_conditional_cp,100,auroc,10,0.999538178544871,0.9997700677077217,0.0004933703269078601,0.0007533951704433717,0.9991732221830848,0.9999266173535282,0.9986008375406051,0.9999804312942743,0.9992329067355487,0.9998072482486007,across_seed_bootstrap_exploratory
openml_3_kr_vs_kp,tabpfn,class_conditional_cp,100,auprc,10,0.9995430108232334,0.9997466751863564,0.0004575748127257771,0.0007878476267294543,0.9991325677023188,0.9999204153290483,0.9987854862797105,0.999978675480894,0.9992646865196058,0.9997929556791312,across_seed_bootstrap_exploratory
openml_3_kr_vs_kp,tabpfn,class_conditional_cp,100,q_minority,10,0.0050477683544158936,0.004249930381774902,0.003069296764159284,0.004548817873001099,0.002742558717727661,0.00729137659072876,0.0010234713554382324,0.009966015815734863,0.0032882094383239746,0.006884574890136719,across_seed_bootstrap_exploratory
openml_3_kr_vs_kp,tabpfn,class_conditional_cp,100,q_majority,10,0.0051331758499145504,0.003761112689971924,0.004461480852952437,0.005978405475616455,0.0016718804836273193,0.007650285959243774,0.0004882216453552246,0.01398324966430664,0.0027058546245098116,0.007885783612728115,across_seed_bootstrap_exploratory
openml_3_kr_vs_kp,tabpfn,class_conditional_cp,100,threshold_gap,10,0.004261928796768189,0.0033254921436309814,0.003038605592184387,0.004054233431816101,0.002289995551109314,0.006344228982925415,8.344650268554688e-06,0.009442687034606934,0.002558937072753906,0.006114558875560757,across_seed_bootstrap_exploratory
openml_3_kr_vs_kp,tabpfn,class_conditional_cp,100,threshold_sum,10,0.010180944204330444,0.00883018970489502,0.005407726475570585,0.008736148476600647,0.005988329648971558,0.014724478125572205,0.0033674240112304688,0.018523812294006348,0.007137489914894104,0.013405349850654592,across_seed_bootstrap_exploratory
openml_24_mushroom,logistic_regression,global_split_cp,10,coverage_minority,10,0.9149425287356321,0.9169859514687101,0.02091806915497924,0.016602809706258048,0.9086845466155811,0.9252873563218391,0.8773946360153256,0.9438058748403576,0.902043422733078,0.9265644955300129,across_seed_bootstrap_exploratory
openml_24_mushroom,logistic_regression,global_split_cp,10,coverage_majority,10,0.9078384798099762,0.9109263657957245,0.016825718396376248,0.025831353919239852,0.8919239904988123,0.9177553444180522,0.8871733966745843,0.9358669833729216,0.8982185273159145,0.9179334916864608,across_seed_bootstrap_exploratory
openml_24_mushroom,logistic_regression,global_split_cp,10,coverage_disparity,10,0.012397047715255582,0.009972910087579556,0.016649598962050035,0.011230710192541626,0.002128059749486544,0.01335876994202817,3.18526405838071e-05,0.056632478165773326,0.0047438858098003064,0.023450585178511285,across_seed_bootstrap_exploratory
openml_24_mushroom,logistic_regression,global_split_cp,10,singleton_rate,10,0.9112615384615385,0.9150769230769231,0.016114775706016715,0.013692307692307781,0.9038461538461539,0.9175384615384616,0.8843076923076924,0.9316923076923077,0.9014769230769231,0.9204307692307692,across_seed_bootstrap_exploratory
openml_24_mushroom,logistic_regression,global_split_cp,10,average_set_size,10,0.9112615384615385,0.9150769230769231,0.016114775706016715,0.013692307692307781,0.9038461538461539,0.9175384615384616,0.8843076923076924,0.9316923076923077,0.9015984615384613,0.9203692307692307,across_seed_bootstrap_exploratory
openml_24_mushroom,logistic_regression,global_split_cp,10,empty_rate,10,0.08873846153846153,0.08492307692307692,0.016114775706016726,0.013692307692307684,0.08246153846153846,0.09615384615384615,0.0683076923076923,0.11569230769230769,0.07956923076923077,0.0984,across_seed_bootstrap_exploratory
openml_24_mushroom,logistic_regression,global_split_cp,10,doubleton_rate,10,0.0,0.0,0.0,0.0,0.0,0.0,0.0,0.0,0.0,0.0,across_seed_bootstrap_exploratory
openml_24_mushroom,logistic_regression,global_split_cp,10,coverage_overall,10,0.9112615384615385,0.9150769230769231,0.016114775706016715,0.013692307692307781,0.9038461538461539,0.9175384615384616,0.8843076923076924,0.9316923076923077,0.9015384615384615,0.9204307692307692,across_seed_bootstrap_exploratory
openml_24_mushroom,logistic_regression,global_split_cp,10,auroc,10,0.9999996966415182,1.0,9.593037498824036e-07,0.0,1.0,1.0,0.9999969664151824,1.0,0.9999990899245546,1.0,across_seed_bootstrap_exploratory
openml_24_mushroom,logistic_regression,global_split_cp,10,auprc,10,0.9999996746142145,1.0,1.0289602004725237e-06,0.0,1.0,1.0,0.9999967461421448,1.0,0.9999990238426435,1.0,across_seed_bootstrap_exploratory
openml_24_mushroom,logistic_regression,global_split_cp,10,q_global,10,0.01927271312815798,0.019563872843450347,0.003613495044613921,0.004090581098926738,0.016634192674588072,0.02072477377351481,0.014427033158406322,0.025363081409899735,0.017219266197724504,0.021446730517823465,across_seed_bootstrap_exploratory
openml_24_mushroom,logistic_regression,global_split_cp,20,coverage_minority,10,0.9137931034482758,0.9157088122605364,0.02181753522361645,0.019157088122605304,0.9058109833971904,0.9249680715197957,0.8735632183908046,0.9438058748403576,0.9007662835249043,0.9260536398467434,across_seed_bootstrap_exploratory
openml_24_mushroom,logistic_regression,global_split_cp,20,coverage_majority,10,0.9064133016627078,0.9085510688836105,0.01820027935163212,0.027612826603325313,0.8901425178147269,0.9177553444180522,0.8812351543942993,0.9358669833729216,0.8958432304038004,0.9169833729216151,across_seed_bootstrap_exploratory
openml_24_mushroom,logistic_regression,global_split_cp,20,coverage_disparity,10,0.011538846570380679,0.007561210157655429,0.016782265059766977,0.0107506453951699,0.002128059749486544,0.012878705144656444,3.18526405838071e-05,0.056632478165773326,0.004010118522158786,0.02265699939024947,across_seed_bootstrap_exploratory
openml_24_mushroom,logistic_regression,global_split_cp,20,singleton_rate,10,0.9099692307692306,0.9150769230769231,0.017574232527060397,0.016153846153846185,0.9013846153846155,0.9175384615384616,0.8775384615384615,0.9316923076923077,0.8990769230769231,0.9197538461538463,across_seed_bootstrap_exploratory
openml_24_mushroom,logistic_regression,global_split_cp,20,average_set_size,10,0.9099692307692306,0.9150769230769231,0.017574232527060397,0.016153846153846185,0.9013846153846155,0.9175384615384616,0.8775384615384615,0.9316923076923077,0.8991999999999999,0.9199384615384615,across_seed_bootstrap_exploratory
openml_24_mushroom,logistic_regression,global_split_cp,20,empty_rate,10,0.09003076923076922,0.08492307692307692,0.017574232527060387,0.016153846153846158,0.08246153846153846,0.09861538461538462,0.0683076923076923,0.12246153846153846,0.08018461538461538,0.10092307692307692,across_seed_bootstrap_exploratory
openml_24_mushroom,logistic_regression,global_split_cp,20,doubleton_rate,10,0.0,0.0,0.0,0.0,0.0,0.0,0.0,0.0,0.0,0.0,across_seed_bootstrap_exploratory
openml_24_mushroom,logistic_regression,global_split_cp,20,coverage_overall,10,0.9099692307692306,0.9150769230769231,0.017574232527060397,0.016153846153846185,0.9013846153846155,0.9175384615384616,0.8775384615384615,0.9316923076923077,0.8991999999999999,0.9196923076923078,across_seed_bootstrap_exploratory
openml_24_mushroom,logistic_regression,global_split_cp,20,auroc,10,0.9999996966415182,1.0,9.593037498824036e-07,0.0,1.0,1.0,0.9999969664151824,1.0,0.9999990899245546,1.0,across_seed_bootstrap_exploratory
openml_24_mushroom,logistic_regression,global_split_cp,20,auprc,10,0.9999996746142145,1.0,1.0289602004725237e-06,0.0,1.0,1.0,0.9999967461421448,1.0,0.9999990238426435,1.0,across_seed_bootstrap_exploratory
openml_24_mushroom,logistic_regression,global_split_cp,20,q_global,10,0.018986512217949992,0.018842357360703166,0.0037919944974540063,0.004397363626229417,0.016327410147285393,0.02072477377351481,0.01385362325826811,0.025363081409899735,0.01681175731964594,0.021231482177617327,across_seed_bootstrap_exploratory
openml_24_mushroom,logistic_regression,global_split_cp,50,coverage_minority,10,0.9106002554278417,0.9150702426564495,0.020067303106671222,0.013409961685823757,0.9054916985951469,0.9189016602809706,0.8697318007662835,0.9399744572158365,0.897956577266922,0.921455938697318,across_seed_bootstrap_exploratory
openml_24_mushroom,logistic_regression,global_split_cp,50,coverage_majority,10,0.9033254156769598,0.9049881235154394,0.020403909546091576,0.029394299287410885,0.8901425178147269,0.9195368171021377,0.8729216152019003,0.9287410926365796,0.8912114014251781,0.9150831353919241,across_seed_bootstrap_exploratory
openml_24_mushroom,logistic_regression,global_split_cp,50,coverage_disparity,10,0.011333169519753172,0.006026974636197335,0.015490624878391382,0.01052312653385637,0.002622154876639221,0.01314528141049559,0.0008873235591230211,0.0530938014761424,0.0044017315702138075,0.021562538867805462,across_seed_bootstrap_exploratory
openml_24_mushroom,logistic_regression,global_split_cp,50,singleton_rate,10,0.9068307692307693,0.9095384615384615,0.018135468026107562,0.019692307692307676,0.8992307692307693,0.918923076923077,0.8713846153846154,0.932923076923077,0.8956307692307692,0.9171692307692307,across_seed_bootstrap_exploratory
openml_24_mushroom,logistic_regression,global_split_cp,50,average_set_size,10,0.9068307692307693,0.9095384615384615,0.018135468026107562,0.019692307692307676,0.8992307692307693,0.918923076923077,0.8713846153846154,0.932923076923077,0.8957538461538462,0.9169846153846155,across_seed_bootstrap_exploratory
openml_24_mushroom,logistic_regression,global_split_cp,50,empty_rate,10,0.09316923076923075,0.09046153846153845,0.018135468026107562,0.01969230769230769,0.08107692307692307,0.10076923076923076,0.06707692307692308,0.1286153846153846,0.08301538461538463,0.10418461538461539,across_seed_bootstrap_exploratory
openml_24_mushroom,logistic_regression,global_split_cp,50,doubleton_rate,10,0.0,0.0,0.0,0.0,0.0,0.0,0.0,0.0,0.0,0.0,across_seed_bootstrap_exploratory
openml_24_mushroom,logistic_regression,global_split_cp,50,coverage_overall,10,0.9068307692307693,0.9095384615384615,0.018135468026107562,0.019692307692307676,0.8992307692307693,0.918923076923077,0.8713846153846154,0.932923076923077,0.8958769230769231,0.9168,across_seed_bootstrap_exploratory
openml_24_mushroom,logistic_regression,global_split_cp,50,auroc,10,0.9999996966415182,1.0,9.593037498824036e-07,0.0,1.0,1.0,0.9999969664151824,1.0,0.9999990899245546,1.0,across_seed_bootstrap_exploratory
openml_24_mushroom,logistic_regression,global_split_cp,50,auprc,10,0.9999996746142145,1.0,1.0289602004725237e-06,0.0,1.0,1.0,0.9999967461421448,1.0,0.9999990238426435,1.0,across_seed_bootstrap_exploratory
openml_24_mushroom,logistic_regression,global_split_cp,50,q_global,10,0.018545319856884034,0.019003729772051836,0.0036870806238988455,0.005550572367624906,0.015498989767053328,0.021049562134678235,0.013409866786593394,0.024431374966417563,0.016383854119721798,0.02074968689013004,across_seed_bootstrap_exploratory
openml_24_mushroom,logistic_regression,global_split_cp,100,coverage_minority,10,0.9085568326947637,0.9131545338441891,0.0222937118420477,0.008620689655172487,0.9077266922094508,0.9163473818646233,0.8582375478927203,0.9399744572158365,0.8943805874840358,0.9205619412515963,across_seed_bootstrap_exploratory
openml_24_mushroom,logistic_regression,global_split_cp,100,coverage_majority,10,0.9008313539192401,0.9038004750593824,0.01966107290869202,0.02375296912114011,0.8907363420427553,0.9144893111638954,0.8669833729216152,0.9263657957244655,0.8889548693586697,0.9117577197149644,across_seed_bootstrap_exploratory
openml_24_mushroom,logistic_regression,global_split_cp,100,coverage_disparity,10,0.013264197935342148,0.009184178035025747,0.014723297302234371,0.012227622003197464,0.0038215584738640895,0.016049180477061553,0.0017807142878810689,0.05181666226796866,0.0062755769119926304,0.022938174783022795,across_seed_bootstrap_exploratory
openml_24_mushroom,logistic_regression,global_split_cp,100,singleton_rate,10,0.9045538461538462,0.9061538461538461,0.018799079530392077,0.014000000000000012,0.9007692307692308,0.9147692307692308,0.8627692307692307,0.931076923076923,0.8926153846153847,0.9147692307692308,across_seed_bootstrap_exploratory
openml_24_mushroom,logistic_regression,global_split_cp,100,average_set_size,10,0.9045538461538462,0.9061538461538461,0.018799079530392077,0.014000000000000012,0.9007692307692308,0.9147692307692308,0.8627692307692307,0.931076923076923,0.8926769230769231,0.9148307692307691,across_seed_bootstrap_exploratory
openml_24_mushroom,logistic_regression,global_split_cp,100,empty_rate,10,0.09544615384615383,0.09384615384615386,0.018799079530392084,0.014000000000000012,0.08523076923076922,0.09923076923076923,0.06892307692307692,0.13723076923076924,0.08541538461538462,0.10744769230769219,across_seed_bootstrap_exploratory
openml_24_mushroom,logistic_regression,global_split_cp,100,doubleton_rate,10,0.0,0.0,0.0,0.0,0.0,0.0,0.0,0.0,0.0,0.0,across_seed_bootstrap_exploratory
openml_24_mushroom,logistic_regression,global_split_cp,100,coverage_overall,10,0.9045538461538462,0.9061538461538461,0.018799079530392077,0.014000000000000012,0.9007692307692308,0.9147692307692308,0.8627692307692307,0.931076923076923,0.8928615384615384,0.9147076923076923,across_seed_bootstrap_exploratory
openml_24_mushroom,logistic_regression,global_split_cp,100,auroc,10,0.9999996966415182,1.0,9.593037498824036e-07,0.0,1.0,1.0,0.9999969664151824,1.0,0.9999990899245546,1.0,across_seed_bootstrap_exploratory
openml_24_mushroom,logistic_regression,global_split_cp,100,auprc,10,0.9999996746142145,1.0,1.0289602004725237e-06,0.0,1.0,1.0,0.9999967461421448,1.0,0.9999990238426435,1.0,across_seed_bootstrap_exploratory
openml_24_mushroom,logistic_regression,global_split_cp,100,q_global,10,0.017720723534580873,0.0182290231043018,0.0034898288129548683,0.0032994088014703937,0.015581958988685946,0.01888136779015634,0.011371521185127853,0.02366106234982701,0.0156546181650631,0.019751725775242254,across_seed_bootstrap_exploratory
openml_24_mushroom,logistic_regression,class_conditional_cp,10,coverage_minority,10,0.9264367816091953,0.9208173690932311,0.052323582693220363,0.07726692209450836,0.8978288633461047,0.975095785440613,0.8339719029374202,0.9910600255427842,0.8946360153256705,0.9561941251596424,across_seed_bootstrap_exploratory
openml_24_mushroom,logistic_regression,class_conditional_cp,10,coverage_majority,10,0.9077197149643705,0.9133016627078385,0.018619543610983107,0.028800475059382324,0.8901425178147269,0.9189429928741092,0.8812351543942993,0.9382422802850356,0.896912114014252,0.9185273159144893,across_seed_bootstrap_exploratory
openml_24_mushroom,logistic_regression,class_conditional_cp,10,coverage_disparity,10,0.05187293526633359,0.04994266524694896,0.03383742280990383,0.0622624323889783,0.019201454300561527,0.08146388668953983,0.014016678649326764,0.10269898041214287,0.03254141601672113,0.07211730189932745,across_seed_bootstrap_exploratory
openml_24_mushroom,logistic_regression,class_conditional_cp,10,singleton_rate,10,0.9167384615384616,0.9236923076923077,0.023741850742098686,0.024923076923076826,0.9052307692307693,0.9301538461538461,0.8658461538461538,0.9489230769230769,0.9020307692307693,0.9297230769230769,across_seed_bootstrap_exploratory
openml_24_mushroom,logistic_regression,class_conditional_cp,10,average_set_size,10,0.9167384615384616,0.9236923076923077,0.023741850742098686,0.024923076923076826,0.9052307692307693,0.9301538461538461,0.8658461538461538,0.9489230769230769,0.9018461538461539,0.9298461538461538,across_seed_bootstrap_exploratory
openml_24_mushroom,logistic_regression,class_conditional_cp,10,empty_rate,10,0.08326153846153846,0.07630769230769231,0.02374185074209869,0.024923076923076923,0.06984615384615385,0.09476923076923077,0.051076923076923075,0.13415384615384615,0.0704,0.09827692307692307,across_seed_bootstrap_exploratory
openml_24_mushroom,logistic_regression,class_conditional_cp,10,doubleton_rate,10,0.0,0.0,0.0,0.0,0.0,0.0,0.0,0.0,0.0,0.0,across_seed_bootstrap_exploratory
openml_24_mushroom,logistic_regression,class_conditional_cp,10,coverage_overall,10,0.9167384615384616,0.9236923076923077,0.023741850742098686,0.024923076923076826,0.9052307692307693,0.9301538461538461,0.8658461538461538,0.9489230769230769,0.9020923076923077,0.9295384615384616,across_seed_bootstrap_exploratory
openml_24_mushroom,logistic_regression,class_conditional_cp,10,auroc,10,0.9999996966415182,1.0,9.593037498824036e-07,0.0,1.0,1.0,0.9999969664151824,1.0,0.9999990899245546,1.0,across_seed_bootstrap_exploratory
openml_24_mushroom,logistic_regression,class_conditional_cp,10,auprc,10,0.9999996746142145,1.0,1.0289602004725237e-06,0.0,1.0,1.0,0.9999967461421448,1.0,0.9999990238426435,1.0,across_seed_bootstrap_exploratory
openml_24_mushroom,logistic_regression,class_conditional_cp,10,q_minority,10,0.041204112876702906,0.02484816939784512,0.03577325429913861,0.05119798256275873,0.015350956815193911,0.06654893937795264,0.008121986170831708,0.11453185372595553,0.022009632074584114,0.06347063269252788,across_seed_bootstrap_exploratory
openml_24_mushroom,logistic_regression,class_conditional_cp,10,q_majority,10,0.0194640926266083,0.02051465687675952,0.003942982001860552,0.004215807211385286,0.016700248574440302,0.020916055785825588,0.01385362325826811,0.026214040165368435,0.01717350271369294,0.021805058072265113,across_seed_bootstrap_exploratory
openml_24_mushroom,logistic_regression,class_conditional_cp,10,threshold_gap,10,0.028288295081145675,0.008997578454563948,0.032521159562918,0.03954049318349792,0.00714056242090233,0.04668105560440025,0.003216702022826423,0.10010482056754921,0.011419008560758956,0.04920796413104259,across_seed_bootstrap_exploratory
openml_24_mushroom,logistic_regression,class_conditional_cp,10,threshold_sum,10,0.0606682055033112,0.04831361250863797,0.03418948342015844,0.04508912264141299,0.036151958452213806,0.0812410810936268,0.02465308524078802,0.12895888688436186,0.042136348974416024,0.0820094256830605,across_seed_bootstrap_exploratory
openml_24_mushroom,logistic_regression,class_conditional_cp,20,coverage_minority,10,0.9137931034482758,0.90485312899106,0.05372509055669824,0.04948914431673046,0.8975095785440613,0.9469987228607918,0.8045977011494253,0.9910600255427842,0.8821200510855685,0.9443167305236271,across_seed_bootstrap_exploratory
openml_24_mushroom,logistic_regression,class_conditional_cp,20,coverage_majority,10,0.9077197149643705,0.9133016627078385,0.018619543610983107,0.028800475059382324,0.8901425178147269,0.9189429928741092,0.8812351543942993,0.9382422802850356,0.8967933491686461,0.918646080760095,across_seed_bootstrap_exploratory
openml_24_mushroom,logistic_regression,class_conditional_cp,20,coverage_disparity,10,0.045104097463013026,0.03793649493543011,0.03256771461251231,0.04533427071104196,0.016439375324214384,0.06177364603525634,0.014016678649326764,0.10269898041214287,0.026802673649978927,0.0648842346113826,across_seed_bootstrap_exploratory
openml_24_mushroom,logistic_regression,class_conditional_cp,20,singleton_rate,10,0.9106461538461538,0.9135384615384616,0.027413295267013235,0.026153846153846194,0.8989230769230769,0.9250769230769231,0.8516923076923076,0.9489230769230769,0.8936,0.9257861538461537,across_seed_bootstrap_exploratory
openml_24_mushroom,logistic_regression,class_conditional_cp,20,average_set_size,10,0.9106461538461538,0.9135384615384616,0.027413295267013235,0.026153846153846194,0.8989230769230769,0.9250769230769231,0.8516923076923076,0.9489230769230769,0.8937846153846154,0.9258476923076921,across_seed_bootstrap_exploratory
openml_24_mushroom,logistic_regression,class_conditional_cp,20,empty_rate,10,0.08935384615384614,0.08646153846153846,0.027413295267013225,0.026153846153846153,0.07492307692307693,0.10107692307692308,0.051076923076923075,0.1483076923076923,0.07427692307692309,0.10658461538461539,across_seed_bootstrap_exploratory
openml_24_mushroom,logistic_regression,class_conditional_cp,20,doubleton_rate,10,0.0,0.0,0.0,0.0,0.0,0.0,0.0,0.0,0.0,0.0,across_seed_bootstrap_exploratory
openml_24_mushroom,logistic_regression,class_conditional_cp,20,coverage_overall,10,0.9106461538461538,0.9135384615384616,0.027413295267013235,0.026153846153846194,0.8989230769230769,0.9250769230769231,0.8516923076923076,0.9489230769230769,0.8937215384615382,0.9256,across_seed_bootstrap_exploratory
openml_24_mushroom,logistic_regression,class_conditional_cp,20,auroc,10,0.9999996966415182,1.0,9.593037498824036e-07,0.0,1.0,1.0,0.9999969664151824,1.0,0.9999990899245546,1.0,across_seed_bootstrap_exploratory
openml_24_mushroom,logistic_regression,class_conditional_cp,20,auprc,10,0.9999996746142145,1.0,1.0289602004725237e-06,0.0,1.0,1.0,0.9999967461421448,1.0,0.9999990238426435,1.0,across_seed_bootstrap_exploratory
openml_24_mushroom,logistic_regression,class_conditional_cp,20,q_minority,10,0.033268624322513984,0.019830814807117347,0.03462604809173787,0.012465429279723467,0.015350956815193911,0.027816386094917378,0.006479578238522521,0.11453185372595553,0.01616921554924163,0.055735561163727076,across_seed_bootstrap_exploratory
openml_24_mushroom,logistic_regression,class_conditional_cp,20,q_majority,10,0.0194640926266083,0.02051465687675952,0.003942982001860552,0.004215807211385286,0.016700248574440302,0.020916055785825588,0.01385362325826811,0.026214040165368435,0.017185463275210443,0.0218138769377629,across_seed_bootstrap_exploratory
openml_24_mushroom,logistic_regression,class_conditional_cp,20,threshold_gap,10,0.02053976186229972,0.007147483898702789,0.03165227897423442,0.0041267168028231715,0.005808434823252995,0.009935151626076166,0.003149177093115574,0.10010482056754921,0.00594967130056596,0.04075964440902235,across_seed_bootstrap_exploratory
openml_24_mushroom,logistic_regression,class_conditional_cp,20,threshold_sum,10,0.05273271694912228,0.03814751748326528,0.034207240209571756,0.015959838287922024,0.03388374384151446,0.04984358212943649,0.023010677308478833,0.12895888688436186,0.03542812566524888,0.07520575521248982,across_seed_bootstrap_exploratory
openml_24_mushroom,logistic_regression,class_conditional_cp,50,coverage_minority,10,0.8913154533844189,0.8908045977011494,0.03572161383962436,0.033205619412515874,0.8630268199233717,0.8962324393358876,0.8544061302681992,0.9731800766283525,0.8724137931034482,0.9140485312899106,across_seed_bootstrap_exploratory
openml_24_mushroom,logistic_regression,class_conditional_cp,50,coverage_majority,10,0.9077197149643705,0.9133016627078385,0.018619543610983107,0.028800475059382324,0.8901425178147269,0.9189429928741092,0.8812351543942993,0.9382422802850356,0.8966745843230404,0.9184085510688836,across_seed_bootstrap_exploratory
openml_24_mushroom,logistic_regression,class_conditional_cp,50,coverage_disparity,10,0.028670865148054114,0.01980855046216662,0.02568541742787397,0.03591536905076101,0.00878222804670506,0.04469759709746607,0.0040422517693383675,0.07745045397596795,0.014751515275616345,0.04471280294136383,across_seed_bootstrap_exploratory
openml_24_mushroom,logistic_regression,class_conditional_cp,50,singleton_rate,10,0.8998153846153846,0.8963076923076922,0.021826257943854916,0.01876923076923076,0.8875384615384616,0.9063076923076924,0.8738461538461538,0.947076923076923,0.8880000000000001,0.9136615384615384,across_seed_bootstrap_exploratory
openml_24_mushroom,logistic_regression,class_conditional_cp,50,average_set_size,10,0.8998153846153846,0.8963076923076922,0.021826257943854916,0.01876923076923076,0.8875384615384616,0.9063076923076924,0.8738461538461538,0.947076923076923,0.8879384615384616,0.913476923076923,across_seed_bootstrap_exploratory
openml_24_mushroom,logistic_regression,class_conditional_cp,50,empty_rate,10,0.1001846153846154,0.1036923076923077,0.021826257943854913,0.01876923076923076,0.0936923076923077,0.11246153846153846,0.05292307692307692,0.12615384615384614,0.08646153846153846,0.11187692307692307,across_seed_bootstrap_exploratory
openml_24_mushroom,logistic_regression,class_conditional_cp,50,doubleton_rate,10,0.0,0.0,0.0,0.0,0.0,0.0,0.0,0.0,0.0,0.0,across_seed_bootstrap_exploratory
openml_24_mushroom,logistic_regression,class_conditional_cp,50,coverage_overall,10,0.8998153846153846,0.8963076923076922,0.021826257943854916,0.01876923076923076,0.8875384615384616,0.9063076923076924,0.8738461538461538,0.947076923076923,0.8880000000000001,0.9136000000000001,across_seed_bootstrap_exploratory
openml_24_mushroom,logistic_regression,class_conditional_cp,50,auroc,10,0.9999996966415182,1.0,9.593037498824036e-07,0.0,1.0,1.0,0.9999969664151824,1.0,0.9999990899245546,1.0,across_seed_bootstrap_exploratory
openml_24_mushroom,logistic_regression,class_conditional_cp,50,auprc,10,0.9999996746142145,1.0,1.0289602004725237e-06,0.0,1.0,1.0,0.9999967461421448,1.0,0.9999990238426435,1.0,across_seed_bootstrap_exploratory
openml_24_mushroom,logistic_regression,class_conditional_cp,50,q_minority,10,0.019209029400513177,0.014306729590464917,0.017490614206081535,0.0038659409673576506,0.011857137748016278,0.015723078715373928,0.006772544051738105,0.06729523153671357,0.011891203199239557,0.03094485919686797,across_seed_bootstrap_exploratory
openml_24_mushroom,logistic_regression,class_conditional_cp,50,q_majority,10,0.0194640926266083,0.02051465687675952,0.003942982001860552,0.004215807211385286,0.016700248574440302,0.020916055785825588,0.01385362325826811,0.026214040165368435,0.017191500176218462,0.021796120152432007,across_seed_bootstrap_exploratory
openml_24_mushroom,logistic_regression,class_conditional_cp,50,threshold_gap,10,0.00978578064391098,0.00513253723015844,0.012818490571399782,0.008220321425560173,0.002919914816247149,0.011140236241807322,0.00044375647167471666,0.04363416918688656,0.0038414448232795256,0.018405769543347508,across_seed_bootstrap_exploratory
openml_24_mushroom,logistic_regression,class_conditional_cp,50,threshold_sum,10,0.038673122027121476,0.03310411452916878,0.019294929392452774,0.007435918328426938,0.029781903533121074,0.03721782186154801,0.023980241139630376,0.09095629388654058,0.030221226888730773,0.05162083292557851,across_seed_bootstrap_exploratory
openml_24_mushroom,logistic_regression,class_conditional_cp,100,coverage_minority,10,0.888888888888889,0.888250319284802,0.03281030032864656,0.03831417624521061,0.8738825031928481,0.9121966794380587,0.8301404853128991,0.9399744572158365,0.8689655172413794,0.907918263090677,across_seed_bootstrap_exploratory
openml_24_mushroom,logistic_regression,class_conditional_cp,100,coverage_majority,10,0.9077197149643705,0.9133016627078385,0.018619543610983107,0.028800475059382324,0.8901425178147269,0.9189429928741092,0.8812351543942993,0.9382422802850356,0.8966745843230404,0.9185273159144893,across_seed_bootstrap_exploratory
openml_24_mushroom,logistic_regression,class_conditional_cp,100,coverage_disparity,10,0.03228993183534916,0.029410604805805096,0.017564286396527774,0.026168461032086143,0.018892028649175024,0.04506048968126117,0.007224482242911279,0.06127082935175332,0.022245341930512707,0.042726373683045014,across_seed_bootstrap_exploratory
openml_24_mushroom,logistic_regression,class_conditional_cp,100,singleton_rate,10,0.8986461538461539,0.8990769230769231,0.0207474783208283,0.017384615384615443,0.8889230769230769,0.9063076923076924,0.8566153846153847,0.931076923076923,0.8861538461538462,0.9103999999999999,across_seed_bootstrap_exploratory
openml_24_mushroom,logistic_regression,class_conditional_cp,100,average_set_size,10,0.8986461538461539,0.8990769230769231,0.0207474783208283,0.017384615384615443,0.8889230769230769,0.9063076923076924,0.8566153846153847,0.931076923076923,0.8860307692307693,0.9105846153846153,across_seed_bootstrap_exploratory
openml_24_mushroom,logistic_regression,class_conditional_cp,100,empty_rate,10,0.10135384615384616,0.10092307692307692,0.020747478320828322,0.017384615384615373,0.0936923076923077,0.11107692307692307,0.06892307692307692,0.1433846153846154,0.0894153846153846,0.11403230769230757,across_seed_bootstrap_exploratory
openml_24_mushroom,logistic_regression,class_conditional_cp,100,doubleton_rate,10,0.0,0.0,0.0,0.0,0.0,0.0,0.0,0.0,0.0,0.0,across_seed_bootstrap_exploratory
openml_24_mushroom,logistic_regression,class_conditional_cp,100,coverage_overall,10,0.8986461538461539,0.8990769230769231,0.0207474783208283,0.017384615384615443,0.8889230769230769,0.9063076923076924,0.8566153846153847,0.931076923076923,0.8857846153846154,0.9104615384615385,across_seed_bootstrap_exploratory
openml_24_mushroom,logistic_regression,class_conditional_cp,100,auroc,10,0.9999996966415182,1.0,9.593037498824036e-07,0.0,1.0,1.0,0.9999969664151824,1.0,0.9999990899245546,1.0,across_seed_bootstrap_exploratory
openml_24_mushroom,logistic_regression,class_conditional_cp,100,auprc,10,0.9999996746142145,1.0,1.0289602004725237e-06,0.0,1.0,1.0,0.9999967461421448,1.0,0.9999990238426435,1.0,across_seed_bootstrap_exploratory
openml_24_mushroom,logistic_regression,class_conditional_cp,100,q_minority,10,0.014936577273335328,0.013705372341846656,0.00555666675068122,0.009220664877443191,0.010307011873161492,0.019527676750604683,0.007627969695733761,0.024431374966417563,0.01178289748156663,0.018299145383524184,across_seed_bootstrap_exploratory
openml_24_mushroom,logistic_regression,class_conditional_cp,100,q_majority,10,0.0194640926266083,0.02051465687675952,0.003942982001860552,0.004215807211385286,0.016700248574440302,0.020916055785825588,0.01385362325826811,0.026214040165368435,0.01715431895763457,0.02183571882509853,across_seed_bootstrap_exploratory
openml_24_mushroom,logistic_regression,class_conditional_cp,100,threshold_gap,10,0.006409921107058569,0.006559071044614784,0.003119804157075942,0.0035595046635591154,0.004614829774028634,0.00817433443758775,0.0007703126165905516,0.011301564469809344,0.004568153719462687,0.0082200587925864,across_seed_bootstrap_exploratory
openml_24_mushroom,logistic_regression,class_conditional_cp,100,threshold_sum,10,0.03440066989994363,0.03369158342567269,0.007761301501392834,0.005100929695072587,0.03111531594265826,0.03621624563773085,0.02331892766680166,0.048092437316244574,0.03000425536799531,0.03904813397857757,across_seed_bootstrap_exploratory
openml_24_mushroom,xgboost,global_split_cp,10,coverage_minority,10,0.8559386973180076,0.8544061302681992,0.03375665738608873,0.03544061302681989,0.8448275862068966,0.8802681992337165,0.7803320561941252,0.9016602809706258,0.8348659003831417,0.874074074074074,across_seed_bootstrap_exploratory
openml_24_mushroom,xgboost,global_split_cp,10,coverage_majority,10,0.9121140142517815,0.9228028503562945,0.02965159669212035,0.027315914489311144,0.9046912114014252,0.9320071258907363,0.8396674584323041,0.9382422802850356,0.892874109263658,0.9270783847980999,across_seed_bootstrap_exploratory
openml_24_mushroom,xgboost,global_split_cp,10,coverage_disparity,10,0.0561753169337738,0.06214146819437999,0.023187617026493208,0.02350497356230835,0.04970339124446749,0.07320836480677584,0.00440173157021384,0.07861383375348474,0.04133024211040429,0.06841060632259745,across_seed_bootstrap_exploratory
openml_24_mushroom,xgboost,global_split_cp,10,singleton_rate,10,0.8850461538461538,0.8873846153846154,0.02950254226333726,0.01876923076923076,0.8816923076923077,0.9004615384615384,0.811076923076923,0.9181538461538462,0.8655384615384614,0.8998769230769232,across_seed_bootstrap_exploratory
openml_24_mushroom,xgboost,global_split_cp,10,average_set_size,10,0.8850461538461538,0.8873846153846154,0.02950254226333726,0.01876923076923076,0.8816923076923077,0.9004615384615384,0.811076923076923,0.9181538461538462,0.8657230769230768,0.8999384615384616,across_seed_bootstrap_exploratory
openml_24_mushroom,xgboost,global_split_cp,10,empty_rate,10,0.11495384615384614,0.11261538461538462,0.029502542263337237,0.01876923076923076,0.09953846153846155,0.11830769230769231,0.08184615384615385,0.18892307692307692,0.10018461538461539,0.1345230769230769,across_seed_bootstrap_exploratory
openml_24_mushroom,xgboost,global_split_cp,10,doubleton_rate,10,0.0,0.0,0.0,0.0,0.0,0.0,0.0,0.0,0.0,0.0,across_seed_bootstrap_exploratory
openml_24_mushroom,xgboost,global_split_cp,10,coverage_overall,10,0.8850461538461538,0.8873846153846154,0.02950254226333726,0.01876923076923076,0.8816923076923077,0.9004615384615384,0.811076923076923,0.9181538461538462,0.8657846153846155,0.8997538461538461,across_seed_bootstrap_exploratory
openml_24_mushroom,xgboost,global_split_cp,10,auroc,10,1.0,1.0,0.0,0.0,1.0,1.0,1.0,1.0,1.0,1.0,across_seed_bootstrap_exploratory
openml_24_mushroom,xgboost,global_split_cp,10,auprc,10,1.0,1.0,5.233641528945917e-17,0.0,1.0,1.0,0.9999999999999999,1.0,1.0,1.0,across_seed_bootstrap_exploratory
openml_24_mushroom,xgboost,global_split_cp,10,q_global,10,0.002018505334854126,0.002029120922088623,0.0004336222786146922,0.0004490017890930176,0.0017383694648742676,0.002187371253967285,0.001408696174621582,0.0028606653213500977,0.0017757618427276611,0.002284582257270813,across_seed_bootstrap_exploratory
openml_24_mushroom,xgboost,global_split_cp,20,coverage_minority,10,0.8561941251596424,0.8544061302681992,0.034020840696342126,0.03544061302681989,0.8448275862068966,0.8802681992337165,0.7803320561941252,0.9016602809706258,0.8348659003831417,0.8748403575989784,across_seed_bootstrap_exploratory
openml_24_mushroom,xgboost,global_split_cp,20,coverage_majority,10,0.912351543942993,0.9228028503562945,0.029470278571687027,0.027315914489311144,0.9046912114014252,0.9320071258907363,0.8396674584323041,0.9382422802850356,0.8928711401425178,0.9269596199524941,across_seed_bootstrap_exploratory
openml_24_mushroom,xgboost,global_split_cp,20,coverage_disparity,10,0.05615741878335047,0.06214146819437999,0.02323204709405302,0.02350497356230835,0.04970339124446749,0.07320836480677584,0.004222750065980496,0.07861383375348474,0.041244213436960594,0.06842285062931715,across_seed_bootstrap_exploratory
openml_24_mushroom,xgboost,global_split_cp,20,singleton_rate,10,0.8852923076923076,0.8886153846153846,0.029545868017318084,0.01876923076923076,0.8816923076923077,0.9004615384615384,0.811076923076923,0.9181538461538462,0.8656615384615384,0.9001846153846154,across_seed_bootstrap_exploratory
openml_24_mushroom,xgboost,global_split_cp,20,average_set_size,10,0.8852923076923076,0.8886153846153846,0.029545868017318084,0.01876923076923076,0.8816923076923077,0.9004615384615384,0.811076923076923,0.9181538461538462,0.866276923076923,0.9000615384615385,across_seed_bootstrap_exploratory
openml_24_mushroom,xgboost,global_split_cp,20,empty_rate,10,0.11470769230769229,0.11138461538461539,0.029545868017318063,0.01876923076923076,0.09953846153846155,0.11830769230769231,0.08184615384615385,0.18892307692307692,0.09987692307692307,0.13421538461538463,across_seed_bootstrap_exploratory
openml_24_mushroom,xgboost,global_split_cp,20,doubleton_rate,10,0.0,0.0,0.0,0.0,0.0,0.0,0.0,0.0,0.0,0.0,across_seed_bootstrap_exploratory
openml_24_mushroom,xgboost,global_split_cp,20,coverage_overall,10,0.8852923076923076,0.8886153846153846,0.029545868017318084,0.01876923076923076,0.8816923076923077,0.9004615384615384,0.811076923076923,0.9181538461538462,0.8658461538461539,0.9001846153846154,across_seed_bootstrap_exploratory
openml_24_mushroom,xgboost,global_split_cp,20,auroc,10,1.0,1.0,0.0,0.0,1.0,1.0,1.0,1.0,1.0,1.0,across_seed_bootstrap_exploratory
openml_24_mushroom,xgboost,global_split_cp,20,auprc,10,1.0,1.0,5.233641528945917e-17,0.0,1.0,1.0,0.9999999999999999,1.0,1.0,1.0,across_seed_bootstrap_exploratory
openml_24_mushroom,xgboost,global_split_cp,20,q_global,10,0.0020223081111907957,0.002029120922088623,0.00043070100296122666,0.00042048096656799316,0.001766890287399292,0.002187371253967285,0.001408696174621582,0.0028606653213500977,0.0017808355391025544,0.002283421754837036,across_seed_bootstrap_exploratory
openml_24_mushroom,xgboost,global_split_cp,50,coverage_minority,10,0.8629629629629629,0.8671775223499362,0.036253411052103626,0.02969348659003823,0.8537675606641124,0.8834610472541506,0.7803320561941252,0.9182630906768838,0.8402298850574713,0.8825031928480206,across_seed_bootstrap_exploratory
openml_24_mushroom,xgboost,global_split_cp,50,coverage_majority,10,0.9159144893111639,0.930522565320665,0.03074559627160914,0.027019002375296863,0.9073634204275535,0.9343824228028503,0.8408551068883611,0.9394299287410927,0.8957244655581947,0.9312351543942994,across_seed_bootstrap_exploratory
openml_24_mushroom,xgboost,global_split_cp,50,coverage_disparity,10,0.052951526348200925,0.05780571709394711,0.024267369542459886,0.016745008994578953,0.0493617337543949,0.06610674274897385,0.00440173157021384,0.08036269540078211,0.03781939856147407,0.06587188640438293,across_seed_bootstrap_exploratory
openml_24_mushroom,xgboost,global_split_cp,50,singleton_rate,10,0.8904,0.8969230769230769,0.03124210985205528,0.020769230769230762,0.8826153846153846,0.9033846153846153,0.8116923076923077,0.928,0.8696615384615385,0.9059692307692307,across_seed_bootstrap_exploratory
openml_24_mushroom,xgboost,global_split_cp,50,average_set_size,10,0.8904,0.8969230769230769,0.03124210985205528,0.020769230769230762,0.8826153846153846,0.9033846153846153,0.8116923076923077,0.928,0.8702153846153846,0.9059692307692307,across_seed_bootstrap_exploratory
openml_24_mushroom,xgboost,global_split_cp,50,empty_rate,10,0.1096,0.10307692307692307,0.03124210985205528,0.020769230769230762,0.09661538461538462,0.11738461538461538,0.072,0.18830769230769231,0.09378461538461538,0.1297846153846154,across_seed_bootstrap_exploratory
openml_24_mushroom,xgboost,global_split_cp,50,doubleton_rate,10,0.0,0.0,0.0,0.0,0.0,0.0,0.0,0.0,0.0,0.0,across_seed_bootstrap_exploratory
openml_24_mushroom,xgboost,global_split_cp,50,coverage_overall,10,0.8904,0.8969230769230769,0.03124210985205528,0.020769230769230762,0.8826153846153846,0.9033846153846153,0.8116923076923077,0.928,0.8697846153846154,0.9061538461538461,across_seed_bootstrap_exploratory
openml_24_mushroom,xgboost,global_split_cp,50,auroc,10,1.0,1.0,0.0,0.0,1.0,1.0,1.0,1.0,1.0,1.0,across_seed_bootstrap_exploratory
openml_24_mushroom,xgboost,global_split_cp,50,auprc,10,1.0,1.0,5.233641528945917e-17,0.0,1.0,1.0,0.9999999999999999,1.0,1.0,1.0,across_seed_bootstrap_exploratory
openml_24_mushroom,xgboost,global_split_cp,50,q_global,10,0.0021249473094940184,0.00213739275932312,0.0004893057449308733,0.0005390346050262451,0.001783519983291626,0.002322554588317871,0.0014126300811767578,0.003102421760559082,0.0018498893082141876,0.002428052723407745,across_seed_bootstrap_exploratory
openml_24_mushroom,xgboost,global_split_cp,100,coverage_minority,10,0.8656449553001277,0.8716475095785441,0.03568785948743847,0.0360791826309067,0.8537675606641124,0.8898467432950191,0.7803320561941252,0.9029374201787995,0.8424010217113664,0.884418901660281,across_seed_bootstrap_exploratory
openml_24_mushroom,xgboost,global_split_cp,100,coverage_majority,10,0.9173396674584323,0.9299287410926366,0.03093058582541053,0.02286223277909738,0.9103325415676959,0.9331947743467933,0.8408551068883611,0.9406175771971497,0.8965558194774346,0.9326603325415677,across_seed_bootstrap_exploratory
openml_24_mushroom,xgboost,global_split_cp,100,coverage_disparity,10,0.0516947121583046,0.05177343368431914,0.023433133559803504,0.028963530243323904,0.040893481736302556,0.06985701197962646,0.004222750065980496,0.07935402844895845,0.03711818543090556,0.06481800766283521,across_seed_bootstrap_exploratory
openml_24_mushroom,xgboost,global_split_cp,100,singleton_rate,10,0.8924307692307692,0.8944615384615384,0.0311819162346663,0.02200000000000002,0.8912307692307693,0.9132307692307693,0.8116923076923077,0.9187692307692308,0.8718153846153847,0.9071999999999999,across_seed_bootstrap_exploratory
openml_24_mushroom,xgboost,global_split_cp,100,average_set_size,10,0.8924307692307692,0.8944615384615384,0.0311819162346663,0.02200000000000002,0.8912307692307693,0.9132307692307693,0.8116923076923077,0.9187692307692308,0.8718153846153847,0.907323076923077,across_seed_bootstrap_exploratory
openml_24_mushroom,xgboost,global_split_cp,100,empty_rate,10,0.10756923076923078,0.10553846153846153,0.03118191623466631,0.022000000000000006,0.08676923076923077,0.10876923076923077,0.08123076923076923,0.18830769230769231,0.09255384615384615,0.12824615384615384,across_seed_bootstrap_exploratory
openml_24_mushroom,xgboost,global_split_cp,100,doubleton_rate,10,0.0,0.0,0.0,0.0,0.0,0.0,0.0,0.0,0.0,0.0,across_seed_bootstrap_exploratory
openml_24_mushroom,xgboost,global_split_cp,100,coverage_overall,10,0.8924307692307692,0.8944615384615384,0.0311819162346663,0.02200000000000002,0.8912307692307693,0.9132307692307693,0.8116923076923077,0.9187692307692308,0.8715692307692308,0.9075692307692306,across_seed_bootstrap_exploratory
openml_24_mushroom,xgboost,global_split_cp,100,auroc,10,1.0,1.0,0.0,0.0,1.0,1.0,1.0,1.0,1.0,1.0,across_seed_bootstrap_exploratory
openml_24_mushroom,xgboost,global_split_cp,100,auprc,10,1.0,1.0,5.233641528945917e-17,0.0,1.0,1.0,0.9999999999999999,1.0,1.0,1.0,across_seed_bootstrap_exploratory
openml_24_mushroom,xgboost,global_split_cp,100,q_global,10,0.002172356843948364,0.0022543370723724365,0.00041390928760607173,0.0004445016384124756,0.0019535720348358154,0.002398073673248291,0.0014126300811767578,0.00286942720413208,0.0019239361584186554,0.002413808405399322,across_seed_bootstrap_exploratory
openml_24_mushroom,xgboost,class_conditional_cp,10,coverage_minority,10,0.9162196679438057,0.9412515964240102,0.07959855425016554,0.10344827586206895,0.8735632183908046,0.9770114942528736,0.7484035759897829,0.9936143039591315,0.866404853128991,0.9591315453384418,across_seed_bootstrap_exploratory
openml_24_mushroom,xgboost,class_conditional_cp,10,coverage_majority,10,0.9092636579572446,0.9168646080760094,0.028317108112343368,0.02315914489311155,0.9040973871733967,0.9272565320665083,0.8396674584323041,0.9346793349168646,0.8909738717339668,0.9235154394299288,across_seed_bootstrap_exploratory
openml_24_mushroom,xgboost,class_conditional_cp,10,coverage_disparity,10,0.07420724844756296,0.07490300112546,0.05433150793412826,0.06481329802240601,0.02937799376901684,0.09419129179142285,0.0013742139223341665,0.1743992743665116,0.04395107358566692,0.10715154348795512,across_seed_bootstrap_exploratory
openml_24_mushroom,xgboost,class_conditional_cp,10,singleton_rate,10,0.9126153846153846,0.9252307692307693,0.034888683693077814,0.04538461538461536,0.8892307692307693,0.9346153846153846,0.8387692307692308,0.9476923076923077,0.8907076923076923,0.9312615384615386,across_seed_bootstrap_exploratory
openml_24_mushroom,xgboost,class_conditional_cp,10,average_set_size,10,0.9126153846153846,0.9252307692307693,0.034888683693077814,0.04538461538461536,0.8892307692307693,0.9346153846153846,0.8387692307692308,0.9476923076923077,0.8905846153846155,0.9316923076923077,across_seed_bootstrap_exploratory
openml_24_mushroom,xgboost,class_conditional_cp,10,empty_rate,10,0.08738461538461538,0.07476923076923077,0.03488868369307782,0.045384615384615384,0.06538461538461539,0.11076923076923077,0.052307692307692305,0.16123076923076923,0.06886153846153846,0.10867846153846142,across_seed_bootstrap_exploratory
openml_24_mushroom,xgboost,class_conditional_cp,10,doubleton_rate,10,0.0,0.0,0.0,0.0,0.0,0.0,0.0,0.0,0.0,0.0,across_seed_bootstrap_exploratory
openml_24_mushroom,xgboost,class_conditional_cp,10,coverage_overall,10,0.9126153846153846,0.9252307692307693,0.034888683693077814,0.04538461538461536,0.8892307692307693,0.9346153846153846,0.8387692307692308,0.9476923076923077,0.8912615384615383,0.9315076923076923,across_seed_bootstrap_exploratory
openml_24_mushroom,xgboost,class_conditional_cp,10,auroc,10,1.0,1.0,0.0,0.0,1.0,1.0,1.0,1.0,1.0,1.0,across_seed_bootstrap_exploratory
openml_24_mushroom,xgboost,class_conditional_cp,10,auprc,10,1.0,1.0,5.233641528945917e-17,0.0,1.0,1.0,0.9999999999999999,1.0,1.0,1.0,across_seed_bootstrap_exploratory
openml_24_mushroom,xgboost,class_conditional_cp,10,q_minority,10,0.008766877651214599,0.003323078155517578,0.011787475780101723,0.00941208004951477,0.0022356510162353516,0.011647731065750122,0.00034880638122558594,0.03763461112976074,0.0027951931953430174,0.01645833611488342,across_seed_bootstrap_exploratory
openml_24_mushroom,xgboost,class_conditional_cp,10,q_majority,10,0.0019195735454559325,0.002029120922088623,0.0003015164051335963,0.0003187805414199829,0.0017383694648742676,0.0020571500062942505,0.001408696174621582,0.002327859401702881,0.001734088361263275,0.002088606357574463,across_seed_bootstrap_exploratory
openml_24_mushroom,xgboost,class_conditional_cp,10,threshold_gap,10,0.00727880597114563,0.0015231966972351074,0.01167602968247888,0.00929136574268341,0.0007918477058410645,0.010083213448524475,3.606081008911133e-05,0.03613322973251343,0.0012438595294952393,0.014845570027828209,across_seed_bootstrap_exploratory
openml_24_mushroom,xgboost,class_conditional_cp,10,threshold_sum,10,0.010686451196670532,0.00533643364906311,0.01161759920962484,0.008944034576416016,0.004269152879714966,0.013213187456130981,0.0021944642066955566,0.03913599252700806,0.004845452308654785,0.018290367573499666,across_seed_bootstrap_exploratory
openml_24_mushroom,xgboost,class_conditional_cp,20,coverage_minority,10,0.9003831417624519,0.9176245210727969,0.07763867332975051,0.11366538952745853,0.8473818646232439,0.9610472541507025,0.7484035759897829,0.9936143039591315,0.8521072796934867,0.9434227330779056,across_seed_bootstrap_exploratory
openml_24_mushroom,xgboost,class_conditional_cp,20,coverage_majority,10,0.9092636579572446,0.9168646080760094,0.028317108112343368,0.02315914489311155,0.9040973871733967,0.9272565320665083,0.8396674584323041,0.9346793349168646,0.8907363420427554,0.9235154394299288,across_seed_bootstrap_exploratory
openml_24_mushroom,xgboost,class_conditional_cp,20,coverage_disparity,10,0.060394730056455015,0.05454688860373191,0.05172379667743955,0.06185479442912484,0.023310065737782992,0.08516486016690783,0.003244418962331963,0.1743992743665116,0.032534438771640826,0.09286172844562142,across_seed_bootstrap_exploratory
openml_24_mushroom,xgboost,class_conditional_cp,20,singleton_rate,10,0.9049846153846154,0.9252307692307693,0.040767598741725496,0.05061538461538473,0.8826153846153846,0.9332307692307693,0.8387692307692308,0.9476923076923077,0.8798153846153847,0.9273230769230769,across_seed_bootstrap_exploratory
openml_24_mushroom,xgboost,class_conditional_cp,20,average_set_size,10,0.9049846153846154,0.9252307692307693,0.040767598741725496,0.05061538461538473,0.8826153846153846,0.9332307692307693,0.8387692307692308,0.9476923076923077,0.8798769230769231,0.9273230769230769,across_seed_bootstrap_exploratory
openml_24_mushroom,xgboost,class_conditional_cp,20,empty_rate,10,0.09501538461538461,0.07476923076923077,0.040767598741725496,0.050615384615384604,0.06676923076923078,0.11738461538461538,0.052307692307692305,0.16123076923076923,0.07243076923076922,0.11981538461538462,across_seed_bootstrap_exploratory
openml_24_mushroom,xgboost,class_conditional_cp,20,doubleton_rate,10,0.0,0.0,0.0,0.0,0.0,0.0,0.0,0.0,0.0,0.0,across_seed_bootstrap_exploratory
openml_24_mushroom,xgboost,class_conditional_cp,20,coverage_overall,10,0.9049846153846154,0.9252307692307693,0.040767598741725496,0.05061538461538473,0.8826153846153846,0.9332307692307693,0.8387692307692308,0.9476923076923077,0.8800615384615386,0.9277538461538463,across_seed_bootstrap_exploratory
openml_24_mushroom,xgboost,class_conditional_cp,20,auroc,10,1.0,1.0,0.0,0.0,1.0,1.0,1.0,1.0,1.0,1.0,across_seed_bootstrap_exploratory
openml_24_mushroom,xgboost,class_conditional_cp,20,auprc,10,1.0,1.0,5.233641528945917e-17,0.0,1.0,1.0,0.9999999999999999,1.0,1.0,1.0,across_seed_bootstrap_exploratory
openml_24_mushroom,xgboost,class_conditional_cp,20,q_minority,10,0.006839632987976074,0.0029873251914978027,0.011226634295577234,0.0014267712831497192,0.0021508634090423584,0.0035776346921920776,0.00034880638122558594,0.03763461112976074,0.002172929048538208,0.014240013957023612,across_seed_bootstrap_exploratory
openml_24_mushroom,xgboost,class_conditional_cp,20,q_majority,10,0.0019195735454559325,0.002029120922088623,0.0003015164051335963,0.0003187805414199829,0.0017383694648742676,0.0020571500062942505,0.001408696174621582,0.002327859401702881,0.001735936850309372,0.0020911097526550293,across_seed_bootstrap_exploratory
openml_24_mushroom,xgboost,class_conditional_cp,20,threshold_gap,10,0.005351561307907105,0.0012523233890533447,0.011142644716120812,0.0008798986673355103,0.0007480978965759277,0.001627996563911438,3.606081008911133e-05,0.03613322973251343,0.000884607881307602,0.012539697289466856,across_seed_bootstrap_exploratory
openml_24_mushroom,xgboost,class_conditional_cp,20,threshold_sum,10,0.008759206533432007,0.0048828125,0.011098343814955745,0.0017842650413513184,0.0038910359144210815,0.0056753009557724,0.0021944642066955566,0.03913599252700806,0.004111362099647522,0.01596324160695075,across_seed_bootstrap_exploratory
openml_24_mushroom,xgboost,class_conditional_cp,50,coverage_minority,10,0.8993614303959131,0.9003831417624522,0.04327138290893431,0.04725415070242667,0.8729246487867177,0.9201787994891444,0.8250319284802043,0.979565772669221,0.874074074074074,0.9250319284802042,across_seed_bootstrap_exploratory
openml_24_mushroom,xgboost,class_conditional_cp,50,coverage_majority,10,0.9092636579572446,0.9168646080760094,0.028317108112343368,0.02315914489311155,0.9040973871733967,0.9272565320665083,0.8396674584323041,0.9346793349168646,0.8908551068883611,0.9237529691211401,across_seed_bootstrap_exploratory
openml_24_mushroom,xgboost,class_conditional_cp,50,coverage_disparity,10,0.031535024253510624,0.029117863870914917,0.022532374047834237,0.02856271784930972,0.012810828684364589,0.04137354653367431,0.005815382095175736,0.06863940687349646,0.019030363908834707,0.045437408802856426,across_seed_bootstrap_exploratory
openml_24_mushroom,xgboost,class_conditional_cp,50,singleton_rate,10,0.9044923076923077,0.9110769230769231,0.03069639241931883,0.024307692307692252,0.8958461538461538,0.9201538461538461,0.8326153846153846,0.944,0.8851692307692307,0.920676923076923,across_seed_bootstrap_exploratory
openml_24_mushroom,xgboost,class_conditional_cp,50,average_set_size,10,0.9044923076923077,0.9110769230769231,0.03069639241931883,0.024307692307692252,0.8958461538461538,0.9201538461538461,0.8326153846153846,0.944,0.8846153846153847,0.9203692307692306,across_seed_bootstrap_exploratory
openml_24_mushroom,xgboost,class_conditional_cp,50,empty_rate,10,0.09550769230769232,0.08892307692307692,0.03069639241931884,0.024307692307692308,0.07984615384615384,0.10415384615384615,0.056,0.16738461538461538,0.07950769230769231,0.11513846153846152,across_seed_bootstrap_exploratory
openml_24_mushroom,xgboost,class_conditional_cp,50,doubleton_rate,10,0.0,0.0,0.0,0.0,0.0,0.0,0.0,0.0,0.0,0.0,across_seed_bootstrap_exploratory
openml_24_mushroom,xgboost,class_conditional_cp,50,coverage_overall,10,0.9044923076923077,0.9110769230769231,0.03069639241931883,0.024307692307692252,0.8958461538461538,0.9201538461538461,0.8326153846153846,0.944,0.8848615384615386,0.920553846153846,across_seed_bootstrap_exploratory
openml_24_mushroom,xgboost,class_conditional_cp,50,auroc,10,1.0,1.0,0.0,0.0,1.0,1.0,1.0,1.0,1.0,1.0,across_seed_bootstrap_exploratory
openml_24_mushroom,xgboost,class_conditional_cp,50,auprc,10,1.0,1.0,5.233641528945917e-17,0.0,1.0,1.0,0.9999999999999999,1.0,1.0,1.0,across_seed_bootstrap_exploratory
openml_24_mushroom,xgboost,class_conditional_cp,50,q_minority,10,0.003434896469116211,0.002533257007598877,0.0029234992460085442,0.0010354965925216675,0.002109423279762268,0.0031449198722839355,0.0018510818481445312,0.01161724328994751,0.0022883890569210053,0.005362319946289063,across_seed_bootstrap_exploratory
openml_24_mushroom,xgboost,class_conditional_cp,50,q_majority,10,0.0019195735454559325,0.002029120922088623,0.0003015164051335963,0.0003187805414199829,0.0017383694648742676,0.0020571500062942505,0.001408696174621582,0.002327859401702881,0.001738303154706955,0.00209026962518692,across_seed_bootstrap_exploratory
openml_24_mushroom,xgboost,class_conditional_cp,50,threshold_gap,10,0.001530689001083374,0.0006894171237945557,0.0028732222219606286,0.0006682276725769043,0.00022280216217041016,0.0008910298347473145,3.606081008911133e-05,0.009559452533721924,0.0003907132148742676,0.00341448202729225,across_seed_bootstrap_exploratory
openml_24_mushroom,xgboost,class_conditional_cp,50,threshold_sum,10,0.005354470014572144,0.00450974702835083,0.0029946799816044454,0.0009513050317764282,0.004047363996505737,0.0049986690282821655,0.0035536885261535645,0.013675034046173096,0.004126796126365661,0.007341260612010952,across_seed_bootstrap_exploratory
openml_24_mushroom,xgboost,class_conditional_cp,100,coverage_minority,10,0.888888888888889,0.8901660280970626,0.03182329772844742,0.011494252873563204,0.8840996168582376,0.8955938697318008,0.8250319284802043,0.9425287356321839,0.8694763729246489,0.9070242656449553,across_seed_bootstrap_exploratory
openml_24_mushroom,xgboost,class_conditional_cp,100,coverage_majority,10,0.9092636579572446,0.9168646080760094,0.028317108112343368,0.02315914489311155,0.9040973871733967,0.9272565320665083,0.8396674584323041,0.9346793349168646,0.8908551068883611,0.9236342042755344,across_seed_bootstrap_exploratory
openml_24_mushroom,xgboost,class_conditional_cp,100,coverage_disparity,10,0.027716651043704854,0.026819923371647514,0.015990190232767272,0.028301829555003433,0.014682171318669002,0.042984000873672434,0.005815382095175736,0.04623789978855908,0.018437938921803284,0.037085873960617965,across_seed_bootstrap_exploratory
openml_24_mushroom,xgboost,class_conditional_cp,100,singleton_rate,10,0.8994461538461538,0.9064615384615384,0.027233733963867794,0.019384615384615334,0.8946153846153846,0.9139999999999999,0.8326153846153846,0.9323076923076923,0.8819676923076922,0.9131692307692308,across_seed_bootstrap_exploratory
openml_24_mushroom,xgboost,class_conditional_cp,100,average_set_size,10,0.8994461538461538,0.9064615384615384,0.027233733963867794,0.019384615384615334,0.8946153846153846,0.9139999999999999,0.8326153846153846,0.9323076923076923,0.8818461538461537,0.9132923076923076,across_seed_bootstrap_exploratory
openml_24_mushroom,xgboost,class_conditional_cp,100,empty_rate,10,0.10055384615384615,0.09353846153846154,0.02723373396386781,0.01938461538461539,0.086,0.10538461538461538,0.06769230769230769,0.16738461538461538,0.0867076923076923,0.11839999999999999,across_seed_bootstrap_exploratory
openml_24_mushroom,xgboost,class_conditional_cp,100,doubleton_rate,10,0.0,0.0,0.0,0.0,0.0,0.0,0.0,0.0,0.0,0.0,across_seed_bootstrap_exploratory
openml_24_mushroom,xgboost,class_conditional_cp,100,coverage_overall,10,0.8994461538461538,0.9064615384615384,0.027233733963867794,0.019384615384615334,0.8946153846153846,0.9139999999999999,0.8326153846153846,0.9323076923076923,0.8817230769230768,0.9131692307692308,across_seed_bootstrap_exploratory
openml_24_mushroom,xgboost,class_conditional_cp,100,auroc,10,1.0,1.0,0.0,0.0,1.0,1.0,1.0,1.0,1.0,1.0,across_seed_bootstrap_exploratory
openml_24_mushroom,xgboost,class_conditional_cp,100,auprc,10,1.0,1.0,5.233641528945917e-17,0.0,1.0,1.0,0.9999999999999999,1.0,1.0,1.0,across_seed_bootstrap_exploratory
openml_24_mushroom,xgboost,class_conditional_cp,100,q_minority,10,0.0024966657161712646,0.002464115619659424,0.00043916230141692825,0.0003706216812133789,0.0022597461938858032,0.002630367875099182,0.0018510818481445312,0.003238379955291748,0.0022491607069969177,0.0027591891586780546,across_seed_bootstrap_exploratory
openml_24_mushroom,xgboost,class_conditional_cp,100,q_majority,10,0.0019195735454559325,0.002029120922088623,0.0003015164051335963,0.0003187805414199829,0.0017383694648742676,0.0020571500062942505,0.001408696174621582,0.002327859401702881,0.0017367525398731232,0.0020893140137195573,across_seed_bootstrap_exploratory
openml_24_mushroom,xgboost,class_conditional_cp,100,threshold_gap,10,0.000577092170715332,0.0003516077995300293,0.0004686328283063989,0.0007218718528747559,0.00025297701358795166,0.0009748488664627075,2.372264862060547e-05,0.0013927221298217773,0.0003155940771102905,0.0008609533309936523,across_seed_bootstrap_exploratory
openml_24_mushroom,xgboost,class_conditional_cp,100,threshold_sum,10,0.004416239261627197,0.0043908655643463135,0.000589859823461935,0.0009003579616546631,0.004035472869873047,0.00493583083152771,0.0035536885261535645,0.005208432674407959,0.004066174179315567,0.004759580641984939,across_seed_bootstrap_exploratory
openml_24_mushroom,tabpfn,global_split_cp,10,coverage_minority,10,0.9970625798212005,0.9968071519795658,0.0019086004062545455,0.0035121328224775317,0.9952107279693487,0.9987228607918263,0.9948914431673053,1.0,0.9959131545338442,0.9982120051085568,across_seed_bootstrap_exploratory
openml_24_mushroom,tabpfn,global_split_cp,10,coverage_majority,10,0.9990498812351545,0.9994061757719714,0.0010913736145756348,0.0020783847980997416,0.9979216152019003,1.0,0.997624703087886,1.0,0.9984560570071259,0.999643705463183,across_seed_bootstrap_exploratory
openml_24_mushroom,tabpfn,global_split_cp,10,coverage_disparity,10,0.002206932954741947,0.0020051995643772247,0.0017128755809507033,0.0024139751185373592,0.0011429030799986473,0.0035568781985360065,0.0,0.005108556832694733,0.0012210178890496803,0.0032286443212808935,across_seed_bootstrap_exploratory
openml_24_mushroom,tabpfn,global_split_cp,10,singleton_rate,10,0.9980923076923076,0.9981538461538462,0.0011765850584369239,0.0016923076923076597,0.9970769230769231,0.9987692307692307,0.9963076923076923,1.0,0.9974153846153845,0.9987692307692309,across_seed_bootstrap_exploratory
openml_24_mushroom,tabpfn,global_split_cp,10,average_set_size,10,0.9980923076923076,0.9981538461538462,0.0011765850584369239,0.0016923076923076597,0.9970769230769231,0.9987692307692307,0.9963076923076923,1.0,0.9974153846153845,0.9987692307692309,across_seed_bootstrap_exploratory
openml_24_mushroom,tabpfn,global_split_cp,10,empty_rate,10,0.0019076923076923075,0.0018461538461538461,0.001176585058436922,0.0016923076923076924,0.0012307692307692308,0.002923076923076923,0.0,0.0036923076923076922,0.0012307692307692308,0.002584615384615385,across_seed_bootstrap_exploratory
openml_24_mushroom,tabpfn,global_split_cp,10,doubleton_rate,10,0.0,0.0,0.0,0.0,0.0,0.0,0.0,0.0,0.0,0.0,across_seed_bootstrap_exploratory
openml_24_mushroom,tabpfn,global_split_cp,10,coverage_overall,10,0.9980923076923076,0.9981538461538462,0.0011765850584369239,0.0016923076923076597,0.9970769230769231,0.9987692307692307,0.9963076923076923,1.0,0.9974153846153845,0.9987692307692309,across_seed_bootstrap_exploratory
openml_24_mushroom,tabpfn,global_split_cp,10,auroc,10,1.0,1.0,0.0,0.0,1.0,1.0,1.0,1.0,1.0,1.0,across_seed_bootstrap_exploratory
openml_24_mushroom,tabpfn,global_split_cp,10,auprc,10,1.0,1.0,0.0,0.0,1.0,1.0,1.0,1.0,1.0,1.0,across_seed_bootstrap_exploratory
openml_24_mushroom,tabpfn,global_split_cp,10,q_global,10,1.2993812561035156e-05,1.2993812561035156e-05,0.0,0.0,1.2993812561035156e-05,1.2993812561035156e-05,1.2993812561035156e-05,1.2993812561035156e-05,1.2993812561035156e-05,1.2993812561035156e-05,across_seed_bootstrap_exploratory
openml_24_mushroom,tabpfn,global_split_cp,20,coverage_minority,10,0.9970625798212005,0.9968071519795658,0.0019086004062545455,0.0035121328224775317,0.9952107279693487,0.9987228607918263,0.9948914431673053,1.0,0.9959131545338442,0.9982120051085568,across_seed_bootstrap_exploratory
openml_24_mushroom,tabpfn,global_split_cp,20,coverage_majority,10,0.9990498812351545,0.9994061757719714,0.0010913736145756348,0.0020783847980997416,0.9979216152019003,1.0,0.997624703087886,1.0,0.9984560570071259,0.999643705463183,across_seed_bootstrap_exploratory
openml_24_mushroom,tabpfn,global_split_cp,20,coverage_disparity,10,0.002206932954741947,0.0020051995643772247,0.0017128755809507033,0.0024139751185373592,0.0011429030799986473,0.0035568781985360065,0.0,0.005108556832694733,0.0012120688138380186,0.003228644321280905,across_seed_bootstrap_exploratory
openml_24_mushroom,tabpfn,global_split_cp,20,singleton_rate,10,0.9980923076923076,0.9981538461538462,0.0011765850584369239,0.0016923076923076597,0.9970769230769231,0.9987692307692307,0.9963076923076923,1.0,0.9974153846153845,0.9987692307692309,across_seed_bootstrap_exploratory
openml_24_mushroom,tabpfn,global_split_cp,20,average_set_size,10,0.9980923076923076,0.9981538461538462,0.0011765850584369239,0.0016923076923076597,0.9970769230769231,0.9987692307692307,0.9963076923076923,1.0,0.9974153846153845,0.9987692307692309,across_seed_bootstrap_exploratory
openml_24_mushroom,tabpfn,global_split_cp,20,empty_rate,10,0.0019076923076923075,0.0018461538461538461,0.001176585058436922,0.0016923076923076924,0.0012307692307692308,0.002923076923076923,0.0,0.0036923076923076922,0.0012307692307692308,0.002584615384615385,across_seed_bootstrap_exploratory
openml_24_mushroom,tabpfn,global_split_cp,20,doubleton_rate,10,0.0,0.0,0.0,0.0,0.0,0.0,0.0,0.0,0.0,0.0,across_seed_bootstrap_exploratory
openml_24_mushroom,tabpfn,global_split_cp,20,coverage_overall,10,0.9980923076923076,0.9981538461538462,0.0011765850584369239,0.0016923076923076597,0.9970769230769231,0.9987692307692307,0.9963076923076923,1.0,0.9974153846153845,0.9987692307692309,across_seed_bootstrap_exploratory
openml_24_mushroom,tabpfn,global_split_cp,20,auroc,10,1.0,1.0,0.0,0.0,1.0,1.0,1.0,1.0,1.0,1.0,across_seed_bootstrap_exploratory
openml_24_mushroom,tabpfn,global_split_cp,20,auprc,10,1.0,1.0,0.0,0.0,1.0,1.0,1.0,1.0,1.0,1.0,across_seed_bootstrap_exploratory
openml_24_mushroom,tabpfn,global_split_cp,20,q_global,10,1.2993812561035156e-05,1.2993812561035156e-05,0.0,0.0,1.2993812561035156e-05,1.2993812561035156e-05,1.2993812561035156e-05,1.2993812561035156e-05,1.2993812561035156e-05,1.2993812561035156e-05,across_seed_bootstrap_exploratory
openml_24_mushroom,tabpfn,global_split_cp,50,coverage_minority,10,0.9970625798212005,0.9968071519795658,0.0019086004062545455,0.0035121328224775317,0.9952107279693487,0.9987228607918263,0.9948914431673053,1.0,0.9959131545338442,0.9982120051085568,across_seed_bootstrap_exploratory
openml_24_mushroom,tabpfn,global_split_cp,50,coverage_majority,10,0.9990498812351545,0.9994061757719714,0.0010913736145756348,0.0020783847980997416,0.9979216152019003,1.0,0.997624703087886,1.0,0.9983372921615203,0.999643705463183,across_seed_bootstrap_exploratory
openml_24_mushroom,tabpfn,global_split_cp,50,coverage_disparity,10,0.002206932954741947,0.0020051995643772247,0.0017128755809507033,0.0024139751185373592,0.0011429030799986473,0.0035568781985360065,0.0,0.005108556832694733,0.001203119738626346,0.003228644321280894,across_seed_bootstrap_exploratory
openml_24_mushroom,tabpfn,global_split_cp,50,singleton_rate,10,0.9980923076923076,0.9981538461538462,0.0011765850584369239,0.0016923076923076597,0.9970769230769231,0.9987692307692307,0.9963076923076923,1.0,0.9974153846153845,0.9987692307692309,across_seed_bootstrap_exploratory
openml_24_mushroom,tabpfn,global_split_cp,50,average_set_size,10,0.9980923076923076,0.9981538461538462,0.0011765850584369239,0.0016923076923076597,0.9970769230769231,0.9987692307692307,0.9963076923076923,1.0,0.9974153846153845,0.9987692307692309,across_seed_bootstrap_exploratory
openml_24_mushroom,tabpfn,global_split_cp,50,empty_rate,10,0.0019076923076923075,0.0018461538461538461,0.001176585058436922,0.0016923076923076924,0.0012307692307692308,0.002923076923076923,0.0,0.0036923076923076922,0.0012307692307692308,0.002584615384615385,across_seed_bootstrap_exploratory
openml_24_mushroom,tabpfn,global_split_cp,50,doubleton_rate,10,0.0,0.0,0.0,0.0,0.0,0.0,0.0,0.0,0.0,0.0,across_seed_bootstrap_exploratory
openml_24_mushroom,tabpfn,global_split_cp,50,coverage_overall,10,0.9980923076923076,0.9981538461538462,0.0011765850584369239,0.0016923076923076597,0.9970769230769231,0.9987692307692307,0.9963076923076923,1.0,0.9974153846153845,0.9987692307692309,across_seed_bootstrap_exploratory
openml_24_mushroom,tabpfn,global_split_cp,50,auroc,10,1.0,1.0,0.0,0.0,1.0,1.0,1.0,1.0,1.0,1.0,across_seed_bootstrap_exploratory
openml_24_mushroom,tabpfn,global_split_cp,50,auprc,10,1.0,1.0,0.0,0.0,1.0,1.0,1.0,1.0,1.0,1.0,across_seed_bootstrap_exploratory
openml_24_mushroom,tabpfn,global_split_cp,50,q_global,10,1.2993812561035156e-05,1.2993812561035156e-05,0.0,0.0,1.2993812561035156e-05,1.2993812561035156e-05,1.2993812561035156e-05,1.2993812561035156e-05,1.2993812561035156e-05,1.2993812561035156e-05,across_seed_bootstrap_exploratory
openml_24_mushroom,tabpfn,global_split_cp,100,coverage_minority,10,0.9970625798212005,0.9968071519795658,0.0019086004062545455,0.0035121328224775317,0.9952107279693487,0.9987228607918263,0.9948914431673053,1.0,0.9959131545338442,0.9982120051085568,across_seed_bootstrap_exploratory
openml_24_mushroom,tabpfn,global_split_cp,100,coverage_majority,10,0.9990498812351545,0.9994061757719714,0.0010913736145756348,0.0020783847980997416,0.9979216152019003,1.0,0.997624703087886,1.0,0.9983372921615203,0.999643705463183,across_seed_bootstrap_exploratory
openml_24_mushroom,tabpfn,global_split_cp,100,coverage_disparity,10,0.002206932954741947,0.0020051995643772247,0.0017128755809507033,0.0024139751185373592,0.0011429030799986473,0.0035568781985360065,0.0,0.005108556832694733,0.0012028960117460331,0.003237593396492566,across_seed_bootstrap_exploratory
openml_24_mushroom,tabpfn,global_split_cp,100,singleton_rate,10,0.9980923076923076,0.9981538461538462,0.0011765850584369239,0.0016923076923076597,0.9970769230769231,0.9987692307692307,0.9963076923076923,1.0,0.9974153846153845,0.9987692307692309,across_seed_bootstrap_exploratory
openml_24_mushroom,tabpfn,global_split_cp,100,average_set_size,10,0.9980923076923076,0.9981538461538462,0.0011765850584369239,0.0016923076923076597,0.9970769230769231,0.9987692307692307,0.9963076923076923,1.0,0.9974153846153845,0.9987692307692309,across_seed_bootstrap_exploratory
openml_24_mushroom,tabpfn,global_split_cp,100,empty_rate,10,0.0019076923076923075,0.0018461538461538461,0.001176585058436922,0.0016923076923076924,0.0012307692307692308,0.002923076923076923,0.0,0.0036923076923076922,0.0012307692307692308,0.0025846153846153844,across_seed_bootstrap_exploratory
openml_24_mushroom,tabpfn,global_split_cp,100,doubleton_rate,10,0.0,0.0,0.0,0.0,0.0,0.0,0.0,0.0,0.0,0.0,across_seed_bootstrap_exploratory
openml_24_mushroom,tabpfn,global_split_cp,100,coverage_overall,10,0.9980923076923076,0.9981538461538462,0.0011765850584369239,0.0016923076923076597,0.9970769230769231,0.9987692307692307,0.9963076923076923,1.0,0.9974153846153845,0.9987692307692309,across_seed_bootstrap_exploratory
openml_24_mushroom,tabpfn,global_split_cp,100,auroc,10,1.0,1.0,0.0,0.0,1.0,1.0,1.0,1.0,1.0,1.0,across_seed_bootstrap_exploratory
openml_24_mushroom,tabpfn,global_split_cp,100,auprc,10,1.0,1.0,0.0,0.0,1.0,1.0,1.0,1.0,1.0,1.0,across_seed_bootstrap_exploratory
openml_24_mushroom,tabpfn,global_split_cp,100,q_global,10,1.2993812561035156e-05,1.2993812561035156e-05,0.0,0.0,1.2993812561035156e-05,1.2993812561035156e-05,1.2993812561035156e-05,1.2993812561035156e-05,1.2993812561035156e-05,1.2993812561035156e-05,across_seed_bootstrap_exploratory
openml_24_mushroom,tabpfn,class_conditional_cp,10,coverage_minority,10,0.9970625798212005,0.9968071519795658,0.0019086004062545455,0.0035121328224775317,0.9952107279693487,0.9987228607918263,0.9948914431673053,1.0,0.9959131545338442,0.9982120051085568,across_seed_bootstrap_exploratory
openml_24_mushroom,tabpfn,class_conditional_cp,10,coverage_majority,10,0.9990498812351545,0.9994061757719714,0.0010913736145756348,0.0020783847980997416,0.9979216152019003,1.0,0.997624703087886,1.0,0.9983372921615203,0.999643705463183,across_seed_bootstrap_exploratory
openml_24_mushroom,tabpfn,class_conditional_cp,10,coverage_disparity,10,0.002206932954741947,0.0020051995643772247,0.0017128755809507033,0.0024139751185373592,0.0011429030799986473,0.0035568781985360065,0.0,0.005108556832694733,0.0012120688138380076,0.0032286443212808822,across_seed_bootstrap_exploratory
openml_24_mushroom,tabpfn,class_conditional_cp,10,singleton_rate,10,0.9980923076923076,0.9981538461538462,0.0011765850584369239,0.0016923076923076597,0.9970769230769231,0.9987692307692307,0.9963076923076923,1.0,0.9974153846153845,0.9987692307692309,across_seed_bootstrap_exploratory
openml_24_mushroom,tabpfn,class_conditional_cp,10,average_set_size,10,0.9980923076923076,0.9981538461538462,0.0011765850584369239,0.0016923076923076597,0.9970769230769231,0.9987692307692307,0.9963076923076923,1.0,0.9974153846153845,0.9987692307692309,across_seed_bootstrap_exploratory
openml_24_mushroom,tabpfn,class_conditional_cp,10,empty_rate,10,0.0019076923076923075,0.0018461538461538461,0.001176585058436922,0.0016923076923076924,0.0012307692307692308,0.002923076923076923,0.0,0.0036923076923076922,0.0012307692307692308,0.002584615384615385,across_seed_bootstrap_exploratory
openml_24_mushroom,tabpfn,class_conditional_cp,10,doubleton_rate,10,0.0,0.0,0.0,0.0,0.0,0.0,0.0,0.0,0.0,0.0,across_seed_bootstrap_exploratory
openml_24_mushroom,tabpfn,class_conditional_cp,10,coverage_overall,10,0.9980923076923076,0.9981538461538462,0.0011765850584369239,0.0016923076923076597,0.9970769230769231,0.9987692307692307,0.9963076923076923,1.0,0.9974153846153845,0.9987692307692309,across_seed_bootstrap_exploratory
openml_24_mushroom,tabpfn,class_conditional_cp,10,auroc,10,1.0,1.0,0.0,0.0,1.0,1.0,1.0,1.0,1.0,1.0,across_seed_bootstrap_exploratory
openml_24_mushroom,tabpfn,class_conditional_cp,10,auprc,10,1.0,1.0,0.0,0.0,1.0,1.0,1.0,1.0,1.0,1.0,across_seed_bootstrap_exploratory
openml_24_mushroom,tabpfn,class_conditional_cp,10,q_minority,10,1.2993812561035156e-05,1.2993812561035156e-05,0.0,0.0,1.2993812561035156e-05,1.2993812561035156e-05,1.2993812561035156e-05,1.2993812561035156e-05,1.2993812561035156e-05,1.2993812561035156e-05,across_seed_bootstrap_exploratory
openml_24_mushroom,tabpfn,class_conditional_cp,10,q_majority,10,1.2993812561035156e-05,1.2993812561035156e-05,0.0,0.0,1.2993812561035156e-05,1.2993812561035156e-05,1.2993812561035156e-05,1.2993812561035156e-05,1.2993812561035156e-05,1.2993812561035156e-05,across_seed_bootstrap_exploratory
openml_24_mushroom,tabpfn,class_conditional_cp,10,threshold_gap,10,0.0,0.0,0.0,0.0,0.0,0.0,0.0,0.0,0.0,0.0,across_seed_bootstrap_exploratory
openml_24_mushroom,tabpfn,class_conditional_cp,10,threshold_sum,10,2.5987625122070312e-05,2.5987625122070312e-05,0.0,0.0,2.5987625122070312e-05,2.5987625122070312e-05,2.5987625122070312e-05,2.5987625122070312e-05,2.5987625122070312e-05,2.5987625122070312e-05,across_seed_bootstrap_exploratory
openml_24_mushroom,tabpfn,class_conditional_cp,20,coverage_minority,10,0.9970625798212005,0.9968071519795658,0.0019086004062545455,0.0035121328224775317,0.9952107279693487,0.9987228607918263,0.9948914431673053,1.0,0.9959131545338442,0.9982120051085568,across_seed_bootstrap_exploratory
openml_24_mushroom,tabpfn,class_conditional_cp,20,coverage_majority,10,0.9990498812351545,0.9994061757719714,0.0010913736145756348,0.0020783847980997416,0.9979216152019003,1.0,0.997624703087886,1.0,0.9984560570071259,0.999643705463183,across_seed_bootstrap_exploratory
openml_24_mushroom,tabpfn,class_conditional_cp,20,coverage_disparity,10,0.002206932954741947,0.0020051995643772247,0.0017128755809507033,0.0024139751185373592,0.0011429030799986473,0.0035568781985360065,0.0,0.005108556832694733,0.0012298039090773893,0.003219695246069221,across_seed_bootstrap_exploratory
openml_24_mushroom,tabpfn,class_conditional_cp,20,singleton_rate,10,0.9980923076923076,0.9981538461538462,0.0011765850584369239,0.0016923076923076597,0.9970769230769231,0.9987692307692307,0.9963076923076923,1.0,0.9974153846153845,0.9987692307692309,across_seed_bootstrap_exploratory
openml_24_mushroom,tabpfn,class_conditional_cp,20,average_set_size,10,0.9980923076923076,0.9981538461538462,0.0011765850584369239,0.0016923076923076597,0.9970769230769231,0.9987692307692307,0.9963076923076923,1.0,0.9974153846153845,0.9987692307692309,across_seed_bootstrap_exploratory
openml_24_mushroom,tabpfn,class_conditional_cp,20,empty_rate,10,0.0019076923076923075,0.0018461538461538461,0.001176585058436922,0.0016923076923076924,0.0012307692307692308,0.002923076923076923,0.0,0.0036923076923076922,0.0012307692307692308,0.002584615384615385,across_seed_bootstrap_exploratory
openml_24_mushroom,tabpfn,class_conditional_cp,20,doubleton_rate,10,0.0,0.0,0.0,0.0,0.0,0.0,0.0,0.0,0.0,0.0,across_seed_bootstrap_exploratory
openml_24_mushroom,tabpfn,class_conditional_cp,20,coverage_overall,10,0.9980923076923076,0.9981538461538462,0.0011765850584369239,0.0016923076923076597,0.9970769230769231,0.9987692307692307,0.9963076923076923,1.0,0.9974153846153845,0.9987692307692309,across_seed_bootstrap_exploratory
openml_24_mushroom,tabpfn,class_conditional_cp,20,auroc,10,1.0,1.0,0.0,0.0,1.0,1.0,1.0,1.0,1.0,1.0,across_seed_bootstrap_exploratory
openml_24_mushroom,tabpfn,class_conditional_cp,20,auprc,10,1.0,1.0,0.0,0.0,1.0,1.0,1.0,1.0,1.0,1.0,across_seed_bootstrap_exploratory
openml_24_mushroom,tabpfn,class_conditional_cp,20,q_minority,10,1.2993812561035156e-05,1.2993812561035156e-05,0.0,0.0,1.2993812561035156e-05,1.2993812561035156e-05,1.2993812561035156e-05,1.2993812561035156e-05,1.2993812561035156e-05,1.2993812561035156e-05,across_seed_bootstrap_exploratory
openml_24_mushroom,tabpfn,class_conditional_cp,20,q_majority,10,1.2993812561035156e-05,1.2993812561035156e-05,0.0,0.0,1.2993812561035156e-05,1.2993812561035156e-05,1.2993812561035156e-05,1.2993812561035156e-05,1.2993812561035156e-05,1.2993812561035156e-05,across_seed_bootstrap_exploratory
openml_24_mushroom,tabpfn,class_conditional_cp,20,threshold_gap,10,0.0,0.0,0.0,0.0,0.0,0.0,0.0,0.0,0.0,0.0,across_seed_bootstrap_exploratory
openml_24_mushroom,tabpfn,class_conditional_cp,20,threshold_sum,10,2.5987625122070312e-05,2.5987625122070312e-05,0.0,0.0,2.5987625122070312e-05,2.5987625122070312e-05,2.5987625122070312e-05,2.5987625122070312e-05,2.5987625122070312e-05,2.5987625122070312e-05,across_seed_bootstrap_exploratory
openml_24_mushroom,tabpfn,class_conditional_cp,50,coverage_minority,10,0.9970625798212005,0.9968071519795658,0.0019086004062545455,0.0035121328224775317,0.9952107279693487,0.9987228607918263,0.9948914431673053,1.0,0.9959131545338442,0.9982120051085568,across_seed_bootstrap_exploratory
openml_24_mushroom,tabpfn,class_conditional_cp,50,coverage_majority,10,0.9990498812351545,0.9994061757719714,0.0010913736145756348,0.0020783847980997416,0.9979216152019003,1.0,0.997624703087886,1.0,0.9983372921615203,0.999643705463183,across_seed_bootstrap_exploratory
openml_24_mushroom,tabpfn,class_conditional_cp,50,coverage_disparity,10,0.002206932954741947,0.0020051995643772247,0.0017128755809507033,0.0024139751185373592,0.0011429030799986473,0.0035568781985360065,0.0,0.005108556832694733,0.001203119738626346,0.003237593396492566,across_seed_bootstrap_exploratory
openml_24_mushroom,tabpfn,class_conditional_cp,50,singleton_rate,10,0.9980923076923076,0.9981538461538462,0.0011765850584369239,0.0016923076923076597,0.9970769230769231,0.9987692307692307,0.9963076923076923,1.0,0.9974153846153845,0.9987692307692309,across_seed_bootstrap_exploratory
openml_24_mushroom,tabpfn,class_conditional_cp,50,average_set_size,10,0.9980923076923076,0.9981538461538462,0.0011765850584369239,0.0016923076923076597,0.9970769230769231,0.9987692307692307,0.9963076923076923,1.0,0.9974153846153845,0.9987692307692309,across_seed_bootstrap_exploratory
openml_24_mushroom,tabpfn,class_conditional_cp,50,empty_rate,10,0.0019076923076923075,0.0018461538461538461,0.001176585058436922,0.0016923076923076924,0.0012307692307692308,0.002923076923076923,0.0,0.0036923076923076922,0.0012307692307692308,0.002584615384615385,across_seed_bootstrap_exploratory
openml_24_mushroom,tabpfn,class_conditional_cp,50,doubleton_rate,10,0.0,0.0,0.0,0.0,0.0,0.0,0.0,0.0,0.0,0.0,across_seed_bootstrap_exploratory
openml_24_mushroom,tabpfn,class_conditional_cp,50,coverage_overall,10,0.9980923076923076,0.9981538461538462,0.0011765850584369239,0.0016923076923076597,0.9970769230769231,0.9987692307692307,0.9963076923076923,1.0,0.9974153846153845,0.9987692307692309,across_seed_bootstrap_exploratory
openml_24_mushroom,tabpfn,class_conditional_cp,50,auroc,10,1.0,1.0,0.0,0.0,1.0,1.0,1.0,1.0,1.0,1.0,across_seed_bootstrap_exploratory
openml_24_mushroom,tabpfn,class_conditional_cp,50,auprc,10,1.0,1.0,0.0,0.0,1.0,1.0,1.0,1.0,1.0,1.0,across_seed_bootstrap_exploratory
openml_24_mushroom,tabpfn,class_conditional_cp,50,q_minority,10,1.2993812561035156e-05,1.2993812561035156e-05,0.0,0.0,1.2993812561035156e-05,1.2993812561035156e-05,1.2993812561035156e-05,1.2993812561035156e-05,1.2993812561035156e-05,1.2993812561035156e-05,across_seed_bootstrap_exploratory
openml_24_mushroom,tabpfn,class_conditional_cp,50,q_majority,10,1.2993812561035156e-05,1.2993812561035156e-05,0.0,0.0,1.2993812561035156e-05,1.2993812561035156e-05,1.2993812561035156e-05,1.2993812561035156e-05,1.2993812561035156e-05,1.2993812561035156e-05,across_seed_bootstrap_exploratory
openml_24_mushroom,tabpfn,class_conditional_cp,50,threshold_gap,10,0.0,0.0,0.0,0.0,0.0,0.0,0.0,0.0,0.0,0.0,across_seed_bootstrap_exploratory
openml_24_mushroom,tabpfn,class_conditional_cp,50,threshold_sum,10,2.5987625122070312e-05,2.5987625122070312e-05,0.0,0.0,2.5987625122070312e-05,2.5987625122070312e-05,2.5987625122070312e-05,2.5987625122070312e-05,2.5987625122070312e-05,2.5987625122070312e-05,across_seed_bootstrap_exploratory
openml_24_mushroom,tabpfn,class_conditional_cp,100,coverage_minority,10,0.9970625798212005,0.9968071519795658,0.0019086004062545455,0.0035121328224775317,0.9952107279693487,0.9987228607918263,0.9948914431673053,1.0,0.9959131545338442,0.9982120051085568,across_seed_bootstrap_exploratory
openml_24_mushroom,tabpfn,class_conditional_cp,100,coverage_majority,10,0.9990498812351545,0.9994061757719714,0.0010913736145756348,0.0020783847980997416,0.9979216152019003,1.0,0.997624703087886,1.0,0.9984560570071259,0.999643705463183,across_seed_bootstrap_exploratory
openml_24_mushroom,tabpfn,class_conditional_cp,100,coverage_disparity,10,0.002206932954741947,0.0020051995643772247,0.0017128755809507033,0.0024139751185373592,0.0011429030799986473,0.0035568781985360065,0.0,0.005108556832694733,0.0012210178890496803,0.0032286443212809052,across_seed_bootstrap_exploratory
openml_24_mushroom,tabpfn,class_conditional_cp,100,singleton_rate,10,0.9980923076923076,0.9981538461538462,0.0011765850584369239,0.0016923076923076597,0.9970769230769231,0.9987692307692307,0.9963076923076923,1.0,0.9974153846153845,0.9987692307692309,across_seed_bootstrap_exploratory
openml_24_mushroom,tabpfn,class_conditional_cp,100,average_set_size,10,0.9980923076923076,0.9981538461538462,0.0011765850584369239,0.0016923076923076597,0.9970769230769231,0.9987692307692307,0.9963076923076923,1.0,0.9974153846153845,0.9987692307692309,across_seed_bootstrap_exploratory
openml_24_mushroom,tabpfn,class_conditional_cp,100,empty_rate,10,0.0019076923076923075,0.0018461538461538461,0.001176585058436922,0.0016923076923076924,0.0012307692307692308,0.002923076923076923,0.0,0.0036923076923076922,0.0012307692307692308,0.002584615384615385,across_seed_bootstrap_exploratory
openml_24_mushroom,tabpfn,class_conditional_cp,100,doubleton_rate,10,0.0,0.0,0.0,0.0,0.0,0.0,0.0,0.0,0.0,0.0,across_seed_bootstrap_exploratory
openml_24_mushroom,tabpfn,class_conditional_cp,100,coverage_overall,10,0.9980923076923076,0.9981538461538462,0.0011765850584369239,0.0016923076923076597,0.9970769230769231,0.9987692307692307,0.9963076923076923,1.0,0.9974153846153845,0.9987692307692309,across_seed_bootstrap_exploratory
openml_24_mushroom,tabpfn,class_conditional_cp,100,auroc,10,1.0,1.0,0.0,0.0,1.0,1.0,1.0,1.0,1.0,1.0,across_seed_bootstrap_exploratory
openml_24_mushroom,tabpfn,class_conditional_cp,100,auprc,10,1.0,1.0,0.0,0.0,1.0,1.0,1.0,1.0,1.0,1.0,across_seed_bootstrap_exploratory
openml_24_mushroom,tabpfn,class_conditional_cp,100,q_minority,10,1.2993812561035156e-05,1.2993812561035156e-05,0.0,0.0,1.2993812561035156e-05,1.2993812561035156e-05,1.2993812561035156e-05,1.2993812561035156e-05,1.2993812561035156e-05,1.2993812561035156e-05,across_seed_bootstrap_exploratory
openml_24_mushroom,tabpfn,class_conditional_cp,100,q_majority,10,1.2993812561035156e-05,1.2993812561035156e-05,0.0,0.0,1.2993812561035156e-05,1.2993812561035156e-05,1.2993812561035156e-05,1.2993812561035156e-05,1.2993812561035156e-05,1.2993812561035156e-05,across_seed_bootstrap_exploratory
openml_24_mushroom,tabpfn,class_conditional_cp,100,threshold_gap,10,0.0,0.0,0.0,0.0,0.0,0.0,0.0,0.0,0.0,0.0,across_seed_bootstrap_exploratory
openml_24_mushroom,tabpfn,class_conditional_cp,100,threshold_sum,10,2.5987625122070312e-05,2.5987625122070312e-05,0.0,0.0,2.5987625122070312e-05,2.5987625122070312e-05,2.5987625122070312e-05,2.5987625122070312e-05,2.5987625122070312e-05,2.5987625122070312e-05,across_seed_bootstrap_exploratory
openml_1486_nomao,logistic_regression,global_split_cp,10,coverage_minority,10,0.7810055865921788,0.7724733367191468,0.03308305324721561,0.030345352971051343,0.7599035043169121,0.7902488572879635,0.7536820721178263,0.8654139156932453,0.7649568308786184,0.8024885728796344,across_seed_bootstrap_exploratory
openml_1486_nomao,logistic_regression,global_split_cp,10,coverage_majority,10,0.9110479285134037,0.9069861900893583,0.014508677726251678,0.011931356620633604,0.9019597887896019,0.9138911454102355,0.8990658001624695,0.9486190089358245,0.9041023558082859,0.920613322502031,across_seed_bootstrap_exploratory
openml_1486_nomao,logistic_regression,global_split_cp,10,coverage_disparity,10,0.13004234192122494,0.1359859297585359,0.0203841859884913,0.01650901214973438,0.12552084214339318,0.14202985429312756,0.08320509324257919,0.15371029181393647,0.11705942979298539,0.1406894045458464,across_seed_bootstrap_exploratory
openml_1486_nomao,logistic_regression,global_split_cp,10,singleton_rate,10,0.8888437545335848,0.8824169447265342,0.02491663072642948,0.01425359059915865,0.8759973886551574,0.8902509792543161,0.8695778325837806,0.9553169882489482,0.8774408820542579,0.9052810822573625,across_seed_bootstrap_exploratory
openml_1486_nomao,logistic_regression,global_split_cp,10,average_set_size,10,0.8888437545335848,0.8824169447265342,0.02491663072642948,0.01425359059915865,0.8759973886551574,0.8902509792543161,0.8695778325837806,0.9553169882489482,0.8775565791382561,0.9057884810677498,across_seed_bootstrap_exploratory
openml_1486_nomao,logistic_regression,global_split_cp,10,empty_rate,10,0.1111562454664152,0.11758305527346583,0.02491663072642948,0.014253590599158567,0.10974902074568402,0.12400261134484258,0.04468301175105179,0.13042216741621934,0.09460322065863921,0.12244305817496011,across_seed_bootstrap_exploratory
openml_1486_nomao,logistic_regression,global_split_cp,10,doubleton_rate,10,0.0,0.0,0.0,0.0,0.0,0.0,0.0,0.0,0.0,0.0,across_seed_bootstrap_exploratory
openml_1486_nomao,logistic_regression,global_split_cp,10,coverage_overall,10,0.8739010590454084,0.8686348469461773,0.019448045593350765,0.014398665312636116,0.8618526040911069,0.876251269403743,0.8592775279268824,0.9248512984186856,0.8647903670390251,0.8869142608443349,across_seed_bootstrap_exploratory
openml_1486_nomao,logistic_regression,global_split_cp,10,auroc,10,0.9882177353776387,0.9884155878340104,0.0009090115818454658,0.0010289720150553627,0.987639855617473,0.9886688276325284,0.9868213194028151,0.9899209992907945,0.9876909799650471,0.988751656592084,across_seed_bootstrap_exploratory
openml_1486_nomao,logistic_regression,global_split_cp,10,auprc,10,0.9724030485058283,0.9726274977811574,0.0025101778247855096,0.0035288665098311967,0.9708336592695028,0.974362525779334,0.9678945985717128,0.9756452781963113,0.9708928874381746,0.9738052428171871,across_seed_bootstrap_exploratory
openml_1486_nomao,logistic_regression,global_split_cp,10,q_global,10,0.16327064896774462,0.14104039196136336,0.057467147446297134,0.02990564839791751,0.13574343146525136,0.16564907986316887,0.12594258220569432,0.32117314747516756,0.1389491378637137,0.20153884450029183,across_seed_bootstrap_exploratory
openml_1486_nomao,logistic_regression,global_split_cp,20,coverage_minority,10,0.7975114271203656,0.7915185373285932,0.03564607964662253,0.05066023362112748,0.7670137125444388,0.8176739461655663,0.760284408329101,0.87201625190452,0.7778059928897918,0.8197054342305738,across_seed_bootstrap_exploratory
openml_1486_nomao,logistic_regression,global_split_cp,20,coverage_majority,10,0.9177497969130787,0.9131803411860276,0.01617713357611977,0.024725832656376956,0.9041429731925265,0.9288688058489034,0.9010966693744923,0.9510560519902518,0.9088946994313566,0.927761982128351,across_seed_bootstrap_exploratory
openml_1486_nomao,logistic_regression,global_split_cp,20,coverage_disparity,10,0.12023836979271314,0.11845985851370489,0.02123946323279636,0.025472195141674092,0.11026119102795187,0.13573338616962596,0.07903980008573175,0.15056043326310042,0.10752854871961379,0.13240949017240825,across_seed_bootstrap_exploratory
openml_1486_nomao,logistic_regression,global_split_cp,20,singleton_rate,10,0.9005657913825621,0.8909763528217032,0.0274764341158159,0.03431016973741474,0.8812563470187147,0.9155665167561294,0.8740751487015813,0.9605396779341361,0.8859709125199476,0.9178732047004207,across_seed_bootstrap_exploratory
openml_1486_nomao,logistic_regression,global_split_cp,20,average_set_size,10,0.9005657913825621,0.8909763528217032,0.0274764341158159,0.03431016973741474,0.8812563470187147,0.9155665167561294,0.8740751487015813,0.9605396779341361,0.885782678079211,0.918018642100682,across_seed_bootstrap_exploratory
openml_1486_nomao,logistic_regression,global_split_cp,20,empty_rate,10,0.09943420861743799,0.10902364717829682,0.027476434115815906,0.03431016973741477,0.0844334832438706,0.11874365298128536,0.03946032206586392,0.12592485129841868,0.08221384012766575,0.113869505295227,across_seed_bootstrap_exploratory
openml_1486_nomao,logistic_regression,global_split_cp,20,doubleton_rate,10,0.0,0.0,0.0,0.0,0.0,0.0,0.0,0.0,0.0,0.0,across_seed_bootstrap_exploratory
openml_1486_nomao,logistic_regression,global_split_cp,20,coverage_overall,10,0.8834034527781809,0.8755258958363556,0.021397528461248143,0.030030465689830255,0.8671840998114029,0.8972145655012331,0.8621790221964312,0.9284781662556216,0.8717826055418539,0.896982445959669,across_seed_bootstrap_exploratory
openml_1486_nomao,logistic_regression,global_split_cp,20,auroc,10,0.9882177353776387,0.9884155878340104,0.0009090115818454658,0.0010289720150553627,0.987639855617473,0.9886688276325284,0.9868213194028151,0.9899209992907945,0.9876898986483839,0.9887692406550105,across_seed_bootstrap_exploratory
openml_1486_nomao,logistic_regression,global_split_cp,20,auprc,10,0.9724030485058283,0.9726274977811574,0.0025101778247855096,0.0035288665098311967,0.9708336592695028,0.974362525779334,0.9678945985717128,0.9756452781963113,0.9708545870074647,0.9738218763467951,across_seed_bootstrap_exploratory
openml_1486_nomao,logistic_regression,global_split_cp,20,q_global,10,0.188137258551999,0.15889516351025185,0.06470596740546283,0.0760055453554512,0.14212818652301107,0.21813373187846227,0.1326573963640899,0.3365220171020189,0.15484363215016858,0.22982452498264075,across_seed_bootstrap_exploratory
openml_1486_nomao,logistic_regression,global_split_cp,50,coverage_minority,10,0.8106145251396649,0.8181818181818181,0.035003850363891816,0.05078720162519046,0.7781868969019807,0.8289740985271712,0.7633316404266125,0.8745556119857796,0.7900457084814626,0.8317927882173691,across_seed_bootstrap_exploratory
openml_1486_nomao,logistic_regression,global_split_cp,50,coverage_majority,10,0.9234159220146221,0.9258732737611697,0.014201393386404602,0.016906986190089346,0.9129772542648253,0.9298842404549147,0.9029244516653128,0.9516653127538587,0.9153934809098294,0.9320882412672623,across_seed_bootstrap_exploratory
openml_1486_nomao,logistic_regression,global_split_cp,50,coverage_disparity,10,0.11280139687495745,0.11038429120085946,0.02224396061363292,0.02512112500046415,0.10273792421856404,0.1278590492190282,0.0771097007680791,0.14913789653520715,0.0999284085081559,0.1260801168621348,across_seed_bootstrap_exploratory
openml_1486_nomao,logistic_regression,global_split_cp,50,singleton_rate,10,0.9101552299434207,0.9151312926156971,0.02571258482297649,0.03369360220513573,0.8869867982010735,0.9206804004062092,0.877266792398085,0.9621354997823879,0.8958508631945451,0.925953866241114,across_seed_bootstrap_exploratory
openml_1486_nomao,logistic_regression,global_split_cp,50,average_set_size,10,0.9101552299434207,0.9151312926156971,0.02571258482297649,0.03369360220513573,0.8869867982010735,0.9206804004062092,0.877266792398085,0.9621354997823879,0.8956477585956767,0.9259110692006384,across_seed_bootstrap_exploratory
openml_1486_nomao,logistic_regression,global_split_cp,50,empty_rate,10,0.08984477005657913,0.08486870738430291,0.025712584822976503,0.03369360220513565,0.0793195995937908,0.11301320179892645,0.03786450021761207,0.12273320760191499,0.07414768605832003,0.10438161903380237,across_seed_bootstrap_exploratory
openml_1486_nomao,logistic_regression,global_split_cp,50,doubleton_rate,10,0.0,0.0,0.0,0.0,0.0,0.0,0.0,0.0,0.0,0.0,across_seed_bootstrap_exploratory
openml_1486_nomao,logistic_regression,global_split_cp,50,coverage_overall,10,0.8911939648919193,0.8970694907877557,0.019826877508583574,0.02654867256637161,0.8731684317423474,0.899717104308719,0.8647903670390251,0.9296387639634411,0.8799067894965906,0.9028434643841579,across_seed_bootstrap_exploratory
openml_1486_nomao,logistic_regression,global_split_cp,50,auroc,10,0.9882177353776387,0.9884155878340104,0.0009090115818454658,0.0010289720150553627,0.987639855617473,0.9886688276325284,0.9868213194028151,0.9899209992907945,0.9876972570682293,0.9887604671246728,across_seed_bootstrap_exploratory
openml_1486_nomao,logistic_regression,global_split_cp,50,auprc,10,0.9724030485058283,0.9726274977811574,0.0025101778247855096,0.0035288665098311967,0.9708336592695028,0.974362525779334,0.9678945985717128,0.9756452781963113,0.9708452043040445,0.9738133831369857,across_seed_bootstrap_exploratory
openml_1486_nomao,logistic_regression,global_split_cp,50,q_global,10,0.20866655569823478,0.2049885421631727,0.06113638750562198,0.08118655465080155,0.1543593925881187,0.23554594723892025,0.1478904808399577,0.34295752256904655,0.1754033642298404,0.247817082040546,across_seed_bootstrap_exploratory
openml_1486_nomao,logistic_regression,global_split_cp,100,coverage_minority,10,0.8250888776028441,0.8161503301168106,0.03346324655712323,0.060690705942102685,0.7973590655154901,0.8580497714575928,0.7887252412392077,0.87201625190452,0.8061439817166073,0.8451498222447944,across_seed_bootstrap_exploratory
openml_1486_nomao,logistic_regression,global_split_cp,100,coverage_majority,10,0.9303614947197401,0.9286149471974005,0.013809728127792626,0.020511779041429756,0.9193237205523964,0.9398354995938262,0.9108448415922015,0.9510560519902518,0.9223395613322503,0.9387083671811535,across_seed_bootstrap_exploratory
openml_1486_nomao,logistic_regression,global_split_cp,100,coverage_disparity,10,0.10527261711689592,0.11155041650868724,0.020638340369398073,0.03464581393401128,0.08734581277881906,0.12199162671283034,0.07294873958212567,0.1265844183545194,0.09267405833266977,0.11677395677889493,across_seed_bootstrap_exploratory
openml_1486_nomao,logistic_regression,global_split_cp,100,singleton_rate,10,0.9228347599013492,0.9179602495285072,0.02647483900047846,0.04210793558682724,0.9005875525895837,0.9426954881764109,0.8881473959088931,0.9605396779341361,0.9076164224575656,0.9387498186566081,across_seed_bootstrap_exploratory
openml_1486_nomao,logistic_regression,global_split_cp,100,average_set_size,10,0.9228347599013492,0.9179602495285072,0.02647483900047846,0.04210793558682724,0.9005875525895837,0.9426954881764109,0.8881473959088931,0.9605396779341361,0.9077031045988683,0.9387349484984767,across_seed_bootstrap_exploratory
openml_1486_nomao,logistic_regression,global_split_cp,100,empty_rate,10,0.0771652400986508,0.08203975047149281,0.02647483900047846,0.042107935586827204,0.05730451182358915,0.09941244741041635,0.03946032206586392,0.11185260409110692,0.061221166400696345,0.09229653271434789,across_seed_bootstrap_exploratory
openml_1486_nomao,logistic_regression,global_split_cp,100,doubleton_rate,10,0.0,0.0,0.0,0.0,0.0,0.0,0.0,0.0,0.0,0.0,across_seed_bootstrap_exploratory
openml_1486_nomao,logistic_regression,global_split_cp,100,coverage_overall,10,0.900290149426955,0.8959814304366749,0.01921423773055683,0.032170317713622554,0.8847381401421732,0.9169084578557958,0.875961119976788,0.9284781662556216,0.8893221384012767,0.9117220368489771,across_seed_bootstrap_exploratory
openml_1486_nomao,logistic_regression,global_split_cp,100,auroc,10,0.9882177353776387,0.9884155878340104,0.0009090115818454658,0.0010289720150553627,0.987639855617473,0.9886688276325284,0.9868213194028151,0.9899209992907945,0.9876922513211479,0.9887544126796376,across_seed_bootstrap_exploratory
openml_1486_nomao,logistic_regression,global_split_cp,100,auprc,10,0.9724030485058283,0.9726274977811574,0.0025101778247855096,0.0035288665098311967,0.9708336592695028,0.974362525779334,0.9678945985717128,0.9756452781963113,0.9708565574608483,0.9738225437358861,across_seed_bootstrap_exploratory
openml_1486_nomao,logistic_regression,global_split_cp,100,q_global,10,0.24001651813311958,0.22198566050019858,0.06757240300361006,0.09505511308612569,0.19034119421207407,0.28539630729819976,0.15244730044807853,0.3394486586134442,0.20182675072392425,0.2808080803652643,across_seed_bootstrap_exploratory
openml_1486_nomao,logistic_regression,class_conditional_cp,10,coverage_minority,10,0.8937531742001015,0.9088369730827832,0.05367865256156312,0.048247841543930914,0.8692229558151345,0.9174707973590654,0.7998984255967496,0.9700355510411376,0.8619083291010665,0.9244286439817164,across_seed_bootstrap_exploratory
openml_1486_nomao,logistic_regression,class_conditional_cp,10,coverage_majority,10,0.9056051990251829,0.9016043866774979,0.016979275805769998,0.015383834281072262,0.8945471161657189,0.9099309504467912,0.8911454102355808,0.9486190089358245,0.8972786352558895,0.9169983753046305,across_seed_bootstrap_exploratory
openml_1486_nomao,logistic_regression,class_conditional_cp,10,coverage_disparity,10,0.04588349308679331,0.04321997046833559,0.03625434795275945,0.052780527089464235,0.014316209740003388,0.06709673682946762,0.004540833776500941,0.10180750454134946,0.02489564024260691,0.06758720360551998,across_seed_bootstrap_exploratory
openml_1486_nomao,logistic_regression,class_conditional_cp,10,singleton_rate,10,0.9357173944581458,0.931524735238648,0.032897853646024336,0.043631220078340305,0.9129189032351661,0.9565501233135064,0.8864064993471638,0.9966632815900188,0.9166397069490788,0.9553750181343391,across_seed_bootstrap_exploratory
openml_1486_nomao,logistic_regression,class_conditional_cp,10,average_set_size,10,0.9357173944581458,0.931524735238648,0.032897853646024336,0.043631220078340305,0.9129189032351661,0.9565501233135064,0.8864064993471638,0.9966632815900188,0.916944726534165,0.955549107790512,across_seed_bootstrap_exploratory
openml_1486_nomao,logistic_regression,class_conditional_cp,10,empty_rate,10,0.06428260554185405,0.0684752647613521,0.03289785364602434,0.043631220078340346,0.04344987668649354,0.08708109676483389,0.0033367184099811404,0.11359350065283622,0.04443638473814014,0.08311330335122588,across_seed_bootstrap_exploratory
openml_1486_nomao,logistic_regression,class_conditional_cp,10,doubleton_rate,10,0.0,0.0,0.0,0.0,0.0,0.0,0.0,0.0,0.0,0.0,across_seed_bootstrap_exploratory
openml_1486_nomao,logistic_regression,class_conditional_cp,10,coverage_overall,10,0.9022196431162047,0.9030900913970694,0.017757682235263347,0.024082402437255124,0.8891629189032352,0.9132453213404903,0.8726244015668069,0.9305092122443058,0.8917597562744815,0.9126505150152328,across_seed_bootstrap_exploratory
openml_1486_nomao,logistic_regression,class_conditional_cp,10,auroc,10,0.9882177353776387,0.9884155878340104,0.0009090115818454658,0.0010289720150553627,0.987639855617473,0.9886688276325284,0.9868213194028151,0.9899209992907945,0.9876898305745555,0.9887628780727598,across_seed_bootstrap_exploratory
openml_1486_nomao,logistic_regression,class_conditional_cp,10,auprc,10,0.9724030485058283,0.9726274977811574,0.0025101778247855096,0.0035288665098311967,0.9708336592695028,0.974362525779334,0.9678945985717128,0.9756452781963113,0.9708869422564493,0.9738047252635982,across_seed_bootstrap_exploratory
openml_1486_nomao,logistic_regression,class_conditional_cp,10,q_minority,10,0.47935117687345274,0.4811706750011045,0.20401325765039227,0.16247856306908998,0.38046048288355133,0.5429390459526413,0.1955633264264114,0.8557513440784564,0.36196922065649656,0.600855818516338,across_seed_bootstrap_exploratory
openml_1486_nomao,logistic_regression,class_conditional_cp,10,q_majority,10,0.14892136118022448,0.12840137796630996,0.06361299380649137,0.03641118569662427,0.11778652913644577,0.15419771483307004,0.10365551425908426,0.32117314747516756,0.12097518356640583,0.1913895784298253,across_seed_bootstrap_exploratory
openml_1486_nomao,logistic_regression,class_conditional_cp,10,threshold_gap,10,0.33042981569322827,0.35175840962092875,0.22552773362182657,0.288332108659587,0.12331449277362913,0.41164660143321613,0.0515473838365369,0.7221194857393344,0.1997637048198205,0.4666727030770337,across_seed_bootstrap_exploratory
openml_1486_nomao,logistic_regression,class_conditional_cp,10,threshold_sum,10,0.6282725380536772,0.6260323221098045,0.2011797353703959,0.19779878332220102,0.5203727121986303,0.7181714955208314,0.31752583452529215,0.9893832024175785,0.5099296729490129,0.7464637712717439,across_seed_bootstrap_exploratory
openml_1486_nomao,logistic_regression,class_conditional_cp,20,coverage_minority,10,0.8869476891823261,0.8826815642458101,0.04081429231074641,0.06691213814118835,0.8525901472828847,0.9195022854240731,0.8359573387506348,0.9507364144235653,0.8632300660233622,0.9114271203656678,across_seed_bootstrap_exploratory
openml_1486_nomao,logistic_regression,class_conditional_cp,20,coverage_majority,10,0.9056051990251829,0.9016043866774979,0.016979275805769998,0.015383834281072262,0.8945471161657189,0.9099309504467912,0.8911454102355808,0.9486190089358245,0.8972583265637691,0.9167343623070673,across_seed_bootstrap_exploratory
openml_1486_nomao,logistic_regression,class_conditional_cp,20,coverage_disparity,10,0.04006575931817254,0.04310053184225521,0.020916286953259384,0.025554579945285205,0.030944428445948746,0.05649900839123395,0.0005789369673481204,0.06574859138746425,0.027145577996310823,0.05167689639245842,across_seed_bootstrap_exploratory
openml_1486_nomao,logistic_regression,class_conditional_cp,20,singleton_rate,10,0.9291164949949223,0.9209342811547947,0.02777187958163413,0.05229943420861749,0.9039242709995647,0.9562237052081822,0.8975772522849267,0.96938923545626,0.9134339184680111,0.9452923255476572,across_seed_bootstrap_exploratory
openml_1486_nomao,logistic_regression,class_conditional_cp,20,average_set_size,10,0.9291164949949223,0.9209342811547947,0.02777187958163413,0.05229943420861749,0.9039242709995647,0.9562237052081822,0.8975772522849267,0.96938923545626,0.91337588858262,0.9457275496880895,across_seed_bootstrap_exploratory
openml_1486_nomao,logistic_regression,class_conditional_cp,20,empty_rate,10,0.07088350500507762,0.07906571884520527,0.027771879581634105,0.05229943420861745,0.043776294791817785,0.09607572900043523,0.030610764543740027,0.10242274771507326,0.05447555491077906,0.08665312636007542,across_seed_bootstrap_exploratory
openml_1486_nomao,logistic_regression,class_conditional_cp,20,doubleton_rate,10,0.0,0.0,0.0,0.0,0.0,0.0,0.0,0.0,0.0,0.0,across_seed_bootstrap_exploratory
openml_1486_nomao,logistic_regression,class_conditional_cp,20,coverage_overall,10,0.9002756419556069,0.8987378499927463,0.017535073121597657,0.0257144929638764,0.8854635137095604,0.9111780066734368,0.8782823153924271,0.9328304076599448,0.890309009139707,0.9107649064268097,across_seed_bootstrap_exploratory
openml_1486_nomao,logistic_regression,class_conditional_cp,20,auroc,10,0.9882177353776387,0.9884155878340104,0.0009090115818454658,0.0010289720150553627,0.987639855617473,0.9886688276325284,0.9868213194028151,0.9899209992907945,0.9876909831882399,0.9887527001329296,across_seed_bootstrap_exploratory
openml_1486_nomao,logistic_regression,class_conditional_cp,20,auprc,10,0.9724030485058283,0.9726274977811574,0.0025101778247855096,0.0035288665098311967,0.9708336592695028,0.974362525779334,0.9678945985717128,0.9756452781963113,0.9708772270433582,0.9738100885703381,across_seed_bootstrap_exploratory
openml_1486_nomao,logistic_regression,class_conditional_cp,20,q_minority,10,0.43159853128971903,0.3813536310548903,0.16552999557736026,0.23701022314019182,0.3031654349505837,0.5401756580907755,0.2579365778000241,0.7162561274737396,0.33915452946433583,0.5325813971115154,across_seed_bootstrap_exploratory
openml_1486_nomao,logistic_regression,class_conditional_cp,20,q_majority,10,0.14892136118022448,0.12840137796630996,0.06361299380649137,0.03641118569662427,0.11778652913644577,0.15419771483307004,0.10365551425908426,0.32117314747516756,0.12085130737131641,0.19155576286131049,across_seed_bootstrap_exploratory
openml_1486_nomao,logistic_regression,class_conditional_cp,20,threshold_gap,10,0.28267717010949467,0.1943448426229245,0.17616432927719883,0.22974164831205254,0.15506938407984097,0.3848110323918935,0.12405581236557328,0.6126006132146553,0.1872349711258278,0.39406667916071425,across_seed_bootstrap_exploratory
openml_1486_nomao,logistic_regression,class_conditional_cp,20,threshold_sum,10,0.5805198924699435,0.5160854907286904,0.17849289600442336,0.3210120061707874,0.4375258572715591,0.7585378634423465,0.37989908589890486,0.8199116417328238,0.4785167564622141,0.6860716637540195,across_seed_bootstrap_exploratory
openml_1486_nomao,logistic_regression,class_conditional_cp,50,coverage_minority,10,0.8826307770441849,0.8880142204164551,0.038954846756834444,0.047359065515490184,0.8569070594210259,0.904266124936516,0.8186896901980701,0.9370238699847638,0.8593194514982224,0.904723209751143,across_seed_bootstrap_exploratory
openml_1486_nomao,logistic_regression,class_conditional_cp,50,coverage_majority,10,0.9056051990251829,0.9016043866774979,0.016979275805769998,0.015383834281072262,0.8945471161657189,0.9099309504467912,0.8911454102355808,0.9486190089358245,0.8972984362307067,0.9168562144597887,across_seed_bootstrap_exploratory
openml_1486_nomao,logistic_regression,class_conditional_cp,50,coverage_disparity,10,0.03513940076052907,0.025241517691562854,0.03227925468616383,0.049594388282390045,0.00913555933376764,0.058729947616157685,0.001962589099358425,0.0949983682909632,0.017301798923113322,0.05505742336846624,across_seed_bootstrap_exploratory
openml_1486_nomao,logistic_regression,class_conditional_cp,50,singleton_rate,10,0.9262730306107645,0.9209342811547947,0.024804221938037573,0.04156390541128685,0.9054112868127085,0.9469751922239954,0.8975772522849267,0.9653271434788916,0.9119396489191933,0.9410706513854634,across_seed_bootstrap_exploratory
openml_1486_nomao,logistic_regression,class_conditional_cp,50,average_set_size,10,0.9262730306107645,0.9209342811547947,0.024804221938037573,0.04156390541128685,0.9054112868127085,0.9469751922239954,0.8975772522849267,0.9653271434788916,0.9122297983461483,0.9412160887857246,across_seed_bootstrap_exploratory
openml_1486_nomao,logistic_regression,class_conditional_cp,50,empty_rate,10,0.07372696938923547,0.07906571884520527,0.024804221938037548,0.04156390541128681,0.05302480777600464,0.09458871318729145,0.034672856521108374,0.10242274771507326,0.05858116930219063,0.08797330625272015,across_seed_bootstrap_exploratory
openml_1486_nomao,logistic_regression,class_conditional_cp,50,doubleton_rate,10,0.0,0.0,0.0,0.0,0.0,0.0,0.0,0.0,0.0,0.0,across_seed_bootstrap_exploratory
openml_1486_nomao,logistic_regression,class_conditional_cp,50,coverage_overall,10,0.899042506891049,0.8944581459451617,0.016325249765196996,0.02157986362976927,0.8879660525170463,0.9095459161468156,0.879587987813724,0.9305092122443058,0.8901059045408385,0.9091400696358625,across_seed_bootstrap_exploratory
openml_1486_nomao,logistic_regression,class_conditional_cp,50,auroc,10,0.9882177353776387,0.9884155878340104,0.0009090115818454658,0.0010289720150553627,0.987639855617473,0.9886688276325284,0.9868213194028151,0.9899209992907945,0.9876858641137054,0.9887468056871763,across_seed_bootstrap_exploratory
openml_1486_nomao,logistic_regression,class_conditional_cp,50,auprc,10,0.9724030485058283,0.9726274977811574,0.0025101778247855096,0.0035288665098311967,0.9708336592695028,0.974362525779334,0.9678945985717128,0.9756452781963113,0.9708903276639747,0.9738290297032922,across_seed_bootstrap_exploratory
openml_1486_nomao,logistic_regression,class_conditional_cp,50,q_minority,10,0.4152402148162456,0.41756000047079034,0.13999251507542435,0.1547370297442079,0.322762439119165,0.4774994688633729,0.21225321352501858,0.6608473904176004,0.3341149081069187,0.4985547021253092,across_seed_bootstrap_exploratory
openml_1486_nomao,logistic_regression,class_conditional_cp,50,q_majority,10,0.14892136118022448,0.12840137796630996,0.06361299380649137,0.03641118569662427,0.11778652913644577,0.15419771483307004,0.10365551425908426,0.32117314747516756,0.12086826257859354,0.191402157207855,across_seed_bootstrap_exploratory
openml_1486_nomao,logistic_regression,class_conditional_cp,50,threshold_gap,10,0.26631885363602115,0.28493671086728395,0.15474398061971822,0.2184301727756881,0.1426019875324801,0.3610321603081682,0.05187413813654307,0.5272155320784784,0.17759801380528048,0.35744942297866145,across_seed_bootstrap_exploratory
openml_1486_nomao,logistic_regression,class_conditional_cp,50,threshold_sum,10,0.5641615759964701,0.5636791006598283,0.1527852577256704,0.25255855780644454,0.440851065629265,0.6934096234357096,0.36955243560772455,0.7944792487567225,0.4761064225447048,0.6550659913588286,across_seed_bootstrap_exploratory
openml_1486_nomao,logistic_regression,class_conditional_cp,100,coverage_minority,10,0.8787709497206704,0.8844591163026918,0.04003361101279817,0.0666582021330625,0.8448450990350431,0.9115033011681056,0.8186896901980701,0.9370238699847638,0.8555104113763331,0.9019807008633822,across_seed_bootstrap_exploratory
openml_1486_nomao,logistic_regression,class_conditional_cp,100,coverage_majority,10,0.9056051990251829,0.9016043866774979,0.016979275805769998,0.015383834281072262,0.8945471161657189,0.9099309504467912,0.8911454102355808,0.9486190089358245,0.8974411047928514,0.9169379569455728,across_seed_bootstrap_exploratory
openml_1486_nomao,logistic_regression,class_conditional_cp,100,coverage_disparity,10,0.03960867450354581,0.04027567425064127,0.03176844189753867,0.05234789728195638,0.009388644419039416,0.061736541700995795,0.001962589099358425,0.0949983682909632,0.021294968436434882,0.05874731881944299,across_seed_bootstrap_exploratory
openml_1486_nomao,logistic_regression,class_conditional_cp,100,singleton_rate,10,0.9246191788771216,0.9209342811547947,0.024817643647409227,0.044610474394313204,0.9010953140867546,0.9457057884810678,0.8987378499927463,0.9609749020745684,0.9107210213259828,0.9395332221093864,across_seed_bootstrap_exploratory
openml_1486_nomao,logistic_regression,class_conditional_cp,100,average_set_size,10,0.9246191788771216,0.9209342811547947,0.024817643647409227,0.044610474394313204,0.9010953140867546,0.9457057884810678,0.8987378499927463,0.9609749020745684,0.9103293195995938,0.9395332221093863,across_seed_bootstrap_exploratory
openml_1486_nomao,logistic_regression,class_conditional_cp,100,empty_rate,10,0.07538082112287828,0.07906571884520527,0.02481764364740922,0.044610474394313065,0.05429421151893225,0.09890468591324532,0.039025097925431594,0.10126215000725373,0.06051066299144059,0.08959886841723483,across_seed_bootstrap_exploratory
openml_1486_nomao,logistic_regression,class_conditional_cp,100,doubleton_rate,10,0.0,0.0,0.0,0.0,0.0,0.0,0.0,0.0,0.0,0.0,across_seed_bootstrap_exploratory
openml_1486_nomao,logistic_regression,class_conditional_cp,100,coverage_overall,10,0.8979399390686202,0.8927897867401712,0.016290375200525866,0.025641955607137668,0.8845930654286958,0.9102350210358334,0.8794429131002466,0.9284781662556216,0.8890178441897577,0.907689322501088,across_seed_bootstrap_exploratory
openml_1486_nomao,logistic_regression,class_conditional_cp,100,auroc,10,0.9882177353776387,0.9884155878340104,0.0009090115818454658,0.0010289720150553627,0.987639855617473,0.9886688276325284,0.9868213194028151,0.9899209992907945,0.9876957896130889,0.9887516920472027,across_seed_bootstrap_exploratory
openml_1486_nomao,logistic_regression,class_conditional_cp,100,auprc,10,0.9724030485058283,0.9726274977811574,0.0025101778247855096,0.0035288665098311967,0.9708336592695028,0.974362525779334,0.9678945985717128,0.9756452781963113,0.9708951375284404,0.9738285615160016,across_seed_bootstrap_exploratory
openml_1486_nomao,logistic_regression,class_conditional_cp,100,q_minority,10,0.4017263851807117,0.3970514008199114,0.14961610626647495,0.23491764352502814,0.275643355651182,0.5105609991762101,0.2119264592250124,0.6578439928019626,0.31619719601676194,0.4902290057849929,across_seed_bootstrap_exploratory
openml_1486_nomao,logistic_regression,class_conditional_cp,100,q_majority,10,0.14892136118022448,0.12840137796630996,0.06361299380649137,0.03641118569662427,0.11778652913644577,0.15419771483307004,0.10365551425908426,0.32117314747516756,0.12068486190714128,0.1919367759259083,across_seed_bootstrap_exploratory
openml_1486_nomao,logistic_regression,class_conditional_cp,100,threshold_gap,10,0.2528050240004872,0.26162666412803837,0.1669401779314469,0.26093713074781266,0.11894817117680856,0.3798853019246212,0.03751889290716892,0.5242121344628405,0.1577404016796783,0.35082038156041656,across_seed_bootstrap_exploratory
openml_1486_nomao,logistic_regression,class_conditional_cp,100,threshold_sum,10,0.550647746360936,0.5636791006598283,0.15809541885503367,0.2779337565822356,0.3962138707625844,0.67414762734482,0.35729565887813564,0.7914758511410847,0.45927457312113784,0.6443520272583152,across_seed_bootstrap_exploratory
openml_1486_nomao,xgboost,global_split_cp,10,coverage_minority,10,0.7726256983240223,0.7783138649060437,0.042994531718086565,0.05396140172676489,0.7468257998984256,0.8007872016251905,0.6896901980700864,0.8410360589131539,0.7464690198070085,0.7970035551041138,across_seed_bootstrap_exploratory
openml_1486_nomao,xgboost,global_split_cp,10,coverage_majority,10,0.9151096669374491,0.9174451665312754,0.01815808580554208,0.02442120227457345,0.9001827782290821,0.9246039805036556,0.8895207148659626,0.9510560519902518,0.904813160032494,0.926157595450853,across_seed_bootstrap_exploratory
openml_1486_nomao,xgboost,global_split_cp,10,coverage_disparity,10,0.14248396861342688,0.13090751902250936,0.028751486889148158,0.03136736289002695,0.12549224597838382,0.15685960886841077,0.11001999307709787,0.20896942824997866,0.12768248014822764,0.16119669329316016,across_seed_bootstrap_exploratory
openml_1486_nomao,xgboost,global_split_cp,10,singleton_rate,10,0.8787610619469026,0.8825620194400117,0.025796846897443645,0.03645002176120704,0.8572102132598288,0.8936602350210359,0.8418685623095894,0.9278978674017119,0.8641661830842884,0.8940522994342086,across_seed_bootstrap_exploratory
openml_1486_nomao,xgboost,global_split_cp,10,average_set_size,10,0.8787610619469026,0.8825620194400117,0.025796846897443645,0.03645002176120704,0.8572102132598288,0.8936602350210359,0.8418685623095894,0.9278978674017119,0.8641516756129407,0.8945596982445959,across_seed_bootstrap_exploratory
openml_1486_nomao,xgboost,global_split_cp,10,empty_rate,10,0.12123893805309735,0.11743798055998839,0.025796846897443656,0.03645002176120701,0.10633976497896416,0.14278978674017118,0.07210213259828811,0.15813143769041055,0.10571594371101119,0.13594951399970984,across_seed_bootstrap_exploratory
openml_1486_nomao,xgboost,global_split_cp,10,doubleton_rate,10,0.0,0.0,0.0,0.0,0.0,0.0,0.0,0.0,0.0,0.0,across_seed_bootstrap_exploratory
openml_1486_nomao,xgboost,global_split_cp,10,coverage_overall,10,0.8744088205425793,0.8777020165385173,0.024390300742647784,0.035470767445234364,0.8539823008849557,0.8894530683301901,0.8389670680400406,0.9196286087334977,0.8603946032206586,0.8887860873349775,across_seed_bootstrap_exploratory
openml_1486_nomao,xgboost,global_split_cp,10,auroc,10,0.9954645038304936,0.9956159423130002,0.0006606803952302554,0.000932095737381955,0.9948993621276,0.995831457864982,0.9945500711887216,0.9965996607035369,0.9950657510667993,0.9958503722039705,across_seed_bootstrap_exploratory
openml_1486_nomao,xgboost,global_split_cp,10,auprc,10,0.9894200998219438,0.9895815850237699,0.0014622198190801922,0.0020174614570331872,0.9882821815402709,0.9902996429973041,0.9871876426342879,0.9918517030395796,0.9885455073949091,0.9902703887441627,across_seed_bootstrap_exploratory
openml_1486_nomao,xgboost,global_split_cp,10,q_global,10,0.06744173765182496,0.06425109505653381,0.02683827278852396,0.028993964195251465,0.049284979701042175,0.07827894389629364,0.03615522384643555,0.13024932146072388,0.05352248877286911,0.08451991453766822,across_seed_bootstrap_exploratory
openml_1486_nomao,xgboost,global_split_cp,20,coverage_minority,10,0.78796343321483,0.7915185373285932,0.039568593833479854,0.041264601320467276,0.7632046724225495,0.8044692737430168,0.7353986795327577,0.8699847638395124,0.7656157948197053,0.8118346876587098,across_seed_bootstrap_exploratory
openml_1486_nomao,xgboost,global_split_cp,20,coverage_majority,10,0.9207757920389927,0.92231925264013,0.018902593920448702,0.013099106417546635,0.914906580016247,0.9280056864337937,0.8895207148659626,0.9597887896019497,0.9099918765231519,0.9322705117790415,across_seed_bootstrap_exploratory
openml_1486_nomao,xgboost,global_split_cp,20,coverage_disparity,10,0.13281235882416284,0.1304503413799349,0.02400100317290141,0.01442621085806442,0.12211480424236096,0.13654101510042538,0.08980402576243729,0.17757811059232897,0.11912871481975497,0.1470761749233344,across_seed_bootstrap_exploratory
openml_1486_nomao,xgboost,global_split_cp,20,singleton_rate,10,0.8878427390105905,0.8900333671840999,0.026221979671557292,0.0257144929638764,0.8711373857536631,0.8968518787175395,0.8547802118090817,0.9448716088785725,0.8734513274336283,0.9042223995357609,across_seed_bootstrap_exploratory
openml_1486_nomao,xgboost,global_split_cp,20,average_set_size,10,0.8878427390105905,0.8900333671840999,0.026221979671557292,0.0257144929638764,0.8711373857536631,0.8968518787175395,0.8547802118090817,0.9448716088785725,0.8734078050195851,0.9042651965762367,across_seed_bootstrap_exploratory
openml_1486_nomao,xgboost,global_split_cp,20,empty_rate,10,0.11215726098940955,0.10996663281590019,0.0262219796715573,0.025714492963876387,0.10314812128246047,0.12886261424633685,0.055128391121427534,0.14521978819091833,0.0960539677934136,0.12665022486580588,across_seed_bootstrap_exploratory
openml_1486_nomao,xgboost,global_split_cp,20,doubleton_rate,10,0.0,0.0,0.0,0.0,0.0,0.0,0.0,0.0,0.0,0.0,across_seed_bootstrap_exploratory
openml_1486_nomao,xgboost,global_split_cp,20,coverage_overall,10,0.8828376613956188,0.8849557522123894,0.02418542400504247,0.0257144929638764,0.867002756419556,0.8927172493834324,0.8520237922530103,0.9341360800812418,0.869331205570869,0.8977078195270565,across_seed_bootstrap_exploratory
openml_1486_nomao,xgboost,global_split_cp,20,auroc,10,0.9954645038304936,0.9956159423130002,0.0006606803952302554,0.000932095737381955,0.9948993621276,0.995831457864982,0.9945500711887216,0.9965996607035369,0.9950784994382877,0.9958522006566854,across_seed_bootstrap_exploratory
openml_1486_nomao,xgboost,global_split_cp,20,auprc,10,0.9894200998219438,0.9895815850237699,0.0014622198190801922,0.0020174614570331872,0.9882821815402709,0.9902996429973041,0.9871876426342879,0.9918517030395796,0.9885524044332133,0.9902598135472783,across_seed_bootstrap_exploratory
openml_1486_nomao,xgboost,global_split_cp,20,q_global,10,0.0790093183517456,0.07208573818206787,0.03907687668411831,0.024820685386657715,0.054901525378227234,0.07972221076488495,0.04449582099914551,0.18145006895065308,0.06053468033671379,0.10478413477540012,across_seed_bootstrap_exploratory
openml_1486_nomao,xgboost,global_split_cp,50,coverage_minority,10,0.8057897409852718,0.8075165058405283,0.041959641632652256,0.02996444895886241,0.7868207211782631,0.8167851701371255,0.7425088877602845,0.8816658202133062,0.7813610970035552,0.8308798882681563,across_seed_bootstrap_exploratory
openml_1486_nomao,xgboost,global_split_cp,50,coverage_majority,10,0.9279041429731925,0.9239439480097482,0.017656237758459092,0.013657595450852988,0.9199837530463038,0.9336413484971567,0.9004874086108855,0.9628350934199837,0.9180945369618195,0.9387286758732737,across_seed_bootstrap_exploratory
openml_1486_nomao,xgboost,global_split_cp,50,coverage_disparity,10,0.12211440198792081,0.120539256113958,0.027301520375083273,0.029176442824791565,0.10398658904324914,0.1331630318680407,0.08116927320667755,0.16772297995040097,0.10628827528354809,0.1381346623579371,across_seed_bootstrap_exploratory
openml_1486_nomao,xgboost,global_split_cp,50,singleton_rate,10,0.8988684172348759,0.8934426229508197,0.026178512185153928,0.018460757290004293,0.8860438125634702,0.9045045698534745,0.85884230378645,0.9505295227041927,0.8843609458871319,0.9149426954881763,across_seed_bootstrap_exploratory
openml_1486_nomao,xgboost,global_split_cp,50,average_set_size,10,0.8988684172348759,0.8934426229508197,0.026178512185153928,0.018460757290004293,0.8860438125634702,0.9045045698534745,0.85884230378645,0.9505295227041927,0.8844334832438706,0.9147551864210067,across_seed_bootstrap_exploratory
openml_1486_nomao,xgboost,global_split_cp,50,empty_rate,10,0.10113158276512405,0.10655737704918034,0.02617851218515392,0.018460757290004348,0.09549543014652546,0.11395618743652981,0.04947047729580734,0.14115769621354998,0.08497025968373713,0.11559589438560855,across_seed_bootstrap_exploratory
openml_1486_nomao,xgboost,global_split_cp,50,doubleton_rate,10,0.0,0.0,0.0,0.0,0.0,0.0,0.0,0.0,0.0,0.0,across_seed_bootstrap_exploratory
openml_1486_nomao,xgboost,global_split_cp,50,coverage_overall,10,0.8930219062817351,0.8874945596982446,0.02394823759146249,0.018315682576526826,0.8819454519077325,0.9002611344842594,0.8553605106629915,0.9396489191933846,0.879428405628899,0.9076309299289134,across_seed_bootstrap_exploratory
openml_1486_nomao,xgboost,global_split_cp,50,auroc,10,0.9954645038304936,0.9956159423130002,0.0006606803952302554,0.000932095737381955,0.9948993621276,0.995831457864982,0.9945500711887216,0.9965996607035369,0.9950711925895243,0.9958523790926295,across_seed_bootstrap_exploratory
openml_1486_nomao,xgboost,global_split_cp,50,auprc,10,0.9894200998219438,0.9895815850237699,0.0014622198190801922,0.0020174614570331872,0.9882821815402709,0.9902996429973041,0.9871876426342879,0.9918517030395796,0.9885409260131782,0.990259746987412,across_seed_bootstrap_exploratory
openml_1486_nomao,xgboost,global_split_cp,50,q_global,10,0.09499797224998474,0.07898488640785217,0.04741888043335343,0.02391296625137329,0.06791791319847107,0.09183087944984436,0.054099857807159424,0.20250964164733887,0.07070616975426673,0.12588701844215394,across_seed_bootstrap_exploratory
openml_1486_nomao,xgboost,global_split_cp,100,coverage_minority,10,0.8305738953783648,0.8377348908075165,0.024809257754873394,0.034408329101066504,0.8114525139664804,0.8458608430675469,0.7877094972067039,0.8649060436769934,0.8154393092940578,0.8448958862366684,across_seed_bootstrap_exploratory
openml_1486_nomao,xgboost,global_split_cp,100,coverage_majority,10,0.9377538586515028,0.9394800974817221,0.01158100089053808,0.014673030056864378,0.9283103168155971,0.9429833468724614,0.9224207961007311,0.9581640942323314,0.9310722989439479,0.9446181965881397,across_seed_bootstrap_exploratory
openml_1486_nomao,xgboost,global_split_cp,100,coverage_disparity,10,0.1071799632731382,0.10321735478305283,0.017163958305902758,0.026544280581342283,0.0937416583774747,0.12028593895881698,0.08514292822254288,0.13471129889402722,0.09753118477547398,0.11763373309860928,across_seed_bootstrap_exploratory
openml_1486_nomao,xgboost,global_split_cp,100,singleton_rate,10,0.9142028144494414,0.9144784564050485,0.01621497216267805,0.01976642971130138,0.9037429276077179,0.9235093573190193,0.88945306833019,0.9416799651820688,0.9047439431307123,0.9238502828956913,across_seed_bootstrap_exploratory
openml_1486_nomao,xgboost,global_split_cp,100,average_set_size,10,0.9142028144494414,0.9144784564050485,0.01621497216267805,0.01976642971130138,0.9037429276077179,0.9235093573190193,0.88945306833019,0.9416799651820688,0.9047439431307123,0.9239521978819092,across_seed_bootstrap_exploratory
openml_1486_nomao,xgboost,global_split_cp,100,empty_rate,10,0.08579718555055854,0.0855215435949514,0.016214972162678042,0.01976642971130131,0.07649064268098071,0.09625707239228203,0.058320034817931236,0.11054693166980996,0.0761497171043087,0.09518351951254897,across_seed_bootstrap_exploratory
openml_1486_nomao,xgboost,global_split_cp,100,doubleton_rate,10,0.0,0.0,0.0,0.0,0.0,0.0,0.0,0.0,0.0,0.0,across_seed_bootstrap_exploratory
openml_1486_nomao,xgboost,global_split_cp,100,coverage_overall,10,0.9071376759030901,0.9079500942985638,0.014543445572515832,0.01646597997968957,0.8987741186711156,0.9152400986508051,0.8839402292180473,0.9315247352386479,0.8986653126360077,0.915769621354998,across_seed_bootstrap_exploratory
openml_1486_nomao,xgboost,global_split_cp,100,auroc,10,0.9954645038304936,0.9956159423130002,0.0006606803952302554,0.000932095737381955,0.9948993621276,0.995831457864982,0.9945500711887216,0.9965996607035369,0.995072335404703,0.9958482392240161,across_seed_bootstrap_exploratory
openml_1486_nomao,xgboost,global_split_cp,100,auprc,10,0.9894200998219438,0.9895815850237699,0.0014622198190801922,0.0020174614570331872,0.9882821815402709,0.9902996429973041,0.9871876426342879,0.9918517030395796,0.9885547172637477,0.9902604523177468,across_seed_bootstrap_exploratory
openml_1486_nomao,xgboost,global_split_cp,100,q_global,10,0.11313191652297974,0.1096411645412445,0.03217155869342011,0.03869764506816864,0.08804334700107574,0.12674099206924438,0.0766451358795166,0.1725093126296997,0.09534364417195319,0.13292485073208807,across_seed_bootstrap_exploratory
openml_1486_nomao,xgboost,class_conditional_cp,10,coverage_minority,10,0.9007110208227527,0.9281361097003555,0.0641914199690549,0.05954799390553567,0.8825545962417471,0.9421025901472828,0.7546978161503302,0.9608938547486033,0.859368969019807,0.9341797866937531,across_seed_bootstrap_exploratory
openml_1486_nomao,xgboost,class_conditional_cp,10,coverage_majority,10,0.9108448415922015,0.9110479285134037,0.020829806647391324,0.02584281072298944,0.8962225832656378,0.9220653939886272,0.8785540211210398,0.9510560519902518,0.8989434402924451,0.9234159220146221,across_seed_bootstrap_exploratory
openml_1486_nomao,xgboost,class_conditional_cp,10,coverage_disparity,10,0.047057230286335,0.037327819628283854,0.041094044332068334,0.03369894308161564,0.022615930761077735,0.056314873842693375,0.0022110585727846965,0.1405093325092962,0.0254194696409291,0.07360995279595713,across_seed_bootstrap_exploratory
openml_1486_nomao,xgboost,class_conditional_cp,10,singleton_rate,10,0.9200928478166256,0.9275351806180183,0.0300048583907439,0.029486435514289866,0.903343972145655,0.9328304076599448,0.8586972290729726,0.9651820687654142,0.9019585086319456,0.9370669519802699,across_seed_bootstrap_exploratory
openml_1486_nomao,xgboost,class_conditional_cp,10,average_set_size,10,0.9200928478166256,0.9275351806180183,0.0300048583907439,0.029486435514289866,0.903343972145655,0.9328304076599448,0.8586972290729726,0.9651820687654142,0.901595821848252,0.9370230668794427,across_seed_bootstrap_exploratory
openml_1486_nomao,xgboost,class_conditional_cp,10,empty_rate,10,0.07990715218337444,0.07246481938198172,0.030004858390743912,0.029486435514289866,0.06716959234005512,0.09665602785434499,0.03481793123458581,0.14130277092702742,0.06302009284781662,0.09854925286522558,across_seed_bootstrap_exploratory
openml_1486_nomao,xgboost,class_conditional_cp,10,doubleton_rate,10,0.0,0.0,0.0,0.0,0.0,0.0,0.0,0.0,0.0,0.0,across_seed_bootstrap_exploratory
openml_1486_nomao,xgboost,class_conditional_cp,10,coverage_overall,10,0.9079500942985638,0.9110692006383287,0.02576066976931407,0.02741912084723619,0.8939503844479908,0.921369505295227,0.8550703612360365,0.9492238502828957,0.8927317568547803,0.9223708835050052,across_seed_bootstrap_exploratory
openml_1486_nomao,xgboost,class_conditional_cp,10,auroc,10,0.9954645038304936,0.9956159423130002,0.0006606803952302554,0.000932095737381955,0.9948993621276,0.995831457864982,0.9945500711887216,0.9965996607035369,0.9950782498342505,0.9958495789118007,across_seed_bootstrap_exploratory
openml_1486_nomao,xgboost,class_conditional_cp,10,auprc,10,0.9894200998219438,0.9895815850237699,0.0014622198190801922,0.0020174614570331872,0.9882821815402709,0.9902996429973041,0.9871876426342879,0.9918517030395796,0.9885437922328786,0.9902740731503941,across_seed_bootstrap_exploratory
openml_1486_nomao,xgboost,class_conditional_cp,10,q_minority,10,0.3524241268634796,0.34074485301971436,0.19281120304672106,0.2526828944683075,0.24239473044872284,0.49507762491703033,0.06001389026641846,0.6059258282184601,0.23840560361742974,0.4656501968204975,across_seed_bootstrap_exploratory
openml_1486_nomao,xgboost,class_conditional_cp,10,q_majority,10,0.06207038760185242,0.059108853340148926,0.029299917198071384,0.034374237060546875,0.03944309055805206,0.07381732761859894,0.03339582681655884,0.13024932146072388,0.04675375655293464,0.08034201323986054,across_seed_bootstrap_exploratory
openml_1486_nomao,xgboost,class_conditional_cp,10,threshold_gap,10,0.2903537392616272,0.29070568084716797,0.18859511632814102,0.2462942898273468,0.17982584238052368,0.4261201322078705,0.02661806344985962,0.5615139305591583,0.18036521285772325,0.40144224666059,across_seed_bootstrap_exploratory
openml_1486_nomao,xgboost,class_conditional_cp,10,threshold_sum,10,0.41449451446533203,0.39078402519226074,0.2012490308882267,0.29756084084510803,0.30046263337135315,0.5980234742164612,0.0934097170829773,0.6821178495883942,0.293846619874239,0.5303408555686473,across_seed_bootstrap_exploratory
openml_1486_nomao,xgboost,class_conditional_cp,20,coverage_minority,10,0.8923819197562214,0.9154393092940579,0.07738359765897379,0.04291518537328598,0.8965210766886744,0.9394362620619604,0.7318435754189944,0.9608938547486033,0.842153377348908,0.932352717115287,across_seed_bootstrap_exploratory
openml_1486_nomao,xgboost,class_conditional_cp,20,coverage_majority,10,0.9108448415922015,0.9110479285134037,0.020829806647391324,0.02584281072298944,0.8962225832656378,0.9220653939886272,0.8785540211210398,0.9510560519902518,0.8988825142160844,0.923395613322502,across_seed_bootstrap_exploratory
openml_1486_nomao,xgboost,class_conditional_cp,20,coverage_disparity,10,0.05047484589529254,0.037327819628283854,0.0546432568349011,0.047296355079689795,0.00901851876300358,0.056314873842693375,0.004899149654741919,0.16742531166467745,0.0217526525070353,0.08553992009163974,across_seed_bootstrap_exploratory
openml_1486_nomao,xgboost,class_conditional_cp,20,singleton_rate,10,0.9168431742347309,0.9263745829101988,0.034565675497712986,0.023937327723777657,0.9070433773393298,0.9309807050631075,0.8546351370956042,0.9638763963441173,0.8953576091687221,0.9359059915856666,across_seed_bootstrap_exploratory
openml_1486_nomao,xgboost,class_conditional_cp,20,average_set_size,10,0.9168431742347309,0.9263745829101988,0.034565675497712986,0.023937327723777657,0.9070433773393298,0.9309807050631075,0.8546351370956042,0.9638763963441173,0.8957924706223706,0.9358914841143189,across_seed_bootstrap_exploratory
openml_1486_nomao,xgboost,class_conditional_cp,20,empty_rate,10,0.08315682576526912,0.07362541708980125,0.03456567549771298,0.02393732772377774,0.0690192949368925,0.09295662266067024,0.03612360365588278,0.14536486290439576,0.06393442622950819,0.10419302190628169,across_seed_bootstrap_exploratory
openml_1486_nomao,xgboost,class_conditional_cp,20,doubleton_rate,10,0.0,0.0,0.0,0.0,0.0,0.0,0.0,0.0,0.0,0.0,across_seed_bootstrap_exploratory
openml_1486_nomao,xgboost,class_conditional_cp,20,coverage_overall,10,0.9055708689975338,0.9129551719135355,0.030180379713904235,0.023647178296822946,0.8966342666473234,0.9202814449441463,0.8514434933991005,0.9484984767155085,0.8869287683156826,0.9222109386333962,across_seed_bootstrap_exploratory
openml_1486_nomao,xgboost,class_conditional_cp,20,auroc,10,0.9954645038304936,0.9956159423130002,0.0006606803952302554,0.000932095737381955,0.9948993621276,0.995831457864982,0.9945500711887216,0.9965996607035369,0.9950704575726771,0.9958431822926358,across_seed_bootstrap_exploratory
openml_1486_nomao,xgboost,class_conditional_cp,20,auprc,10,0.9894200998219438,0.9895815850237699,0.0014622198190801922,0.0020174614570331872,0.9882821815402709,0.9902996429973041,0.9871876426342879,0.9918517030395796,0.9885537138763674,0.9902797088973515,across_seed_bootstrap_exploratory
openml_1486_nomao,xgboost,class_conditional_cp,20,q_minority,10,0.32951194047927856,0.31619882583618164,0.18980423626350548,0.1756887584924698,0.25946642458438873,0.4351551830768585,0.049504101276397705,0.6059258282184601,0.21608245499432086,0.44147162608802315,across_seed_bootstrap_exploratory
openml_1486_nomao,xgboost,class_conditional_cp,20,q_majority,10,0.06207038760185242,0.059108853340148926,0.029299917198071384,0.034374237060546875,0.03944309055805206,0.07381732761859894,0.03339582681655884,0.13024932146072388,0.046452945470809935,0.08099580571055412,across_seed_bootstrap_exploratory
openml_1486_nomao,xgboost,class_conditional_cp,20,threshold_gap,10,0.26785258650779725,0.2586061656475067,0.18292738305979012,0.14451545476913452,0.18459776043891907,0.3291132152080536,0.0020551681518554688,0.5615139305591583,0.162086765691638,0.3765443305671214,across_seed_bootstrap_exploratory
openml_1486_nomao,xgboost,class_conditional_cp,20,threshold_sum,10,0.39158232808113097,0.37379148602485657,0.20015336129321457,0.20686206221580505,0.3343350887298584,0.5411971509456635,0.0992860198020935,0.6821178495883942,0.27672031983733175,0.5093373614549637,across_seed_bootstrap_exploratory
openml_1486_nomao,xgboost,class_conditional_cp,50,coverage_minority,10,0.8865921787709498,0.9017267648552565,0.05367131085789227,0.0383443372270188,0.8758252920264094,0.9141696292534282,0.7877094972067039,0.9608938547486033,0.8531234128999492,0.9162519045200608,across_seed_bootstrap_exploratory
openml_1486_nomao,xgboost,class_conditional_cp,50,coverage_majority,10,0.9108448415922015,0.9110479285134037,0.020829806647391324,0.02584281072298944,0.8962225832656378,0.9220653939886272,0.8785540211210398,0.9510560519902518,0.8988215881397237,0.9232940698619008,across_seed_bootstrap_exploratory
openml_1486_nomao,xgboost,class_conditional_cp,50,coverage_disparity,10,0.041130000796257525,0.02699142764845358,0.03958651595502382,0.022273472990573973,0.015753624725074633,0.038027097715648606,0.009721561539359658,0.1167336196834855,0.02047470897406968,0.06741132223509895,across_seed_bootstrap_exploratory
openml_1486_nomao,xgboost,class_conditional_cp,50,singleton_rate,10,0.9133468736399246,0.9144059190483098,0.027193849903184915,0.03547076744523425,0.8914478456405048,0.9269186130857391,0.8718990279994197,0.954591614681561,0.8975772522849269,0.9296101117075294,across_seed_bootstrap_exploratory
openml_1486_nomao,xgboost,class_conditional_cp,50,average_set_size,10,0.9133468736399246,0.9144059190483098,0.027193849903184915,0.03547076744523425,0.8914478456405048,0.9269186130857391,0.8718990279994197,0.954591614681561,0.8976639344262294,0.9295662266067024,across_seed_bootstrap_exploratory
openml_1486_nomao,xgboost,class_conditional_cp,50,empty_rate,10,0.08665312636007544,0.08559408095169012,0.027193849903184915,0.035470767445234294,0.07308138691426085,0.10855215435949514,0.04540838531843899,0.1281009720005803,0.07059335557812274,0.10243761787320466,across_seed_bootstrap_exploratory
openml_1486_nomao,xgboost,class_conditional_cp,50,doubleton_rate,10,0.0,0.0,0.0,0.0,0.0,0.0,0.0,0.0,0.0,0.0,across_seed_bootstrap_exploratory
openml_1486_nomao,xgboost,class_conditional_cp,50,coverage_overall,10,0.903917017263891,0.902727404613376,0.023724045809990196,0.031735093573190265,0.8864064993471638,0.918141592920354,0.8674017118816191,0.9426954881764108,0.8901055418540549,0.9179602495285071,across_seed_bootstrap_exploratory
openml_1486_nomao,xgboost,class_conditional_cp,50,auroc,10,0.9954645038304936,0.9956159423130002,0.0006606803952302554,0.000932095737381955,0.9948993621276,0.995831457864982,0.9945500711887216,0.9965996607035369,0.9950725454279348,0.9958514848500662,across_seed_bootstrap_exploratory
openml_1486_nomao,xgboost,class_conditional_cp,50,auprc,10,0.9894200998219438,0.9895815850237699,0.0014622198190801922,0.0020174614570331872,0.9882821815402709,0.9902996429973041,0.9871876426342879,0.9918517030395796,0.9885528709161453,0.99027410633752,across_seed_bootstrap_exploratory
openml_1486_nomao,xgboost,class_conditional_cp,50,q_minority,10,0.2652265280485153,0.265163779258728,0.15224409459543115,0.13884085416793823,0.18256495893001556,0.3214058130979538,0.0766451358795166,0.6059258282184601,0.1821027159690857,0.3586949666589497,across_seed_bootstrap_exploratory
openml_1486_nomao,xgboost,class_conditional_cp,50,q_majority,10,0.06207038760185242,0.059108853340148926,0.029299917198071384,0.034374237060546875,0.03944309055805206,0.07381732761859894,0.03339582681655884,0.13024932146072388,0.046596889346838,0.08113331869244575,across_seed_bootstrap_exploratory
openml_1486_nomao,xgboost,class_conditional_cp,50,threshold_gap,10,0.20315614044666291,0.19014820456504822,0.1463795799786147,0.11242479085922241,0.1491631120443344,0.2615879029035568,0.009951889514923096,0.529733806848526,0.12304390072822571,0.29464746244251716,across_seed_bootstrap_exploratory
openml_1486_nomao,xgboost,class_conditional_cp,50,threshold_sum,10,0.3272969156503677,0.3372898995876312,0.16323761067620782,0.16269730031490326,0.21596680581569672,0.3786641061306,0.13344180583953857,0.6821178495883942,0.23752712205052376,0.42933580145239825,across_seed_bootstrap_exploratory
openml_1486_nomao,xgboost,class_conditional_cp,100,coverage_minority,10,0.8883189436262062,0.8900457084814626,0.03409301465086559,0.038090401218892844,0.8706196038598273,0.9087100050787201,0.8339258506856272,0.9471813103098019,0.8684611477907567,0.908532249873032,across_seed_bootstrap_exploratory
openml_1486_nomao,xgboost,class_conditional_cp,100,coverage_majority,10,0.9108448415922015,0.9110479285134037,0.020829806647391324,0.02584281072298944,0.8962225832656378,0.9220653939886272,0.8785540211210398,0.9510560519902518,0.8990652924451665,0.9236190089358244,across_seed_bootstrap_exploratory
openml_1486_nomao,xgboost,class_conditional_cp,100,coverage_disparity,10,0.03676230145649114,0.027396776353544927,0.027266904757467552,0.022548372643562492,0.023442744134408333,0.045991116777970825,0.006666903206029806,0.08524555467586747,0.02193630641309098,0.05373841790853271,across_seed_bootstrap_exploratory
openml_1486_nomao,xgboost,class_conditional_cp,100,singleton_rate,10,0.913433918468011,0.9160742782533005,0.019390031309540902,0.028833599303641377,0.8965617292905846,0.925395328594226,0.8866966487741187,0.9428405628898883,0.9019004787465545,0.9248948208327288,across_seed_bootstrap_exploratory
openml_1486_nomao,xgboost,class_conditional_cp,100,average_set_size,10,0.913433918468011,0.9160742782533005,0.019390031309540902,0.028833599303641377,0.8965617292905846,0.925395328594226,0.8866966487741187,0.9428405628898883,0.901987523574641,0.9247787610619469,across_seed_bootstrap_exploratory
openml_1486_nomao,xgboost,class_conditional_cp,100,empty_rate,10,0.08656608153198898,0.08392572174669954,0.019390031309540916,0.028833599303641363,0.07460467140577398,0.10343827070941534,0.057159437110111705,0.11330335122588132,0.07530828376613957,0.0980269838967068,across_seed_bootstrap_exploratory
openml_1486_nomao,xgboost,class_conditional_cp,100,doubleton_rate,10,0.0,0.0,0.0,0.0,0.0,0.0,0.0,0.0,0.0,0.0,across_seed_bootstrap_exploratory
openml_1486_nomao,xgboost,class_conditional_cp,100,coverage_overall,10,0.9044102712897143,0.903742927607718,0.017288249251631815,0.026113448425939323,0.8902509792543161,0.9163644276802554,0.8804584360945887,0.9280429421151893,0.894327578703032,0.9145945161758304,across_seed_bootstrap_exploratory
openml_1486_nomao,xgboost,class_conditional_cp,100,auroc,10,0.9954645038304936,0.9956159423130002,0.0006606803952302554,0.000932095737381955,0.9948993621276,0.995831457864982,0.9945500711887216,0.9965996607035369,0.9950743622771561,0.9958502158146642,across_seed_bootstrap_exploratory
openml_1486_nomao,xgboost,class_conditional_cp,100,auprc,10,0.9894200998219438,0.9895815850237699,0.0014622198190801922,0.0020174614570331872,0.9882821815402709,0.9902996429973041,0.9871876426342879,0.9918517030395796,0.9885414485408147,0.990261701309201,across_seed_bootstrap_exploratory
openml_1486_nomao,xgboost,class_conditional_cp,100,q_minority,10,0.24860122799873352,0.19744491577148438,0.12122772759225751,0.14012087881565094,0.18064746260643005,0.320768341422081,0.10229462385177612,0.5038030743598938,0.18278606370091438,0.324125311076641,across_seed_bootstrap_exploratory
openml_1486_nomao,xgboost,class_conditional_cp,100,q_majority,10,0.06207038760185242,0.059108853340148926,0.029299917198071384,0.034374237060546875,0.03944309055805206,0.07381732761859894,0.03339582681655884,0.13024932146072388,0.046710712313652036,0.08079226195812224,across_seed_bootstrap_exploratory
openml_1486_nomao,xgboost,class_conditional_cp,100,threshold_gap,10,0.18653084039688111,0.14824771881103516,0.12552616770003844,0.15206068754196167,0.11291404068470001,0.2649747282266617,0.03560137748718262,0.4276110529899597,0.11574738368391992,0.26499884516000727,across_seed_bootstrap_exploratory
openml_1486_nomao,xgboost,class_conditional_cp,100,threshold_sum,10,0.3106716156005859,0.2951582074165344,0.12390510640217654,0.16214235126972198,0.21441960334777832,0.3765619546175003,0.16898787021636963,0.5799950957298279,0.24284218937158586,0.3876480734348296,across_seed_bootstrap_exploratory
openml_1486_nomao,tabpfn,global_split_cp,10,coverage_minority,10,0.7643981716607415,0.7668867445403758,0.03223771824833614,0.03224987303199589,0.750253936008126,0.7825038090401218,0.696800406297613,0.8166582021330625,0.7445898933468765,0.7824276282376841,across_seed_bootstrap_exploratory
openml_1486_nomao,tabpfn,global_split_cp,10,coverage_majority,10,0.9128147847278635,0.9131803411860276,0.016730289666776567,0.017770105605199094,0.9038891145410235,0.9216592201462226,0.8889114541023558,0.9429325751421609,0.9033103168155971,0.9227457351746547,across_seed_bootstrap_exploratory
openml_1486_nomao,tabpfn,global_split_cp,10,coverage_disparity,10,0.14841661306712206,0.1482229223970734,0.022315268396423074,0.020269988023131763,0.1390787506925997,0.15934873871573146,0.10993686049279672,0.19211104780474286,0.13536495436578092,0.16181613728263303,across_seed_bootstrap_exploratory
openml_1486_nomao,tabpfn,global_split_cp,10,singleton_rate,10,0.8734658349049761,0.8715363412157261,0.020452024611467837,0.02274046133758889,0.8621427535180618,0.8848832148556507,0.836790947337879,0.911504424778761,0.8613811112723052,0.8855650660089947,across_seed_bootstrap_exploratory
openml_1486_nomao,tabpfn,global_split_cp,10,average_set_size,10,0.8734658349049761,0.8715363412157261,0.020452024611467837,0.02274046133758889,0.8621427535180618,0.8848832148556507,0.836790947337879,0.911504424778761,0.8617292905846512,0.8859132453213405,across_seed_bootstrap_exploratory
openml_1486_nomao,tabpfn,global_split_cp,10,empty_rate,10,0.12653416509502394,0.1284636587842739,0.020452024611467823,0.022740461337588863,0.11511678514434934,0.1378572464819382,0.08849557522123894,0.163209052662121,0.11443457130422166,0.13860438125634703,across_seed_bootstrap_exploratory
openml_1486_nomao,tabpfn,global_split_cp,10,doubleton_rate,10,0.0,0.0,0.0,0.0,0.0,0.0,0.0,0.0,0.0,0.0,across_seed_bootstrap_exploratory
openml_1486_nomao,tabpfn,global_split_cp,10,coverage_overall,10,0.8704192659219497,0.8684897722326999,0.019879741611586326,0.021870013056724202,0.8595676773538372,0.8814376904105614,0.8340345277818076,0.906862033947483,0.8588277963151022,0.8822718700130568,across_seed_bootstrap_exploratory
openml_1486_nomao,tabpfn,global_split_cp,10,auroc,10,0.995975150370961,0.9960311926658494,0.000522759646472085,0.000609467047935186,0.9955604776142309,0.9961699446621661,0.9953033184134753,0.9970406965974226,0.9956762861518441,0.9962975003187092,across_seed_bootstrap_exploratory
openml_1486_nomao,tabpfn,global_split_cp,10,auprc,10,0.9906574848233743,0.9909500123020669,0.0011304928342722553,0.0014636729902179901,0.9897550544101132,0.9912187274003312,0.9889338408359681,0.9927085943321943,0.9899945957783011,0.9913323306956634,across_seed_bootstrap_exploratory
openml_1486_nomao,tabpfn,global_split_cp,10,q_global,10,0.050465327501296994,0.0440753698348999,0.020300862737959093,0.016357988119125366,0.03947460651397705,0.05583259463310242,0.02556300163269043,0.09770679473876953,0.03985622256994248,0.06358522847294805,across_seed_bootstrap_exploratory
openml_1486_nomao,tabpfn,global_split_cp,20,coverage_minority,10,0.7824784154393093,0.7816150330116811,0.028033891249106824,0.025647536820721184,0.7634586084306755,0.7891061452513967,0.7475876079228034,0.8466226510919248,0.7674454037582528,0.7999504824784154,across_seed_bootstrap_exploratory
openml_1486_nomao,tabpfn,global_split_cp,20,coverage_majority,10,0.9209179528838343,0.9230300568643379,0.01707814904049829,0.016196181965881462,0.9112002437043054,0.9273964256701869,0.890536149471974,0.9545085296506904,0.9110276198212836,0.9309504467912266,across_seed_bootstrap_exploratory
openml_1486_nomao,tabpfn,global_split_cp,20,coverage_disparity,10,0.13843953744452497,0.14197250724986277,0.018331487079607304,0.01714601815549638,0.131611051724145,0.14875706987964138,0.10788587855876564,0.16254410874649672,0.12699228321270514,0.1487092248082484,across_seed_bootstrap_exploratory
openml_1486_nomao,tabpfn,global_split_cp,20,singleton_rate,10,0.8851878717539533,0.8855360510662991,0.02056575281237378,0.02063687799216596,0.8704482808646453,0.8910851588568113,0.8617437980559989,0.9309444363847381,0.8741763383142318,0.8981140287247934,across_seed_bootstrap_exploratory
openml_1486_nomao,tabpfn,global_split_cp,20,average_set_size,10,0.8851878717539533,0.8855360510662991,0.02056575281237378,0.02063687799216596,0.8704482808646453,0.8910851588568113,0.8617437980559989,0.9309444363847381,0.8739590889307994,0.898012476425359,across_seed_bootstrap_exploratory
openml_1486_nomao,tabpfn,global_split_cp,20,empty_rate,10,0.11481212824604672,0.11446394893370085,0.02056575281237379,0.020636877992165972,0.10891484114318874,0.1295517191353547,0.06905556361526186,0.13825620194400115,0.10211809081677063,0.12592485129841868,across_seed_bootstrap_exploratory
openml_1486_nomao,tabpfn,global_split_cp,20,doubleton_rate,10,0.0,0.0,0.0,0.0,0.0,0.0,0.0,0.0,0.0,0.0,across_seed_bootstrap_exploratory
openml_1486_nomao,tabpfn,global_split_cp,20,coverage_overall,10,0.8813724067894967,0.8823444073697955,0.01908589437988761,0.019621354997823914,0.8676193239518352,0.8872406789496591,0.8591324532134049,0.9236907007108661,0.8710430871899029,0.893355940809517,across_seed_bootstrap_exploratory
openml_1486_nomao,tabpfn,global_split_cp,20,auroc,10,0.995975150370961,0.9960311926658494,0.000522759646472085,0.000609467047935186,0.9955604776142309,0.9961699446621661,0.9953033184134753,0.9970406965974226,0.995673854317469,0.9962917327378179,across_seed_bootstrap_exploratory
openml_1486_nomao,tabpfn,global_split_cp,20,auprc,10,0.9906574848233743,0.9909500123020669,0.0011304928342722553,0.0014636729902179901,0.9897550544101132,0.9912187274003312,0.9889338408359681,0.9927085943321943,0.9899925716274558,0.9913457989942229,across_seed_bootstrap_exploratory
openml_1486_nomao,tabpfn,global_split_cp,20,q_global,10,0.06341219544410706,0.05620628595352173,0.029019709012500054,0.023077532649040222,0.04483376443386078,0.067911297082901,0.03850233554840088,0.1376897096633911,0.04953032359480858,0.08261514902114868,across_seed_bootstrap_exploratory
openml_1486_nomao,tabpfn,global_split_cp,50,coverage_minority,10,0.8010157440325039,0.7971051295073641,0.033597950703582534,0.032503809040121845,0.7828847130523108,0.8153885220924326,0.7526663280853225,0.8572879634332148,0.7821736922295581,0.8211274758760793,across_seed_bootstrap_exploratory
openml_1486_nomao,tabpfn,global_split_cp,50,coverage_majority,10,0.9292242079610071,0.9273964256701868,0.01662455252398106,0.016145410235580804,0.92231925264013,0.9384646628757108,0.9039398862713242,0.9581640942323314,0.91965881397238,0.9392973192526402,across_seed_bootstrap_exploratory
openml_1486_nomao,tabpfn,global_split_cp,50,coverage_disparity,10,0.1282084639285035,0.13262633161691012,0.021895067315126932,0.034582433074143965,0.10749223648930481,0.14207466956344877,0.09783199296652956,0.15624501049780948,0.11525585471023447,0.14081501313618602,across_seed_bootstrap_exploratory
openml_1486_nomao,tabpfn,global_split_cp,50,singleton_rate,10,0.897403162628754,0.8909763528217032,0.022589850881243562,0.025533149572029568,0.882997243580444,0.9085303931524735,0.8668214130277093,0.937472798491223,0.8845640504860004,0.9110982155810243,across_seed_bootstrap_exploratory
openml_1486_nomao,tabpfn,global_split_cp,50,average_set_size,10,0.897403162628754,0.8909763528217032,0.022589850881243562,0.025533149572029568,0.882997243580444,0.9085303931524735,0.8668214130277093,0.937472798491223,0.884810677498912,0.9112001305672421,across_seed_bootstrap_exploratory
openml_1486_nomao,tabpfn,global_split_cp,50,empty_rate,10,0.10259683737124621,0.10902364717829682,0.022589850881243562,0.025533149572029595,0.09146960684752647,0.11700275641955607,0.06252720150877702,0.13317858697229074,0.08877121717684608,0.11511714783113301,across_seed_bootstrap_exploratory
openml_1486_nomao,tabpfn,global_split_cp,50,doubleton_rate,10,0.0,0.0,0.0,0.0,0.0,0.0,0.0,0.0,0.0,0.0,across_seed_bootstrap_exploratory
openml_1486_nomao,tabpfn,global_split_cp,50,coverage_overall,10,0.8926011896126506,0.8875670970549834,0.02054400576476372,0.024154939793993857,0.8791527636732918,0.9033077034672856,0.8642100681851154,0.9293486145364863,0.8810822573625418,0.905092485129842,across_seed_bootstrap_exploratory
openml_1486_nomao,tabpfn,global_split_cp,50,auroc,10,0.995975150370961,0.9960311926658494,0.000522759646472085,0.000609467047935186,0.9955604776142309,0.9961699446621661,0.9953033184134753,0.9970406965974226,0.9956799108253476,0.996294641346847,across_seed_bootstrap_exploratory
openml_1486_nomao,tabpfn,global_split_cp,50,auprc,10,0.9906574848233743,0.9909500123020669,0.0011304928342722553,0.0014636729902179901,0.9897550544101132,0.9912187274003312,0.9889338408359681,0.9927085943321943,0.9899934290748064,0.9913086797185192,across_seed_bootstrap_exploratory
openml_1486_nomao,tabpfn,global_split_cp,50,q_global,10,0.08346587419509888,0.06447887420654297,0.04050092074835104,0.04977332055568695,0.053240060806274414,0.10301338136196136,0.048607826232910156,0.1632329821586609,0.061786753535270696,0.10855823799967765,across_seed_bootstrap_exploratory
openml_1486_nomao,tabpfn,global_split_cp,100,coverage_minority,10,0.8180802437785678,0.8169121381411883,0.02912567172177719,0.04799390553580496,0.7985017775520569,0.8464956830878618,0.7704418486541391,0.8527171152869477,0.8005586592178771,0.8348412899949214,across_seed_bootstrap_exploratory
openml_1486_nomao,tabpfn,global_split_cp,100,coverage_majority,10,0.9366571892770106,0.9352152721364744,0.012326351903703433,0.01680544272948825,0.9293257514216084,0.9461311941510967,0.9149065800162469,0.9565393988627132,0.9293663688058489,0.9439073923639316,across_seed_bootstrap_exploratory
openml_1486_nomao,tabpfn,global_split_cp,100,coverage_disparity,10,0.11857694549844275,0.1240911112495508,0.01948034228687153,0.031824076392862666,0.10001533208270025,0.1318394084755629,0.08991469730456514,0.1444647313621078,0.10694610466082936,0.12987353429827642,across_seed_bootstrap_exploratory
openml_1486_nomao,tabpfn,global_split_cp,100,singleton_rate,10,0.9082982736109096,0.9096184535035543,0.01849264160066257,0.0273103148121282,0.8954736689395039,0.9227839837516321,0.8765414188306978,0.934861453648629,0.8975623821267952,0.9191212099231104,across_seed_bootstrap_exploratory
openml_1486_nomao,tabpfn,global_split_cp,100,average_set_size,10,0.9082982736109096,0.9096184535035543,0.01849264160066257,0.0273103148121282,0.8954736689395039,0.9227839837516321,0.8765414188306978,0.934861453648629,0.8974466850427971,0.9188452052807194,across_seed_bootstrap_exploratory
openml_1486_nomao,tabpfn,global_split_cp,100,empty_rate,10,0.09170172638909038,0.09038154649644567,0.01849264160066257,0.027310314812128242,0.07721601624836791,0.10452633106049615,0.06513854635137095,0.1234585811693022,0.08096619759175974,0.10252466270129114,across_seed_bootstrap_exploratory
openml_1486_nomao,tabpfn,global_split_cp,100,doubleton_rate,10,0.0,0.0,0.0,0.0,0.0,0.0,0.0,0.0,0.0,0.0,across_seed_bootstrap_exploratory
openml_1486_nomao,tabpfn,global_split_cp,100,coverage_overall,10,0.9027854344987668,0.9041056143914116,0.01653546992109085,0.02371971565356157,0.892463368634847,0.9161830842884086,0.873639924561149,0.9268823444073698,0.8928478166255621,0.9122443058174958,across_seed_bootstrap_exploratory
openml_1486_nomao,tabpfn,global_split_cp,100,auroc,10,0.995975150370961,0.9960311926658494,0.000522759646472085,0.000609467047935186,0.9955604776142309,0.9961699446621661,0.9953033184134753,0.9970406965974226,0.9956779047102549,0.996297245041853,across_seed_bootstrap_exploratory
openml_1486_nomao,tabpfn,global_split_cp,100,auprc,10,0.9906574848233743,0.9909500123020669,0.0011304928342722553,0.0014636729902179901,0.9897550544101132,0.9912187274003312,0.9889338408359681,0.9927085943321943,0.9899892039984852,0.9913153931283466,across_seed_bootstrap_exploratory
openml_1486_nomao,tabpfn,global_split_cp,100,q_global,10,0.09977709650993347,0.09416919946670532,0.03570346041330736,0.06197217106819153,0.06897738575935364,0.13094955682754517,0.05880671739578247,0.1519789695739746,0.07937050744891166,0.1217776894569397,across_seed_bootstrap_exploratory
openml_1486_nomao,tabpfn,class_conditional_cp,10,coverage_minority,10,0.9021330624682579,0.893092940578974,0.03209569882285794,0.03364652107668864,0.8843321482986287,0.9179786693753174,0.8486541391569324,0.9608938547486033,0.883748095479939,0.9212798374809548,across_seed_bootstrap_exploratory
openml_1486_nomao,tabpfn,class_conditional_cp,10,coverage_majority,10,0.908225020308692,0.9077985377741673,0.018735788168430103,0.0162469536961819,0.8991673436230707,0.9154142973192526,0.8763200649878148,0.9429325751421609,0.8974411047928514,0.9193948009748173,across_seed_bootstrap_exploratory
openml_1486_nomao,tabpfn,class_conditional_cp,10,coverage_disparity,10,0.02596163565319314,0.013386769913348251,0.03059591194716807,0.019928742173056818,0.00577036572973702,0.02569910790279384,0.0002368144088777946,0.08457378976078855,0.009993264816681316,0.04573724342870957,across_seed_bootstrap_exploratory
openml_1486_nomao,tabpfn,class_conditional_cp,10,singleton_rate,10,0.9160162483679095,0.9138981575511389,0.01644186486420212,0.012694037429276106,0.9076236761932395,0.9203177136225156,0.8958363557231974,0.9564775859567677,0.9075583925721749,0.9267227622225447,across_seed_bootstrap_exploratory
openml_1486_nomao,tabpfn,class_conditional_cp,10,average_set_size,10,0.9160162483679095,0.9138981575511389,0.01644186486420212,0.012694037429276106,0.9076236761932395,0.9203177136225156,0.8958363557231974,0.9564775859567677,0.9075293776294793,0.9267372696938923,across_seed_bootstrap_exploratory
openml_1486_nomao,tabpfn,class_conditional_cp,10,empty_rate,10,0.08398375163209051,0.08610184244886115,0.016441864864202124,0.012694037429276078,0.0796822863774844,0.09237632380676047,0.04352241404323227,0.10416364427680255,0.07332039750471493,0.09249963731321631,across_seed_bootstrap_exploratory
openml_1486_nomao,tabpfn,class_conditional_cp,10,doubleton_rate,10,0.0,0.0,0.0,0.0,0.0,0.0,0.0,0.0,0.0,0.0,across_seed_bootstrap_exploratory
openml_1486_nomao,tabpfn,class_conditional_cp,10,coverage_overall,10,0.9064848396924416,0.9046133758885826,0.014477490500210051,0.011605977078195329,0.8990642680980705,0.9106702451762658,0.88945306833019,0.9418250398955462,0.8991295517191353,0.9159292035398229,across_seed_bootstrap_exploratory
openml_1486_nomao,tabpfn,class_conditional_cp,10,auroc,10,0.995975150370961,0.9960311926658494,0.000522759646472085,0.000609467047935186,0.9955604776142309,0.9961699446621661,0.9953033184134753,0.9970406965974226,0.995679911083203,0.9962969506999021,across_seed_bootstrap_exploratory
openml_1486_nomao,tabpfn,class_conditional_cp,10,auprc,10,0.9906574848233743,0.9909500123020669,0.0011304928342722553,0.0014636729902179901,0.9897550544101132,0.9912187274003312,0.9889338408359681,0.9927085943321943,0.989999037671889,0.9913257573928649,across_seed_bootstrap_exploratory
openml_1486_nomao,tabpfn,class_conditional_cp,10,q_minority,10,0.3087001621723175,0.2722390294075012,0.13262507719075914,0.10243071615695953,0.23151835799217224,0.3339490741491318,0.1488097906112671,0.5689084529876709,0.23750579357147217,0.3910001425445079,across_seed_bootstrap_exploratory
openml_1486_nomao,tabpfn,class_conditional_cp,10,q_majority,10,0.04562041759490967,0.03697162866592407,0.021892565807939572,0.008413836359977722,0.03619113564491272,0.04460497200489044,0.019902527332305908,0.09770679473876953,0.03457425490021705,0.05978611707687378,across_seed_bootstrap_exploratory
openml_1486_nomao,tabpfn,class_conditional_cp,10,threshold_gap,10,0.26307974457740785,0.23212018609046936,0.13332235305088533,0.10949677228927612,0.18859362602233887,0.298090398311615,0.08060872554779053,0.549005925655365,0.19027759864926339,0.3456686148047447,across_seed_bootstrap_exploratory
openml_1486_nomao,tabpfn,class_conditional_cp,10,threshold_sum,10,0.3543205797672272,0.3123578727245331,0.13550845454064722,0.09536466002464294,0.2744430899620056,0.36980774998664856,0.21701085567474365,0.5966267585754395,0.28148183330893517,0.4410569667816162,across_seed_bootstrap_exploratory
openml_1486_nomao,tabpfn,class_conditional_cp,20,coverage_minority,10,0.8934484509903504,0.8900457084814627,0.049578067479071154,0.034789233113255436,0.8831894362620619,0.9179786693753174,0.7739969527679025,0.9608938547486033,0.8616036058913153,0.9196546470289485,across_seed_bootstrap_exploratory
openml_1486_nomao,tabpfn,class_conditional_cp,20,coverage_majority,10,0.908225020308692,0.9077985377741673,0.018735788168430103,0.0162469536961819,0.8991673436230707,0.9154142973192526,0.8763200649878148,0.9429325751421609,0.89731925264013,0.9193744922826971,across_seed_bootstrap_exploratory
openml_1486_nomao,tabpfn,class_conditional_cp,20,coverage_disparity,10,0.034646247131100705,0.025015739494248568,0.03959294454688179,0.02980357296833655,0.007674885790681679,0.03747845875901823,0.0002368144088777946,0.12303797818254436,0.014085767711881863,0.06071330232742357,across_seed_bootstrap_exploratory
openml_1486_nomao,tabpfn,class_conditional_cp,20,singleton_rate,10,0.9128971420281445,0.9165820397504716,0.022809017825910265,0.014833889453068294,0.9068257652691136,0.9216596547221819,0.8647903670390251,0.9543014652546061,0.8989986217902219,0.9256782242855071,across_seed_bootstrap_exploratory
openml_1486_nomao,tabpfn,class_conditional_cp,20,average_set_size,10,0.9128971420281445,0.9165820397504716,0.022809017825910265,0.014833889453068294,0.9068257652691136,0.9216596547221819,0.8647903670390251,0.9543014652546061,0.8991875816045264,0.9257652691135935,across_seed_bootstrap_exploratory
openml_1486_nomao,tabpfn,class_conditional_cp,20,empty_rate,10,0.08710285797185549,0.08341796024952851,0.02280901782591026,0.014833889453068322,0.07834034527781808,0.0931742347308864,0.04569853474539388,0.1352096329609749,0.07398774118671114,0.10107355287973305,across_seed_bootstrap_exploratory
openml_1486_nomao,tabpfn,class_conditional_cp,20,doubleton_rate,10,0.0,0.0,0.0,0.0,0.0,0.0,0.0,0.0,0.0,0.0,across_seed_bootstrap_exploratory
openml_1486_nomao,tabpfn,class_conditional_cp,20,coverage_overall,10,0.9040040620919774,0.9049760626722763,0.020257317196416318,0.01254896271579864,0.8990642680980705,0.9116132308138691,0.8618888727694762,0.941099666328159,0.8917597562744813,0.9157119541563905,across_seed_bootstrap_exploratory
openml_1486_nomao,tabpfn,class_conditional_cp,20,auroc,10,0.995975150370961,0.9960311926658494,0.000522759646472085,0.000609467047935186,0.9955604776142309,0.9961699446621661,0.9953033184134753,0.9970406965974226,0.9956773428433158,0.9962929093320555,across_seed_bootstrap_exploratory
openml_1486_nomao,tabpfn,class_conditional_cp,20,auprc,10,0.9906574848233743,0.9909500123020669,0.0011304928342722553,0.0014636729902179901,0.9897550544101132,0.9912187274003312,0.9889338408359681,0.9927085943321943,0.9899952218720198,0.9913119930115917,across_seed_bootstrap_exploratory
openml_1486_nomao,tabpfn,class_conditional_cp,20,q_minority,10,0.2897163271903992,0.24132129549980164,0.14291991216465705,0.10273389518260956,0.23121517896652222,0.3339490741491318,0.06050693988800049,0.5689084529876709,0.20891518473625184,0.3762115646898746,across_seed_bootstrap_exploratory
openml_1486_nomao,tabpfn,class_conditional_cp,20,q_majority,10,0.04562041759490967,0.03697162866592407,0.021892565807939572,0.008413836359977722,0.03619113564491272,0.04460497200489044,0.019902527332305908,0.09770679473876953,0.03458359345793724,0.059804552495479564,across_seed_bootstrap_exploratory
openml_1486_nomao,tabpfn,class_conditional_cp,20,threshold_gap,10,0.2440959095954895,0.2016041874885559,0.14212147408607548,0.12318350374698639,0.1749068945646286,0.298090398311615,0.02334684133529663,0.549005925655365,0.16567518711090087,0.3322418980300424,across_seed_bootstrap_exploratory
openml_1486_nomao,tabpfn,class_conditional_cp,20,threshold_sum,10,0.33533674478530884,0.2963542640209198,0.14701108143680014,0.09536466002464294,0.2744430899620056,0.36980774998664856,0.09766703844070435,0.5888109803199768,0.2532328924536705,0.42554509043693545,across_seed_bootstrap_exploratory
openml_1486_nomao,tabpfn,class_conditional_cp,50,coverage_minority,10,0.891772473336719,0.8999492127983748,0.047109338770644195,0.023743016759776525,0.8896648044692738,0.9134078212290503,0.7704418486541391,0.9365159979685119,0.8604367699339767,0.9146267140680546,across_seed_bootstrap_exploratory
openml_1486_nomao,tabpfn,class_conditional_cp,50,coverage_majority,10,0.908225020308692,0.9077985377741673,0.018735788168430103,0.0162469536961819,0.8991673436230707,0.9154142973192526,0.8763200649878148,0.9429325751421609,0.8972177091795288,0.9192526401299757,across_seed_bootstrap_exploratory
openml_1486_nomao,tabpfn,class_conditional_cp,50,coverage_disparity,10,0.025672672566123423,0.010719100979891816,0.03739835111903243,0.02127513419826979,0.006407345949957899,0.02768248014822769,0.0002368144088777946,0.12659308229630772,0.009346762254011109,0.0504896676821357,across_seed_bootstrap_exploratory
openml_1486_nomao,tabpfn,class_conditional_cp,50,singleton_rate,10,0.9120266937472798,0.9138981575511389,0.025303810106692026,0.023357028869868013,0.8976860583200348,0.9210430871899028,0.8636297693312056,0.9527056434063542,0.8968370085594082,0.9266502248658058,across_seed_bootstrap_exploratory
openml_1486_nomao,tabpfn,class_conditional_cp,50,average_set_size,10,0.9120266937472798,0.9138981575511389,0.025303810106692026,0.023357028869868013,0.8976860583200348,0.9210430871899028,0.8636297693312056,0.9527056434063542,0.8968370085594082,0.9269113593500654,across_seed_bootstrap_exploratory
openml_1486_nomao,tabpfn,class_conditional_cp,50,empty_rate,10,0.08797330625272014,0.08610184244886115,0.025303810106692037,0.023357028869867985,0.0789569128100972,0.10231394167996519,0.047294356593645726,0.13637023066879442,0.07332039750471492,0.10333671840998113,across_seed_bootstrap_exploratory
openml_1486_nomao,tabpfn,class_conditional_cp,50,doubleton_rate,10,0.0,0.0,0.0,0.0,0.0,0.0,0.0,0.0,0.0,0.0,across_seed_bootstrap_exploratory
openml_1486_nomao,tabpfn,class_conditional_cp,50,coverage_overall,10,0.9035253155375018,0.9057014362396634,0.022610669670513197,0.01976642971130138,0.8914478456405048,0.9112142753518062,0.8608733497751342,0.9403742927607718,0.8900333671840999,0.916611054693167,across_seed_bootstrap_exploratory
openml_1486_nomao,tabpfn,class_conditional_cp,50,auroc,10,0.995975150370961,0.9960311926658494,0.000522759646472085,0.000609467047935186,0.9955604776142309,0.9961699446621661,0.9953033184134753,0.9970406965974226,0.9956788471717798,0.996299522162982,across_seed_bootstrap_exploratory
openml_1486_nomao,tabpfn,class_conditional_cp,50,auprc,10,0.9906574848233743,0.9909500123020669,0.0011304928342722553,0.0014636729902179901,0.9897550544101132,0.9912187274003312,0.9889338408359681,0.9927085943321943,0.990004773098581,0.991335894025772,across_seed_bootstrap_exploratory
openml_1486_nomao,tabpfn,class_conditional_cp,50,q_minority,10,0.27810917496681214,0.28454461693763733,0.11651437631964864,0.1538998782634735,0.20065638422966003,0.35455626249313354,0.05880671739578247,0.4353860020637512,0.2084659230709076,0.3442212897539137,across_seed_bootstrap_exploratory
openml_1486_nomao,tabpfn,class_conditional_cp,50,q_majority,10,0.04562041759490967,0.03697162866592407,0.021892565807939572,0.008413836359977722,0.03619113564491272,0.04460497200489044,0.019902527332305908,0.09770679473876953,0.034623464196920396,0.05961652338504791,across_seed_bootstrap_exploratory
openml_1486_nomao,tabpfn,class_conditional_cp,50,threshold_gap,10,0.23248875737190247,0.25305455923080444,0.10507218223410819,0.15646430850028992,0.16179049015045166,0.3182547986507416,0.021646618843078613,0.3536050319671631,0.16827354088425636,0.2904318732023239,across_seed_bootstrap_exploratory
openml_1486_nomao,tabpfn,class_conditional_cp,50,threshold_sum,10,0.3237295925617218,0.3160346746444702,0.13065069909566382,0.1513354480266571,0.2395222783088684,0.3908577263355255,0.09596681594848633,0.5330927968025208,0.2468459489941597,0.4010004174709318,across_seed_bootstrap_exploratory
openml_1486_nomao,tabpfn,class_conditional_cp,100,coverage_minority,10,0.8883189436262062,0.8938547486033519,0.0336002110996067,0.03148806500761803,0.8782376841036059,0.909725749111224,0.8105637379380396,0.9294057897409853,0.866937531742001,0.9060436769933977,across_seed_bootstrap_exploratory
openml_1486_nomao,tabpfn,class_conditional_cp,100,coverage_majority,10,0.908225020308692,0.9077985377741673,0.018735788168430103,0.0162469536961819,0.8991673436230707,0.9154142973192526,0.8763200649878148,0.9429325751421609,0.8974614134849717,0.9193541835905767,across_seed_bootstrap_exploratory
openml_1486_nomao,tabpfn,class_conditional_cp,100,coverage_disparity,10,0.028765967954142168,0.03197138918880338,0.026399135959230217,0.03074443578967087,0.006511596892367827,0.0372560326820387,0.0002368144088777946,0.08647119301240724,0.014372174936124051,0.045202888888247125,across_seed_bootstrap_exploratory
openml_1486_nomao,tabpfn,class_conditional_cp,100,singleton_rate,10,0.9104453793703758,0.9108515885681125,0.019895174988534565,0.019947773103148103,0.897903670390251,0.9178514434933991,0.8756709705498331,0.9409545916146815,0.8990134919483534,0.9222544610474394,across_seed_bootstrap_exploratory
openml_1486_nomao,tabpfn,class_conditional_cp,100,average_set_size,10,0.9104453793703758,0.9108515885681125,0.019895174988534565,0.019947773103148103,0.897903670390251,0.9178514434933991,0.8756709705498331,0.9409545916146815,0.8988248948208328,0.9221677789061367,across_seed_bootstrap_exploratory
openml_1486_nomao,tabpfn,class_conditional_cp,100,empty_rate,10,0.08955462062962426,0.08914841143188743,0.01989517498853456,0.01994777310314813,0.0821485565066009,0.10209632960974903,0.05904540838531844,0.12432902945016684,0.0778180763092993,0.10134955752212388,across_seed_bootstrap_exploratory
openml_1486_nomao,tabpfn,class_conditional_cp,100,doubleton_rate,10,0.0,0.0,0.0,0.0,0.0,0.0,0.0,0.0,0.0,0.0,across_seed_bootstrap_exploratory
openml_1486_nomao,tabpfn,class_conditional_cp,100,coverage_overall,10,0.9025388074858551,0.9027999419701146,0.01825570554542361,0.017807921079355915,0.890758740751487,0.9085666618308429,0.872334252139852,0.9322501088060351,0.8918177861598723,0.9134049035253156,across_seed_bootstrap_exploratory
openml_1486_nomao,tabpfn,class_conditional_cp,100,auroc,10,0.995975150370961,0.9960311926658494,0.000522759646472085,0.000609467047935186,0.9955604776142309,0.9961699446621661,0.9953033184134753,0.9970406965974226,0.9956764963040036,0.996289025256009,across_seed_bootstrap_exploratory
openml_1486_nomao,tabpfn,class_conditional_cp,100,auprc,10,0.9906574848233743,0.9909500123020669,0.0011304928342722553,0.0014636729902179901,0.9897550544101132,0.9912187274003312,0.9889338408359681,0.9927085943321943,0.9899828997080201,0.9913219835807338,across_seed_bootstrap_exploratory
openml_1486_nomao,tabpfn,class_conditional_cp,100,q_minority,10,0.2569439232349396,0.26026514172554016,0.09296868319749237,0.12036377191543579,0.19872823357582092,0.3190920054912567,0.09463047981262207,0.38666480779647827,0.20109861344099045,0.31107839971780776,across_seed_bootstrap_exploratory
openml_1486_nomao,tabpfn,class_conditional_cp,100,q_majority,10,0.04562041759490967,0.03697162866592407,0.021892565807939572,0.008413836359977722,0.03619113564491272,0.04460497200489044,0.019902527332305908,0.09770679473876953,0.03455925643444062,0.059825951904058455,across_seed_bootstrap_exploratory
openml_1486_nomao,tabpfn,class_conditional_cp,100,threshold_gap,10,0.2113235056400299,0.19084730744361877,0.08911802022950205,0.13228514790534973,0.16111056506633759,0.2933957129716873,0.05747038125991821,0.3267022967338562,0.1591425213217735,0.26259222134947763,across_seed_bootstrap_exploratory
openml_1486_nomao,tabpfn,class_conditional_cp,100,threshold_sum,10,0.30256434082984923,0.3072707951068878,0.10150319924335091,0.14604589343070984,0.2353495955467224,0.38139548897743225,0.13179057836532593,0.45486587285995483,0.24232263535261156,0.3613928136229515,across_seed_bootstrap_exploratory
openml_1489_phoneme,logistic_regression,global_split_cp,10,coverage_minority,10,0.6047318611987381,0.5962145110410095,0.05641212022563104,0.07334384858044163,0.5772870662460567,0.6506309148264984,0.5141955835962145,0.6845425867507886,0.571608832807571,0.6378548895899054,across_seed_bootstrap_exploratory
openml_1489_phoneme,logistic_regression,global_split_cp,10,coverage_majority,10,0.9069371727748692,0.9077225130890052,0.022891834876868196,0.022251308900523514,0.899869109947644,0.9221204188481675,0.8599476439790575,0.9410994764397905,0.8929319371727749,0.9198952879581151,across_seed_bootstrap_exploratory
openml_1489_phoneme,logistic_regression,global_split_cp,10,coverage_disparity,10,0.3022053115761309,0.3111219383289015,0.04239333195249034,0.048180545691776655,0.26726138371843355,0.3154419294102102,0.24346788445339984,0.38763687713676975,0.2787915173336416,0.32782448965266653,across_seed_bootstrap_exploratory
openml_1489_phoneme,logistic_regression,global_split_cp,10,singleton_rate,10,0.8593894542090658,0.8802035152636447,0.06711695521634435,0.0957446808510638,0.807123034227567,0.9028677150786308,0.7446808510638298,0.9472710453283997,0.818963922294172,0.896577243293247,across_seed_bootstrap_exploratory
openml_1489_phoneme,logistic_regression,global_split_cp,10,average_set_size,10,1.1406105457909343,1.1197964847363553,0.0671169552163443,0.0957446808510638,1.0971322849213692,1.192876965772433,1.0527289546716003,1.2553191489361701,1.103330249768733,1.1811285846438482,across_seed_bootstrap_exploratory
openml_1489_phoneme,logistic_regression,global_split_cp,10,empty_rate,10,0.0,0.0,0.0,0.0,0.0,0.0,0.0,0.0,0.0,0.0,across_seed_bootstrap_exploratory
openml_1489_phoneme,logistic_regression,global_split_cp,10,doubleton_rate,10,0.14061054579093432,0.11979648473635524,0.06711695521634432,0.09574468085106383,0.0971322849213691,0.19287696577243293,0.05272895467160037,0.2553191489361702,0.10305272895467159,0.18149861239592968,across_seed_bootstrap_exploratory
openml_1489_phoneme,logistic_regression,global_split_cp,10,coverage_overall,10,0.8183163737280296,0.8122109158186864,0.03051389334702196,0.03746530989824237,0.8048103607770583,0.8422756706753006,0.7678075855689177,0.8640148011100832,0.8002775208140612,0.8362650323774281,across_seed_bootstrap_exploratory
openml_1489_phoneme,logistic_regression,global_split_cp,10,auroc,10,0.8121946586948982,0.808570201661519,0.009905509444224435,0.014623969808578385,0.804449435975358,0.8190734057839364,0.8020256990437182,0.8294795778486135,0.8066902571555982,0.8182350797727386,across_seed_bootstrap_exploratory
openml_1489_phoneme,logistic_regression,global_split_cp,10,auprc,10,0.5870600830806321,0.5816975435793814,0.023304609308484877,0.03443243462454215,0.5700057790831057,0.6044382137076478,0.5567420104357985,0.6286084971232686,0.5741030729266464,0.6011473417891706,across_seed_bootstrap_exploratory
openml_1489_phoneme,logistic_regression,global_split_cp,10,q_global,10,0.5849043497988757,0.5783951599635175,0.03635445753902498,0.04826140720591232,0.5600240620980865,0.6082854693039988,0.5342060779111159,0.6433242661940286,0.5645677490388312,0.606791401486464,across_seed_bootstrap_exploratory
openml_1489_phoneme,logistic_regression,global_split_cp,20,coverage_minority,10,0.6296529968454257,0.6230283911671924,0.04004639056199709,0.061514195583596165,0.5970031545741324,0.6585173501577286,0.5867507886435331,0.7003154574132492,0.6072555205047319,0.6539432176656151,across_seed_bootstrap_exploratory
openml_1489_phoneme,logistic_regression,global_split_cp,20,coverage_majority,10,0.9140052356020943,0.9175392670157068,0.022570259673787885,0.024214659685863893,0.9047774869109948,0.9289921465968587,0.8691099476439791,0.9410994764397905,0.9,0.9264397905759163,across_seed_bootstrap_exploratory
openml_1489_phoneme,logistic_regression,global_split_cp,20,coverage_disparity,10,0.2843522387566684,0.2834182535881216,0.027709246295904832,0.0322590301749055,0.266162031149355,0.2984210613242605,0.2368573174558608,0.3307884783721736,0.2679352403917618,0.30062885031463155,across_seed_bootstrap_exploratory
openml_1489_phoneme,logistic_regression,global_split_cp,20,singleton_rate,10,0.8345050878815912,0.8501387604070305,0.060225813752670825,0.09273820536540245,0.7849213691026826,0.8776595744680851,0.7446808510638298,0.9056429232192414,0.798427382053654,0.8683649398704901,across_seed_bootstrap_exploratory
openml_1489_phoneme,logistic_regression,global_split_cp,20,average_set_size,10,1.1654949121184088,1.1498612395929695,0.06022581375267074,0.09273820536540223,1.122340425531915,1.2150786308973172,1.0943570767807587,1.2553191489361701,1.1310823311748384,1.2018501387604068,across_seed_bootstrap_exploratory
openml_1489_phoneme,logistic_regression,global_split_cp,20,empty_rate,10,0.0,0.0,0.0,0.0,0.0,0.0,0.0,0.0,0.0,0.0,across_seed_bootstrap_exploratory
openml_1489_phoneme,logistic_regression,global_split_cp,20,doubleton_rate,10,0.1654949121184089,0.1498612395929695,0.06022581375267081,0.09273820536540243,0.12234042553191489,0.21507863089731732,0.09435707678075855,0.2553191489361702,0.13098982423681776,0.20129509713228494,across_seed_bootstrap_exploratory
openml_1489_phoneme,logistic_regression,global_split_cp,20,coverage_overall,10,0.8306197964847364,0.8283996299722479,0.02590726491874048,0.0367715078630898,0.812904717853839,0.8496762257169288,0.788159111933395,0.8677150786308974,0.8151711378353376,0.8458834412580943,across_seed_bootstrap_exploratory
openml_1489_phoneme,logistic_regression,global_split_cp,20,auroc,10,0.8121946586948982,0.808570201661519,0.009905509444224435,0.014623969808578385,0.804449435975358,0.8190734057839364,0.8020256990437182,0.8294795778486135,0.8066766107321585,0.8183536033990124,across_seed_bootstrap_exploratory
openml_1489_phoneme,logistic_regression,global_split_cp,20,auprc,10,0.5870600830806321,0.5816975435793814,0.023304609308484877,0.03443243462454215,0.5700057790831057,0.6044382137076478,0.5567420104357985,0.6286084971232686,0.5739157721294021,0.6013006699966233,across_seed_bootstrap_exploratory
openml_1489_phoneme,logistic_regression,global_split_cp,20,q_global,10,0.600425790846921,0.5986316376110387,0.03232315615691379,0.04707128768573288,0.5746868350798958,0.6217581227656287,0.5602684326697372,0.6499083411518528,0.5817677789192273,0.6196398453057643,across_seed_bootstrap_exploratory
openml_1489_phoneme,logistic_regression,global_split_cp,50,coverage_minority,10,0.714826498422713,0.7176656151419558,0.03765574442905217,0.056782334384858135,0.6869085173501577,0.7436908517350158,0.6529968454258676,0.7665615141955836,0.6924290220820188,0.7362776025236593,across_seed_bootstrap_exploratory
openml_1489_phoneme,logistic_regression,global_split_cp,50,coverage_majority,10,0.9456806282722512,0.9410994764397905,0.014100665454792596,0.02126963350785338,0.9358638743455497,0.9571335078534031,0.9267015706806283,0.9698952879581152,0.9375654450261779,0.9540575916230367,across_seed_bootstrap_exploratory
openml_1489_phoneme,logistic_regression,global_split_cp,50,coverage_disparity,10,0.2308541298495384,0.22301476538887144,0.02743066811437867,0.039229854493203625,0.2090710522404083,0.24830090673361194,0.2033337737625316,0.28810263101392297,0.21603497076651199,0.24790204304094338,across_seed_bootstrap_exploratory
openml_1489_phoneme,logistic_regression,global_split_cp,50,singleton_rate,10,0.7239592969472709,0.7284921369102683,0.04224415979077315,0.07724329324699353,0.6808510638297872,0.7580943570767807,0.669750231267345,0.7761332099907493,0.698704902867715,0.7483811285846438,across_seed_bootstrap_exploratory
openml_1489_phoneme,logistic_regression,global_split_cp,50,average_set_size,10,1.2760407030527288,1.2715078630897318,0.04224415979077308,0.07724329324699353,1.2419056429232191,1.3191489361702127,1.2238667900092508,1.3302497687326549,1.2519888991674377,1.3012950971322848,across_seed_bootstrap_exploratory
openml_1489_phoneme,logistic_regression,global_split_cp,50,empty_rate,10,0.0,0.0,0.0,0.0,0.0,0.0,0.0,0.0,0.0,0.0,across_seed_bootstrap_exploratory
openml_1489_phoneme,logistic_regression,global_split_cp,50,doubleton_rate,10,0.27604070305272893,0.27150786308973174,0.042244159790773145,0.07724329324699353,0.24190564292321926,0.3191489361702128,0.2238667900092507,0.33024976873265494,0.2518038852913968,0.3013876040703053,across_seed_bootstrap_exploratory
openml_1489_phoneme,logistic_regression,global_split_cp,50,coverage_overall,10,0.8779833487511564,0.8718778908418132,0.020009697138034396,0.030758556891766875,0.8623959296947271,0.893154486586494,0.8519888991674376,0.910268270120259,0.8667900092506938,0.8899167437557818,across_seed_bootstrap_exploratory
openml_1489_phoneme,logistic_regression,global_split_cp,50,auroc,10,0.8121946586948982,0.808570201661519,0.009905509444224435,0.014623969808578385,0.804449435975358,0.8190734057839364,0.8020256990437182,0.8294795778486135,0.8066815862057576,0.8182065791864171,across_seed_bootstrap_exploratory
openml_1489_phoneme,logistic_regression,global_split_cp,50,auprc,10,0.5870600830806321,0.5816975435793814,0.023304609308484877,0.03443243462454215,0.5700057790831057,0.6044382137076478,0.5567420104357985,0.6286084971232686,0.5739672176108602,0.6014272113314301,across_seed_bootstrap_exploratory
openml_1489_phoneme,logistic_regression,global_split_cp,50,q_global,10,0.6594489382460678,0.6517858027716991,0.026097381894746856,0.03704128718865085,0.6423005535233071,0.6793418407119579,0.6190352028964616,0.697708478342661,0.6444880506146203,0.6750636425805605,across_seed_bootstrap_exploratory
openml_1489_phoneme,logistic_regression,global_split_cp,100,coverage_minority,10,0.7627760252365932,0.7586750788643533,0.03331193108588202,0.050473186119873836,0.7405362776025236,0.7910094637223974,0.7192429022082019,0.8138801261829653,0.7438485804416404,0.7829652996845426,across_seed_bootstrap_exploratory
openml_1489_phoneme,logistic_regression,global_split_cp,100,coverage_majority,10,0.9608638743455498,0.9594240837696335,0.009784219891526967,0.009162303664921323,0.9548429319371728,0.9640052356020942,0.9476439790575916,0.9803664921465969,0.955497382198953,0.9668848167539267,across_seed_bootstrap_exploratory
openml_1489_phoneme,logistic_regression,global_split_cp,100,coverage_disparity,10,0.19808784910895666,0.19944010438172,0.027505362271190117,0.03836585627694189,0.17757692371215747,0.21594277998909936,0.1563165805077048,0.24541678365567243,0.18197532495416788,0.2143673509835334,across_seed_bootstrap_exploratory
openml_1489_phoneme,logistic_regression,global_split_cp,100,singleton_rate,10,0.6575393154486587,0.666049953746531,0.04290434154827245,0.06406105457909339,0.6232654949121185,0.6873265494912119,0.5818686401480111,0.7215541165587419,0.6314523589269194,0.6819611470860314,across_seed_bootstrap_exploratory
openml_1489_phoneme,logistic_regression,global_split_cp,100,average_set_size,10,1.3424606845513414,1.333950046253469,0.04290434154827245,0.06406105457909339,1.3126734505087883,1.3767345050878816,1.2784458834412582,1.418131359851989,1.3180388529139684,1.368177613320999,across_seed_bootstrap_exploratory
openml_1489_phoneme,logistic_regression,global_split_cp,100,empty_rate,10,0.0,0.0,0.0,0.0,0.0,0.0,0.0,0.0,0.0,0.0,across_seed_bootstrap_exploratory
openml_1489_phoneme,logistic_regression,global_split_cp,100,doubleton_rate,10,0.3424606845513414,0.333950046253469,0.04290434154827247,0.06406105457909345,0.31267345050878814,0.3767345050878816,0.2784458834412581,0.4181313598519889,0.3177613320999075,0.368177613320999,across_seed_bootstrap_exploratory
openml_1489_phoneme,logistic_regression,global_split_cp,100,coverage_overall,10,0.9027752081406106,0.8977798334875116,0.015371190656429029,0.018963922294171986,0.8929232192414431,0.9118871415356151,0.8825161887141536,0.9315448658649399,0.8941720629047178,0.9123959296947272,across_seed_bootstrap_exploratory
openml_1489_phoneme,logistic_regression,global_split_cp,100,auroc,10,0.8121946586948982,0.808570201661519,0.009905509444224435,0.014623969808578385,0.804449435975358,0.8190734057839364,0.8020256990437182,0.8294795778486135,0.8067087758270435,0.8183193428245826,across_seed_bootstrap_exploratory
openml_1489_phoneme,logistic_regression,global_split_cp,100,auprc,10,0.5870600830806321,0.5816975435793814,0.023304609308484877,0.03443243462454215,0.5700057790831057,0.6044382137076478,0.5567420104357985,0.6286084971232686,0.5739899110646249,0.6013891011363235,across_seed_bootstrap_exploratory
openml_1489_phoneme,logistic_regression,global_split_cp,100,q_global,10,0.694973441896878,0.6867609750208068,0.023434892759119603,0.02896976357994585,0.6829518487558349,0.7119216123357808,0.6654997264581957,0.7333339958574303,0.6817891201573388,0.7092172366139992,across_seed_bootstrap_exploratory
openml_1489_phoneme,logistic_regression,class_conditional_cp,10,coverage_minority,10,0.9198738170347003,0.9148264984227129,0.04738166146503112,0.0362776025236593,0.9093059936908517,0.945583596214511,0.8359621451104101,0.9905362776025236,0.8917981072555206,0.9473186119873815,across_seed_bootstrap_exploratory
openml_1489_phoneme,logistic_regression,class_conditional_cp,10,coverage_majority,10,0.8988219895287959,0.9011780104712042,0.021490164289056868,0.023232984293193648,0.8874345549738221,0.9106675392670157,0.8547120418848168,0.9358638743455497,0.8858638743455497,0.9112565445026177,across_seed_bootstrap_exploratory
openml_1489_phoneme,logistic_regression,class_conditional_cp,10,coverage_disparity,10,0.05033238641055708,0.05076015326936101,0.03191639537596176,0.0408236576543842,0.027391943448890926,0.06821560110327513,0.005095215287297505,0.09990172923513962,0.0316918881199729,0.06938335095050126,across_seed_bootstrap_exploratory
openml_1489_phoneme,logistic_regression,class_conditional_cp,10,singleton_rate,10,0.5642923219241442,0.5670675300647549,0.08369591879375815,0.06082331174838118,0.5575855689176688,0.6184088806660499,0.40795559666975023,0.6567992599444958,0.5120259019426457,0.609990749306198,across_seed_bootstrap_exploratory
openml_1489_phoneme,logistic_regression,class_conditional_cp,10,average_set_size,10,1.4357076780758555,1.432932469935245,0.08369591879375811,0.06082331174838096,1.38159111933395,1.442414431082331,1.3432007400555042,1.5920444033302497,1.389914431082331,1.4872363552266419,across_seed_bootstrap_exploratory
openml_1489_phoneme,logistic_regression,class_conditional_cp,10,empty_rate,10,0.0,0.0,0.0,0.0,0.0,0.0,0.0,0.0,0.0,0.0,across_seed_bootstrap_exploratory
openml_1489_phoneme,logistic_regression,class_conditional_cp,10,doubleton_rate,10,0.43570767807585564,0.43293246993524515,0.08369591879375815,0.06082331174838107,0.38159111933395007,0.44241443108233114,0.34320074005550416,0.5920444033302498,0.3895467160037003,0.4883441258094357,across_seed_bootstrap_exploratory
openml_1489_phoneme,logistic_regression,class_conditional_cp,10,coverage_overall,10,0.904995374653099,0.9056429232192414,0.01709669038281399,0.015263644773358065,0.8954671600370028,0.9107308048103608,0.8723404255319149,0.9324699352451434,0.8948196114708604,0.9148936170212766,across_seed_bootstrap_exploratory
openml_1489_phoneme,logistic_regression,class_conditional_cp,10,auroc,10,0.8121946586948982,0.808570201661519,0.009905509444224435,0.014623969808578385,0.804449435975358,0.8190734057839364,0.8020256990437182,0.8294795778486135,0.8067178700018166,0.8182325404231424,across_seed_bootstrap_exploratory
openml_1489_phoneme,logistic_regression,class_conditional_cp,10,auprc,10,0.5870600830806321,0.5816975435793814,0.023304609308484877,0.03443243462454215,0.5700057790831057,0.6044382137076478,0.5567420104357985,0.6286084971232686,0.573909993385778,0.6012026395546414,across_seed_bootstrap_exploratory
openml_1489_phoneme,logistic_regression,class_conditional_cp,10,q_minority,10,0.8438377125815286,0.8407512861109797,0.05289558050750666,0.04590394883242621,0.8160675599870192,0.8619715088194454,0.7489515729623204,0.9260010983773248,0.812935382280187,0.8750266361164031,across_seed_bootstrap_exploratory
openml_1489_phoneme,logistic_regression,class_conditional_cp,10,q_majority,10,0.5647650787561983,0.5589838043911489,0.03717376087960855,0.046511705340474774,0.5426500140557117,0.5891617193961864,0.5176377877328578,0.6273301278674918,0.543585075729616,0.5873544223533838,across_seed_bootstrap_exploratory
openml_1489_phoneme,logistic_regression,class_conditional_cp,10,threshold_gap,10,0.2790726338253304,0.30582910130907903,0.06978751555663176,0.06237957655453996,0.25140333099986234,0.3137829075544023,0.12162144509482864,0.37235798562292755,0.2351878927233491,0.316425554092691,across_seed_bootstrap_exploratory
openml_1489_phoneme,logistic_regression,class_conditional_cp,10,threshold_sum,10,1.4086027913377268,1.4032139455579524,0.05907084342341613,0.04174011565863944,1.3751539136811979,1.4168940293398373,1.339081751132495,1.5382663974367874,1.376987192440294,1.4467553312342465,across_seed_bootstrap_exploratory
openml_1489_phoneme,logistic_regression,class_conditional_cp,20,coverage_minority,10,0.9107255520504733,0.9037854889589905,0.045908417626325436,0.06624605678233442,0.8777602523659306,0.944006309148265,0.8359621451104101,0.9810725552050473,0.8842271293375393,0.9378548895899053,across_seed_bootstrap_exploratory
openml_1489_phoneme,logistic_regression,class_conditional_cp,20,coverage_majority,10,0.8988219895287959,0.9011780104712042,0.021490164289056868,0.023232984293193648,0.8874345549738221,0.9106675392670157,0.8547120418848168,0.9358638743455497,0.8859947643979057,0.9111256544502618,across_seed_bootstrap_exploratory
openml_1489_phoneme,logistic_regression,class_conditional_cp,20,coverage_disparity,10,0.04524873238971376,0.03814185673939252,0.03258823180639912,0.040232175004541876,0.027194782565610226,0.0674269575701521,0.0017713511817265548,0.09990172923513962,0.026404549358349697,0.06483594356450353,across_seed_bootstrap_exploratory
openml_1489_phoneme,logistic_regression,class_conditional_cp,20,singleton_rate,10,0.5768732654949122,0.5938945420906567,0.07632703799197219,0.048797409805735326,0.5654486586493987,0.6142460684551341,0.40980573543015725,0.692876965772433,0.5281221091581869,0.6183163737280296,across_seed_bootstrap_exploratory
openml_1489_phoneme,logistic_regression,class_conditional_cp,20,average_set_size,10,1.4231267345050882,1.406105457909343,0.07632703799197219,0.04879740980573555,1.385753931544866,1.4345513413506015,1.307123034227567,1.5901942645698428,1.3816836262719705,1.4715078630897316,across_seed_bootstrap_exploratory
openml_1489_phoneme,logistic_regression,class_conditional_cp,20,empty_rate,10,0.0,0.0,0.0,0.0,0.0,0.0,0.0,0.0,0.0,0.0,across_seed_bootstrap_exploratory
openml_1489_phoneme,logistic_regression,class_conditional_cp,20,doubleton_rate,10,0.4231267345050879,0.4061054579093432,0.07632703799197217,0.04879740980573544,0.38575393154486587,0.4345513413506013,0.3071230342275671,0.5901942645698427,0.38131359851988905,0.4714153561517113,across_seed_bootstrap_exploratory
openml_1489_phoneme,logistic_regression,class_conditional_cp,20,coverage_overall,10,0.9023126734505087,0.9056429232192414,0.01689613329410675,0.01549491211840881,0.8943108233117484,0.9098057354301572,0.8677150786308974,0.9324699352451434,0.8919518963922295,0.9118408880666049,across_seed_bootstrap_exploratory
openml_1489_phoneme,logistic_regression,class_conditional_cp,20,auroc,10,0.8121946586948982,0.808570201661519,0.009905509444224435,0.014623969808578385,0.804449435975358,0.8190734057839364,0.8020256990437182,0.8294795778486135,0.8066947887591459,0.8183024344723931,across_seed_bootstrap_exploratory
openml_1489_phoneme,logistic_regression,class_conditional_cp,20,auprc,10,0.5870600830806321,0.5816975435793814,0.023304609308484877,0.03443243462454215,0.5700057790831057,0.6044382137076478,0.5567420104357985,0.6286084971232686,0.574132717625935,0.6014589983422779,across_seed_bootstrap_exploratory
openml_1489_phoneme,logistic_regression,class_conditional_cp,20,q_minority,10,0.8347186532937332,0.8164277969210327,0.05496733614203443,0.06788521192106134,0.8030547497711422,0.8709399616922036,0.7489515729623204,0.9249847039976443,0.8028762243349746,0.8672250641073087,across_seed_bootstrap_exploratory
openml_1489_phoneme,logistic_regression,class_conditional_cp,20,q_majority,10,0.5647650787561983,0.5589838043911489,0.03717376087960855,0.046511705340474774,0.5426500140557117,0.5891617193961864,0.5176377877328578,0.6273301278674918,0.5440345403990143,0.5870558665364097,across_seed_bootstrap_exploratory
openml_1489_phoneme,logistic_regression,class_conditional_cp,20,threshold_gap,10,0.26995357453753493,0.27195405067667416,0.0696298425839022,0.07985167052315192,0.23782704906967203,0.31767871959282395,0.12162144509482864,0.35252284660421074,0.2269359568476917,0.30778545345776687,across_seed_bootstrap_exploratory
openml_1489_phoneme,logistic_regression,class_conditional_cp,20,threshold_sum,10,1.3994837320499314,1.3872962415269179,0.06291484803059157,0.04818785430229644,1.367076560514449,1.4152644148167455,1.3029237962909521,1.5372500030571068,1.3655074714103772,1.4390351318147605,across_seed_bootstrap_exploratory
openml_1489_phoneme,logistic_regression,class_conditional_cp,50,coverage_minority,10,0.902839116719243,0.8958990536277602,0.03936692814064385,0.06703470031545744,0.8698738170347003,0.9369085173501578,0.8548895899053628,0.9558359621451105,0.8804416403785489,0.9258675078864353,across_seed_bootstrap_exploratory
openml_1489_phoneme,logistic_regression,class_conditional_cp,50,coverage_majority,10,0.8988219895287959,0.9011780104712042,0.021490164289056868,0.023232984293193648,0.8874345549738221,0.9106675392670157,0.8547120418848168,0.9358638743455497,0.8856020942408378,0.9108638743455497,across_seed_bootstrap_exploratory
openml_1489_phoneme,logistic_regression,class_conditional_cp,50,coverage_disparity,10,0.033723801344410144,0.035784184187490686,0.014209813102630814,0.021757890564354898,0.022381373148132905,0.0441392637124878,0.009154045617454254,0.05393743703238807,0.025244840784844874,0.04192877021157114,across_seed_bootstrap_exploratory
openml_1489_phoneme,logistic_regression,class_conditional_cp,50,singleton_rate,10,0.5974098057354302,0.5985198889916744,0.07902208112253914,0.08001850138760414,0.5716928769657724,0.6517113783533766,0.4606845513413506,0.696577243293247,0.5497687326549492,0.6424606845513413,across_seed_bootstrap_exploratory
openml_1489_phoneme,logistic_regression,class_conditional_cp,50,average_set_size,10,1.40259019426457,1.4014801110083255,0.07902208112253911,0.08001850138760402,1.3482886216466237,1.4283071230342277,1.3034227567067531,1.5393154486586493,1.357722016651249,1.4509736355226641,across_seed_bootstrap_exploratory
openml_1489_phoneme,logistic_regression,class_conditional_cp,50,empty_rate,10,0.0,0.0,0.0,0.0,0.0,0.0,0.0,0.0,0.0,0.0,across_seed_bootstrap_exploratory
openml_1489_phoneme,logistic_regression,class_conditional_cp,50,doubleton_rate,10,0.40259019426456993,0.40148011100832565,0.07902208112253913,0.08001850138760408,0.3482886216466235,0.4283071230342276,0.303422756706753,0.5393154486586494,0.35781683626271976,0.44976873265494915,across_seed_bootstrap_exploratory
openml_1489_phoneme,logistic_regression,class_conditional_cp,50,coverage_overall,10,0.9,0.8982423681776133,0.02192780871919794,0.023589269195189666,0.8845975948196114,0.9081868640148011,0.8677150786308974,0.9417206290471786,0.8876965772432932,0.9132284921369103,across_seed_bootstrap_exploratory
openml_1489_phoneme,logistic_regression,class_conditional_cp,50,auroc,10,0.8121946586948982,0.808570201661519,0.009905509444224435,0.014623969808578385,0.804449435975358,0.8190734057839364,0.8020256990437182,0.8294795778486135,0.8066788404049747,0.8182511519976217,across_seed_bootstrap_exploratory
openml_1489_phoneme,logistic_regression,class_conditional_cp,50,auprc,10,0.5870600830806321,0.5816975435793814,0.023304609308484877,0.03443243462454215,0.5700057790831057,0.6044382137076478,0.5567420104357985,0.6286084971232686,0.5740670246099641,0.6014000458807209,across_seed_bootstrap_exploratory
openml_1489_phoneme,logistic_regression,class_conditional_cp,50,q_minority,10,0.8247668286709608,0.8048462574889332,0.0467184895636141,0.08034426759053503,0.7850585362182811,0.8654028038088162,0.7766501586498111,0.8931196006322306,0.7981068686186973,0.8528763686734117,across_seed_bootstrap_exploratory
openml_1489_phoneme,logistic_regression,class_conditional_cp,50,q_majority,10,0.5647650787561983,0.5589838043911489,0.03717376087960855,0.046511705340474774,0.5426500140557117,0.5891617193961864,0.5176377877328578,0.6273301278674918,0.5436496214446058,0.5876335125032045,across_seed_bootstrap_exploratory
openml_1489_phoneme,logistic_regression,class_conditional_cp,50,threshold_gap,10,0.2600017499147625,0.2627489833440054,0.03653372706919892,0.03904049028821044,0.2385122910976747,0.27755278138588513,0.1998635742609447,0.3193318244777047,0.2386184132237044,0.28135716557076446,across_seed_bootstrap_exploratory
openml_1489_phoneme,logistic_regression,class_conditional_cp,50,threshold_sum,10,1.3895319074271593,1.3867238262028212,0.07612028846840338,0.08969096803520138,1.3254497598629975,1.415140727898199,1.3029237962909521,1.5152421850582143,1.346470985485339,1.4350721211532138,across_seed_bootstrap_exploratory
openml_1489_phoneme,logistic_regression,class_conditional_cp,100,coverage_minority,10,0.8940063091482651,0.9037854889589905,0.04768406602672948,0.0654574132492114,0.86198738170347,0.9274447949526814,0.807570977917981,0.9558359621451105,0.8649842271293375,0.9211356466876971,across_seed_bootstrap_exploratory
openml_1489_phoneme,logistic_regression,class_conditional_cp,100,coverage_majority,10,0.8988219895287959,0.9011780104712042,0.021490164289056868,0.023232984293193648,0.8874345549738221,0.9106675392670157,0.8547120418848168,0.9358638743455497,0.8856020942408376,0.9112565445026177,across_seed_bootstrap_exploratory
openml_1489_phoneme,logistic_regression,class_conditional_cp,100,coverage_disparity,10,0.04003294960939437,0.03262961005499859,0.02251692932119834,0.01608977323401653,0.027130782697738998,0.04322055593175553,0.019972087799560723,0.09426148281500324,0.02870718202388231,0.0547303541050754,across_seed_bootstrap_exploratory
openml_1489_phoneme,logistic_regression,class_conditional_cp,100,singleton_rate,10,0.6092506938020352,0.6017576318223867,0.07695850792349025,0.08371877890841817,0.5737742830712304,0.6574930619796485,0.48196114708603144,0.7419056429232193,0.5643848288621648,0.6545790934320073,across_seed_bootstrap_exploratory
openml_1489_phoneme,logistic_regression,class_conditional_cp,100,average_set_size,10,1.390749306197965,1.3982423681776133,0.07695850792349024,0.08371877890841817,1.3425069380203516,1.4262257169287698,1.2580943570767809,1.5180388529139686,1.346068455134135,1.436077705827937,across_seed_bootstrap_exploratory
openml_1489_phoneme,logistic_regression,class_conditional_cp,100,empty_rate,10,0.0,0.0,0.0,0.0,0.0,0.0,0.0,0.0,0.0,0.0,across_seed_bootstrap_exploratory
openml_1489_phoneme,logistic_regression,class_conditional_cp,100,doubleton_rate,10,0.3907493061979649,0.3982423681776133,0.07695850792349027,0.08371877890841817,0.3425069380203515,0.42622571692876965,0.25809435707678074,0.5180388529139686,0.34560592044403327,0.4355249768732653,across_seed_bootstrap_exploratory
openml_1489_phoneme,logistic_regression,class_conditional_cp,100,coverage_overall,10,0.89740980573543,0.8973172987974098,0.022899282364016643,0.03214616096207212,0.876040703052729,0.9081868640148011,0.8723404255319149,0.9417206290471786,0.8846438482886217,0.9114708603145235,across_seed_bootstrap_exploratory
openml_1489_phoneme,logistic_regression,class_conditional_cp,100,auroc,10,0.8121946586948982,0.808570201661519,0.009905509444224435,0.014623969808578385,0.804449435975358,0.8190734057839364,0.8020256990437182,0.8294795778486135,0.8068178439889675,0.8182664500305546,across_seed_bootstrap_exploratory
openml_1489_phoneme,logistic_regression,class_conditional_cp,100,auprc,10,0.5870600830806321,0.5816975435793814,0.023304609308484877,0.03443243462454215,0.5700057790831057,0.6044382137076478,0.5567420104357985,0.6286084971232686,0.5739676883290438,0.6013260339020201,across_seed_bootstrap_exploratory
openml_1489_phoneme,logistic_regression,class_conditional_cp,100,q_minority,10,0.8180340497996397,0.8235117558011557,0.04858938827738513,0.0803958067855759,0.7815649800722158,0.8619607868577916,0.7496110989386443,0.8747386410172165,0.7889400415196562,0.8460135542378554,across_seed_bootstrap_exploratory
openml_1489_phoneme,logistic_regression,class_conditional_cp,100,q_majority,10,0.5647650787561983,0.5589838043911489,0.03717376087960855,0.046511705340474774,0.5426500140557117,0.5891617193961864,0.5176377877328578,0.6273301278674918,0.5434271096476387,0.587488238363933,across_seed_bootstrap_exploratory
openml_1489_phoneme,logistic_regression,class_conditional_cp,100,threshold_gap,10,0.2532689710434413,0.2475833937439854,0.04466220421521946,0.052142683033261666,0.23164763568656824,0.2837903187198299,0.18492775859897315,0.3193318244777047,0.22710317212193193,0.2797694444366127,across_seed_bootstrap_exploratory
openml_1489_phoneme,logistic_regression,class_conditional_cp,100,threshold_sum,10,1.3827991285558379,1.3878056159487202,0.07410075449580555,0.0864386509466124,1.325260060000562,1.4116987109471744,1.2690226126398145,1.5015896604420105,1.340054798592514,1.427588805513404,across_seed_bootstrap_exploratory
openml_1489_phoneme,xgboost,global_split_cp,10,coverage_minority,10,0.7586750788643533,0.77602523659306,0.07815665646322281,0.07807570977917988,0.7334384858044164,0.8115141955835963,0.5709779179810726,0.8391167192429022,0.7078864353312302,0.798422712933754,across_seed_bootstrap_exploratory
openml_1489_phoneme,xgboost,global_split_cp,10,coverage_majority,10,0.912434554973822,0.9175392670157068,0.018942161886261553,0.01963350785340312,0.9034685863874345,0.9231020942408377,0.8691099476439791,0.93717277486911,0.9006544502617801,0.9225130890052358,across_seed_bootstrap_exploratory
openml_1489_phoneme,xgboost,global_split_cp,10,coverage_disparity,10,0.15375947610946866,0.13839248848002378,0.06233547186063574,0.06567418699522681,0.11793936941549543,0.18361355641072225,0.08889375196128624,0.29813202966290653,0.1212602606239781,0.19267464738137313,across_seed_bootstrap_exploratory
openml_1489_phoneme,xgboost,global_split_cp,10,singleton_rate,10,0.951063829787234,0.9639222941720629,0.04620914723003038,0.02405180388529138,0.9463459759481961,0.9703977798334875,0.8344125809435707,0.9944495837187789,0.9202590194264572,0.9738205365402404,across_seed_bootstrap_exploratory
openml_1489_phoneme,xgboost,global_split_cp,10,average_set_size,10,0.9597594819611471,0.9639222941720629,0.054743911097354186,0.05041628122109143,0.9463459759481961,0.9967622571692876,0.8344125809435707,1.0296022201665125,0.9247918593894543,0.9889916743755782,across_seed_bootstrap_exploratory
openml_1489_phoneme,xgboost,global_split_cp,10,empty_rate,10,0.044588344125809434,0.036077705827937095,0.049785580509439195,0.04625346901017577,0.0074005550416281225,0.05365402405180389,0.0,0.16558741905642924,0.019518963922294172,0.07705827937095282,across_seed_bootstrap_exploratory
openml_1489_phoneme,xgboost,global_split_cp,10,doubleton_rate,10,0.004347826086956522,0.0,0.009353422813011797,0.004162812210915819,0.0,0.004162812210915819,0.0,0.02960222016651249,0.0,0.010545790934320075,across_seed_bootstrap_exploratory
openml_1489_phoneme,xgboost,global_split_cp,10,coverage_overall,10,0.8673450508788159,0.8723404255319149,0.03520723265137061,0.027520814061054666,0.8617021276595744,0.8892229417206291,0.7816836262719704,0.902867715078631,0.8446808510638298,0.8851063829787235,across_seed_bootstrap_exploratory
openml_1489_phoneme,xgboost,global_split_cp,10,auroc,10,0.9508080499446712,0.9510008753530315,0.0033277278969806056,0.0027953490676665416,0.9492315886831717,0.9520269377508382,0.9452574033395544,0.9573141526417493,0.9489111661188827,0.9528094083934794,across_seed_bootstrap_exploratory
openml_1489_phoneme,xgboost,global_split_cp,10,auprc,10,0.8905968108460953,0.8895130270433942,0.00858893559898529,0.007042401748430072,0.8858302805593055,0.8928726823077355,0.8804985904636522,0.9117890781728244,0.8863004113384098,0.8962309564414606,across_seed_bootstrap_exploratory
openml_1489_phoneme,xgboost,global_split_cp,10,q_global,10,0.4318732261657715,0.42796337604522705,0.08893306922486782,0.08226338028907776,0.4159219264984131,0.49818530678749084,0.2386794090270996,0.5446934700012207,0.37548498958349225,0.4807908952236175,across_seed_bootstrap_exploratory
openml_1489_phoneme,xgboost,global_split_cp,20,coverage_minority,10,0.7706624605678234,0.777602523659306,0.05724873685117415,0.07492113564668779,0.7413249211356466,0.8162460567823344,0.6593059936908517,0.8485804416403786,0.7365930599369085,0.8031545741324921,across_seed_bootstrap_exploratory
openml_1489_phoneme,xgboost,global_split_cp,20,coverage_majority,10,0.9176701570680628,0.9175392670157068,0.01673312135313777,0.01996073298429324,0.9044502617801047,0.9244109947643979,0.8952879581151832,0.9463350785340314,0.9082428010471202,0.927490183246073,across_seed_bootstrap_exploratory
openml_1489_phoneme,xgboost,global_split_cp,20,coverage_disparity,10,0.14700769650023948,0.14097725733727517,0.044850869461876774,0.05875291096173227,0.11615253439476769,0.17490544535649996,0.09496754587345368,0.2359819644243315,0.1221170124035873,0.1741296017969511,across_seed_bootstrap_exploratory
openml_1489_phoneme,xgboost,global_split_cp,20,singleton_rate,10,0.9534690101757632,0.959759481961147,0.027093462722303237,0.02913968547641077,0.9401017576318224,0.9692414431082331,0.9000925069380203,0.9898242368177613,0.9370952821461611,0.9683626271970398,across_seed_bootstrap_exploratory
openml_1489_phoneme,xgboost,global_split_cp,20,average_set_size,10,0.9717853839037929,0.9648473635522664,0.04748939767783525,0.05157261794634593,0.9486586493987049,1.0002312673450509,0.9000925069380203,1.0619796484736355,0.945235892691952,1.0005550416281221,across_seed_bootstrap_exploratory
openml_1489_phoneme,xgboost,global_split_cp,20,empty_rate,10,0.03737280296022202,0.03515263644773358,0.0332802200472522,0.04394079555966697,0.0074005550416281225,0.05134135060129509,0.0,0.09990749306197964,0.018778908418131363,0.05772664199814966,across_seed_bootstrap_exploratory
openml_1489_phoneme,xgboost,global_split_cp,20,doubleton_rate,10,0.009158186864014801,0.0,0.019674253750795286,0.007631822386679001,0.0,0.007631822386679001,0.0,0.061979648473635525,0.0,0.02247918593894542,across_seed_bootstrap_exploratory
openml_1489_phoneme,xgboost,global_split_cp,20,coverage_overall,10,0.8745605920444033,0.8723404255319149,0.02724098527476352,0.02913968547641066,0.8612395929694727,0.8903792784458834,0.8260869565217391,0.9176688251618872,0.8582793709528215,0.8904717853839038,across_seed_bootstrap_exploratory
openml_1489_phoneme,xgboost,global_split_cp,20,auroc,10,0.9508080499446712,0.9510008753530315,0.0033277278969806056,0.0027953490676665416,0.9492315886831717,0.9520269377508382,0.9452574033395544,0.9573141526417493,0.9488946603465077,0.9527776149107304,across_seed_bootstrap_exploratory
openml_1489_phoneme,xgboost,global_split_cp,20,auprc,10,0.8905968108460953,0.8895130270433942,0.00858893559898529,0.007042401748430072,0.8858302805593055,0.8928726823077355,0.8804985904636522,0.9117890781728244,0.8861852147491822,0.8961205497670643,across_seed_bootstrap_exploratory
openml_1489_phoneme,xgboost,global_split_cp,20,q_global,10,0.4502875506877899,0.4292301535606384,0.080903962371804,0.09520614147186279,0.4141586124897003,0.5093647539615631,0.33109748363494873,0.5908340811729431,0.40408814132213594,0.49873945370316486,across_seed_bootstrap_exploratory
openml_1489_phoneme,xgboost,global_split_cp,50,coverage_minority,10,0.8059936908517351,0.8091482649842272,0.04469289282303556,0.08201892744479489,0.7626182965299685,0.8446372239747634,0.7539432176656151,0.861198738170347,0.7794952681388012,0.8318611987381704,across_seed_bootstrap_exploratory
openml_1489_phoneme,xgboost,global_split_cp,50,coverage_majority,10,0.9325916230366493,0.9319371727748691,0.012390464067332383,0.01308900523560197,0.9273560209424084,0.9404450261780104,0.9096858638743456,0.9528795811518325,0.925261780104712,0.9397905759162303,across_seed_bootstrap_exploratory
openml_1489_phoneme,xgboost,global_split_cp,50,coverage_disparity,10,0.1265979321849142,0.1238624539613854,0.03798789397407218,0.06454180223627926,0.09213297108031776,0.15667477331659702,0.07990073826944355,0.18138388359456292,0.10458651956331447,0.14880094183031362,across_seed_bootstrap_exploratory
openml_1489_phoneme,xgboost,global_split_cp,50,singleton_rate,10,0.9608695652173912,0.9629972247918595,0.020653208360329543,0.010869565217391353,0.9592969472710453,0.9701665124884367,0.9278445883441259,0.9972247918593895,0.9486586493987049,0.9727104532839963,across_seed_bootstrap_exploratory
openml_1489_phoneme,xgboost,global_split_cp,50,average_set_size,10,1.0117483811285846,1.0180388529139686,0.04443554609583013,0.06706753006475485,0.9717853839037928,1.0388529139685476,0.9592969472710453,1.0721554116558742,0.9858441258094355,1.0373728029602223,across_seed_bootstrap_exploratory
openml_1489_phoneme,xgboost,global_split_cp,50,empty_rate,10,0.013691026827012027,0.0,0.018199824170674127,0.028214616096207217,0.0,0.028214616096207217,0.0,0.04070305272895467,0.0028677150786308976,0.024699352451433856,across_seed_bootstrap_exploratory
openml_1489_phoneme,xgboost,global_split_cp,50,doubleton_rate,10,0.025439407955596665,0.018038852913968548,0.02948394116059553,0.03885291396854764,0.0,0.03885291396854764,0.0,0.07215541165587419,0.008140610545790935,0.04329324699352451,across_seed_bootstrap_exploratory
openml_1489_phoneme,xgboost,global_split_cp,50,coverage_overall,10,0.8954671600370029,0.8950046253469011,0.01987883004783991,0.0328399629972248,0.8783533765032377,0.9111933395004626,0.8686401480111008,0.9232192414431082,0.8837187789084181,0.9070305272895467,across_seed_bootstrap_exploratory
openml_1489_phoneme,xgboost,global_split_cp,50,auroc,10,0.9508080499446712,0.9510008753530315,0.0033277278969806056,0.0027953490676665416,0.9492315886831717,0.9520269377508382,0.9452574033395544,0.9573141526417493,0.9489049725832822,0.9528168509587593,across_seed_bootstrap_exploratory
openml_1489_phoneme,xgboost,global_split_cp,50,auprc,10,0.8905968108460953,0.8895130270433942,0.00858893559898529,0.007042401748430072,0.8858302805593055,0.8928726823077355,0.8804985904636522,0.9117890781728244,0.8861919951655948,0.8961908169163156,across_seed_bootstrap_exploratory
openml_1489_phoneme,xgboost,global_split_cp,50,q_global,10,0.5148261278867722,0.5233331769704819,0.07389655920752655,0.1201208233833313,0.4422626793384552,0.5623835027217865,0.42939430475234985,0.6222521066665649,0.4719773232936859,0.557908990457654,across_seed_bootstrap_exploratory
openml_1489_phoneme,xgboost,global_split_cp,100,coverage_minority,10,0.8261829652996845,0.8233438485804416,0.03991502482747416,0.05993690851735023,0.7902208201892744,0.8501577287066246,0.7854889589905363,0.9053627760252366,0.804416403785489,0.850788643533123,across_seed_bootstrap_exploratory
openml_1489_phoneme,xgboost,global_split_cp,100,coverage_majority,10,0.9414921465968586,0.9384816753926701,0.013176698674147572,0.01963350785340312,0.9342277486910995,0.9538612565445026,0.9175392670157068,0.9581151832460733,0.9337696335078534,0.9492146596858639,across_seed_bootstrap_exploratory
openml_1489_phoneme,xgboost,global_split_cp,100,coverage_disparity,10,0.11530918129717412,0.11971897864468928,0.034140254586454,0.04159578509257264,0.09513683584653249,0.13673262093910513,0.051443506697276487,0.16947165012304488,0.09456966282392193,0.13470965737361057,across_seed_bootstrap_exploratory
openml_1489_phoneme,xgboost,global_split_cp,100,singleton_rate,10,0.9568917668825161,0.9569842738205365,0.04057249264975603,0.04093432007400555,0.9456521739130435,0.986586493987049,0.8667900092506938,1.0,0.9311748381128584,0.9786308973172988,across_seed_bootstrap_exploratory
openml_1489_phoneme,xgboost,global_split_cp,100,average_set_size,10,1.037372802960222,1.0430157261794635,0.04646513394460178,0.05504162812210922,0.9993061979648473,1.0543478260869565,0.9851988899167438,1.1332099907493063,1.0115633672525441,1.0660499537465309,across_seed_bootstrap_exploratory
openml_1489_phoneme,xgboost,global_split_cp,100,empty_rate,10,0.0028677150786308976,0.0,0.0058254076971111105,0.0006938020351526365,0.0,0.0006938020351526365,0.0,0.014801110083256245,0.0,0.006845513413506013,across_seed_bootstrap_exploratory
openml_1489_phoneme,xgboost,global_split_cp,100,doubleton_rate,10,0.04024051803885291,0.04301572617946346,0.04322768258089466,0.05434782608695652,0.0,0.05434782608695652,0.0,0.1332099907493062,0.017113783533765033,0.0673450508788159,across_seed_bootstrap_exploratory
openml_1489_phoneme,xgboost,global_split_cp,100,coverage_overall,10,0.9076780758556892,0.910268270120259,0.018664101023281494,0.020351526364477235,0.8945420906567993,0.9148936170212766,0.8788159111933395,0.9417206290471786,0.896854764107308,0.9188714153561518,across_seed_bootstrap_exploratory
openml_1489_phoneme,xgboost,global_split_cp,100,auroc,10,0.9508080499446712,0.9510008753530315,0.0033277278969806056,0.0027953490676665416,0.9492315886831717,0.9520269377508382,0.9452574033395544,0.9573141526417493,0.9488946500239482,0.9527763658810511,across_seed_bootstrap_exploratory
openml_1489_phoneme,xgboost,global_split_cp,100,auprc,10,0.8905968108460953,0.8895130270433942,0.00858893559898529,0.007042401748430072,0.8858302805593055,0.8928726823077355,0.8804985904636522,0.9117890781728244,0.8862553364697522,0.8961655602941029,across_seed_bootstrap_exploratory
openml_1489_phoneme,xgboost,global_split_cp,100,q_global,10,0.5567607581615448,0.5679978132247925,0.07520300441024697,0.0922628790140152,0.4992184042930603,0.5914812833070755,0.45648884773254395,0.7045244574546814,0.5140984372794628,0.6019950161874295,across_seed_bootstrap_exploratory
openml_1489_phoneme,xgboost,class_conditional_cp,10,coverage_minority,10,0.9053627760252366,0.9195583596214512,0.07285176898291808,0.07728706624605686,0.8785488958990536,0.9558359621451105,0.7539432176656151,0.9842271293375394,0.8593059936908517,0.945110410094637,across_seed_bootstrap_exploratory
openml_1489_phoneme,xgboost,class_conditional_cp,10,coverage_majority,10,0.9052356020942408,0.9037958115183247,0.022848136612988693,0.021596858638743388,0.8972513089005236,0.918848167539267,0.8534031413612565,0.93717277486911,0.8907068062827225,0.9175392670157068,across_seed_bootstrap_exploratory
openml_1489_phoneme,xgboost,class_conditional_cp,10,coverage_disparity,10,0.06685219746643103,0.049657703932482145,0.054010561949119955,0.07015624225808056,0.02919426230861974,0.0993505045667003,0.0009125142451319457,0.17144945249145294,0.0370729970105868,0.100242373693164,across_seed_bootstrap_exploratory
openml_1489_phoneme,xgboost,class_conditional_cp,10,singleton_rate,10,0.901850138760407,0.9315448658649399,0.08602918662750336,0.09805735430157259,0.8561517113783534,0.954209065679926,0.7419056429232193,0.9888991674375578,0.8493061979648473,0.9481036077705827,across_seed_bootstrap_exploratory
openml_1489_phoneme,xgboost,class_conditional_cp,10,average_set_size,10,1.0894542090656798,1.06845513413506,0.09598760682965395,0.12095282146160957,1.022895467160037,1.1438482886216466,0.9565217391304348,1.2580943570767809,1.0355226641998152,1.1481036077705826,across_seed_bootstrap_exploratory
openml_1489_phoneme,xgboost,class_conditional_cp,10,empty_rate,10,0.004347826086956522,0.0,0.013749033305079908,0.0,0.0,0.0,0.0,0.043478260869565216,0.0,0.013043478260869565,across_seed_bootstrap_exploratory
openml_1489_phoneme,xgboost,class_conditional_cp,10,doubleton_rate,10,0.09380203515263644,0.06845513413506013,0.09010152546717963,0.12095282146160961,0.022895467160037,0.14384828862164661,0.0,0.25809435707678074,0.04431082331174838,0.14912349676225695,across_seed_bootstrap_exploratory
openml_1489_phoneme,xgboost,class_conditional_cp,10,coverage_overall,10,0.90527289546716,0.9056429232192414,0.017075265078645735,0.01549491211840881,0.8950046253469011,0.9104995374653099,0.8751156336725254,0.9380203515263644,0.8952821461609621,0.9156336725254395,across_seed_bootstrap_exploratory
openml_1489_phoneme,xgboost,class_conditional_cp,10,auroc,10,0.9508080499446712,0.9510008753530315,0.0033277278969806056,0.0027953490676665416,0.9492315886831717,0.9520269377508382,0.9452574033395544,0.9573141526417493,0.9489045493583498,0.9528180586982016,across_seed_bootstrap_exploratory
openml_1489_phoneme,xgboost,class_conditional_cp,10,auprc,10,0.8905968108460953,0.8895130270433942,0.00858893559898529,0.007042401748430072,0.8858302805593055,0.8928726823077355,0.8804985904636522,0.9117890781728244,0.8862235699744364,0.8963473088807675,across_seed_bootstrap_exploratory
openml_1489_phoneme,xgboost,class_conditional_cp,10,q_minority,10,0.7543463196605444,0.7956497818231583,0.1952932107534103,0.24771424941718578,0.6476787179708481,0.8953929673880339,0.3791548013687134,0.9807231109589338,0.6355112958000972,0.8630788723332806,across_seed_bootstrap_exploratory
openml_1489_phoneme,xgboost,class_conditional_cp,10,q_majority,10,0.406559956073761,0.4211942255496979,0.0822303352198204,0.014690130949020386,0.4138128161430359,0.4285029470920563,0.2072402834892273,0.5099679231643677,0.3526743070781231,0.44856368616223324,across_seed_bootstrap_exploratory
openml_1489_phoneme,xgboost,class_conditional_cp,10,threshold_gap,10,0.3563675727695227,0.37430866062641144,0.235024529825603,0.2892614100128412,0.21206621825695038,0.5013276282697916,0.030185699462890625,0.7734828274697065,0.22265238351654262,0.49492478062864387,across_seed_bootstrap_exploratory
openml_1489_phoneme,xgboost,class_conditional_cp,10,threshold_sum,10,1.1609062757343054,1.181057377718389,0.1668895518720158,0.16536952927708626,1.0784562975168228,1.243825826793909,0.801215648651123,1.3896004762500525,1.0571192665584386,1.252586511708796,across_seed_bootstrap_exploratory
openml_1489_phoneme,xgboost,class_conditional_cp,20,coverage_minority,10,0.8810725552050475,0.8706624605678234,0.06678713486717867,0.07176656151419558,0.8564668769716088,0.9282334384858044,0.750788643533123,0.9873817034700315,0.8410094637223976,0.9195583596214512,across_seed_bootstrap_exploratory
openml_1489_phoneme,xgboost,class_conditional_cp,20,coverage_majority,10,0.9052356020942408,0.9037958115183247,0.022848136612988693,0.021596858638743388,0.8972513089005236,0.918848167539267,0.8534031413612565,0.93717277486911,0.8909653141361255,0.9176701570680628,across_seed_bootstrap_exploratory
openml_1489_phoneme,xgboost,class_conditional_cp,20,coverage_disparity,10,0.06156704708738665,0.05145795828034416,0.038720282616793514,0.025116851371661725,0.04383268370026591,0.06894953507192764,0.008530563033676275,0.15366161824698166,0.0416869849042892,0.0862888128230961,across_seed_bootstrap_exploratory
openml_1489_phoneme,xgboost,class_conditional_cp,20,singleton_rate,10,0.9325624421831638,0.9588344125809436,0.09188448204036725,0.0400092506938019,0.9354764107308049,0.9754856614246068,0.6808510638297872,0.9990749306197965,0.8714153561517113,0.9717853839037929,across_seed_bootstrap_exploratory
openml_1489_phoneme,xgboost,class_conditional_cp,20,average_set_size,10,1.0531914893617023,1.0309898242368178,0.1017457173525526,0.06151711378353375,1.0030064754856614,1.064523589269195,0.9555966697502313,1.3191489361702127,1.0049953746530993,1.12109158186864,across_seed_bootstrap_exploratory
openml_1489_phoneme,xgboost,class_conditional_cp,20,empty_rate,10,0.007123034227567067,0.0,0.015405792407685666,0.0006938020351526365,0.0,0.0006938020351526365,0.0,0.04440333024976873,0.0,0.017391304347826087,across_seed_bootstrap_exploratory
openml_1489_phoneme,xgboost,class_conditional_cp,20,doubleton_rate,10,0.060314523589269184,0.03098982423681776,0.09570859982257263,0.060823311748381126,0.0037002775208140612,0.06452358926919519,0.0,0.3191489361702128,0.017761332099907497,0.1240518038852914,across_seed_bootstrap_exploratory
openml_1489_phoneme,xgboost,class_conditional_cp,20,coverage_overall,10,0.898149861239593,0.9028677150786308,0.02505650026283604,0.025439407955596738,0.8808973172987974,0.9063367252543941,0.8593894542090657,0.9518963922294172,0.8840888066604995,0.9135060129509712,across_seed_bootstrap_exploratory
openml_1489_phoneme,xgboost,class_conditional_cp,20,auroc,10,0.9508080499446712,0.9510008753530315,0.0033277278969806056,0.0027953490676665416,0.9492315886831717,0.9520269377508382,0.9452574033395544,0.9573141526417493,0.9489259893140864,0.9527718446000628,across_seed_bootstrap_exploratory
openml_1489_phoneme,xgboost,class_conditional_cp,20,auprc,10,0.8905968108460953,0.8895130270433942,0.00858893559898529,0.007042401748430072,0.8858302805593055,0.8928726823077355,0.8804985904636522,0.9117890781728244,0.8862277787569272,0.8963112049399923,across_seed_bootstrap_exploratory
openml_1489_phoneme,xgboost,class_conditional_cp,20,q_minority,10,0.6984991788864136,0.6905758082866669,0.17242429584724592,0.18572541326284409,0.6238305494189262,0.8095559626817703,0.41152453422546387,0.981378398835659,0.5959834384359419,0.7998635561019182,across_seed_bootstrap_exploratory
openml_1489_phoneme,xgboost,class_conditional_cp,20,q_majority,10,0.406559956073761,0.4211942255496979,0.0822303352198204,0.014690130949020386,0.4138128161430359,0.4285029470920563,0.2072402834892273,0.5099679231643677,0.35385068714618684,0.4491975769400597,across_seed_bootstrap_exploratory
openml_1489_phoneme,xgboost,class_conditional_cp,20,threshold_gap,10,0.2931972146034241,0.3041311800479889,0.19594945796584531,0.22457481175661087,0.16068241745233536,0.38525722920894623,0.006289958953857422,0.6782933250069618,0.18050625324249267,0.4131323832646012,across_seed_bootstrap_exploratory
openml_1489_phoneme,xgboost,class_conditional_cp,20,threshold_sum,10,1.1050591349601746,1.0962309278547764,0.1837657645169835,0.1486496850848198,1.0108288899064064,1.1594785749912262,0.8293390274047852,1.4913463220000267,1.0026789964362979,1.2186816797219215,across_seed_bootstrap_exploratory
openml_1489_phoneme,xgboost,class_conditional_cp,50,coverage_minority,10,0.8911671924290221,0.8832807570977919,0.051325824865891836,0.07176656151419558,0.8651419558359621,0.9369085173501577,0.8107255520504731,0.9621451104100947,0.8605678233438485,0.9211356466876973,across_seed_bootstrap_exploratory
openml_1489_phoneme,xgboost,class_conditional_cp,50,coverage_majority,10,0.9052356020942408,0.9037958115183247,0.022848136612988693,0.021596858638743388,0.8972513089005236,0.918848167539267,0.8534031413612565,0.93717277486911,0.8910994764397906,0.9175392670157068,across_seed_bootstrap_exploratory
openml_1489_phoneme,xgboost,class_conditional_cp,50,coverage_disparity,10,0.05084149503691347,0.04571861529060067,0.030854409547764326,0.053580276479429256,0.02557414075016104,0.0791544172295903,0.012354039011016171,0.09573967331164224,0.033103972946636466,0.06935989809569422,across_seed_bootstrap_exploratory
openml_1489_phoneme,xgboost,class_conditional_cp,50,singleton_rate,10,0.941628122109158,0.9551341350601295,0.055364283946962425,0.050185013876040685,0.9317761332099908,0.9819611470860314,0.8362627197039778,0.9981498612395929,0.9071230342275671,0.9717853839037929,across_seed_bootstrap_exploratory
openml_1489_phoneme,xgboost,class_conditional_cp,50,average_set_size,10,1.0506012950971324,1.0416281221091581,0.06329357178401279,0.060592044403330325,1.007631822386679,1.0682238667900092,0.9629972247918593,1.1637372802960222,1.014708603145236,1.0895467160037002,across_seed_bootstrap_exploratory
openml_1489_phoneme,xgboost,class_conditional_cp,50,empty_rate,10,0.0038852913968547642,0.0,0.011650815394222221,0.0,0.0,0.0,0.0,0.03700277520814061,0.0,0.011285846438482888,across_seed_bootstrap_exploratory
openml_1489_phoneme,xgboost,class_conditional_cp,50,doubleton_rate,10,0.05448658649398704,0.041628122109158186,0.058308649304530134,0.06059204440333025,0.007631822386679,0.06822386679000925,0.0,0.1637372802960222,0.022941720629047178,0.09111933395004623,across_seed_bootstrap_exploratory
openml_1489_phoneme,xgboost,class_conditional_cp,50,coverage_overall,10,0.9011100832562441,0.8996299722479186,0.019861842556897814,0.01688251618871417,0.8922294172062905,0.9091119333950046,0.8714153561517114,0.940795559666975,0.8899167437557816,0.9133209990749306,across_seed_bootstrap_exploratory
openml_1489_phoneme,xgboost,class_conditional_cp,50,auroc,10,0.9508080499446712,0.9510008753530315,0.0033277278969806056,0.0027953490676665416,0.9492315886831717,0.9520269377508382,0.9452574033395544,0.9573141526417493,0.9488764719969611,0.9528197515979322,across_seed_bootstrap_exploratory
openml_1489_phoneme,xgboost,class_conditional_cp,50,auprc,10,0.8905968108460953,0.8895130270433942,0.00858893559898529,0.007042401748430072,0.8858302805593055,0.8928726823077355,0.8804985904636522,0.9117890781728244,0.8861946112046452,0.8961631382455205,across_seed_bootstrap_exploratory
openml_1489_phoneme,xgboost,class_conditional_cp,50,q_minority,10,0.7165930539369583,0.684273287653923,0.14244427246834257,0.25095290690660477,0.6099519953131676,0.8609049022197723,0.5159120559692383,0.9098217710852623,0.6356173280067743,0.8016386042535304,across_seed_bootstrap_exploratory
openml_1489_phoneme,xgboost,class_conditional_cp,50,q_majority,10,0.406559956073761,0.4211942255496979,0.0822303352198204,0.014690130949020386,0.4138128161430359,0.4285029470920563,0.2072402834892273,0.5099679231643677,0.3542206665873528,0.44876161620020866,across_seed_bootstrap_exploratory
openml_1489_phoneme,xgboost,class_conditional_cp,50,threshold_gap,10,0.3100330978631973,0.2452489733695984,0.16766670914404544,0.18492233753204346,0.18728968501091003,0.3722120225429535,0.14932239055633545,0.6782933250069618,0.2212014950066805,0.415592062231153,across_seed_bootstrap_exploratory
openml_1489_phoneme,xgboost,class_conditional_cp,50,threshold_sum,10,1.1231530100107192,1.0965480245649815,0.16122119036778315,0.17527535185217857,1.028317429125309,1.2035927809774876,0.8596174716949463,1.393806979060173,1.0294908728078007,1.220861665904522,across_seed_bootstrap_exploratory
openml_1489_phoneme,xgboost,class_conditional_cp,100,coverage_minority,10,0.8927444794952681,0.8753943217665615,0.03572089958246694,0.05126182965299686,0.8706624605678234,0.9219242902208202,0.8454258675078864,0.9558359621451105,0.8728706624605678,0.9145110410094638,across_seed_bootstrap_exploratory
openml_1489_phoneme,xgboost,class_conditional_cp,100,coverage_majority,10,0.9052356020942408,0.9037958115183247,0.022848136612988693,0.021596858638743388,0.8972513089005236,0.918848167539267,0.8534031413612565,0.93717277486911,0.8907068062827225,0.9175392670157068,across_seed_bootstrap_exploratory
openml_1489_phoneme,xgboost,class_conditional_cp,100,coverage_disparity,10,0.04553157051546732,0.04967834905115037,0.014872887515842507,0.018882025533882768,0.03347399540852561,0.05235602094240838,0.025397624985548428,0.0740416535914249,0.03696075982294747,0.05440281929740531,across_seed_bootstrap_exploratory
openml_1489_phoneme,xgboost,class_conditional_cp,100,singleton_rate,10,0.9503237742830712,0.9639222941720629,0.041460013915279786,0.04879740980573555,0.9301572617946345,0.9789546716003701,0.8556891766882516,0.9861239592969473,0.9240518038852914,0.9722479185938946,across_seed_bootstrap_exploratory
openml_1489_phoneme,xgboost,class_conditional_cp,100,average_set_size,10,1.0461609620721553,1.0360777058279371,0.045752139725578275,0.05087881591119303,1.0189639222941722,1.0698427382053652,0.9824236817761333,1.1443108233117483,1.021554116558742,1.075023126734505,across_seed_bootstrap_exploratory
openml_1489_phoneme,xgboost,class_conditional_cp,100,empty_rate,10,0.001757631822386679,0.0,0.005558119846734433,0.0,0.0,0.0,0.0,0.01757631822386679,0.0,0.005272895467160037,across_seed_bootstrap_exploratory
openml_1489_phoneme,xgboost,class_conditional_cp,100,doubleton_rate,10,0.047918593894542096,0.036077705827937095,0.043303612152236846,0.050878815911193344,0.018963922294172063,0.0698427382053654,0.0,0.14431082331174838,0.025439407955596672,0.0757631822386679,across_seed_bootstrap_exploratory
openml_1489_phoneme,xgboost,class_conditional_cp,100,coverage_overall,10,0.901572617946346,0.9042553191489362,0.01599416155586048,0.015726179463459777,0.8929232192414431,0.9086493987049029,0.8751156336725254,0.9278445883441259,0.8920444033302498,0.9107308048103608,across_seed_bootstrap_exploratory
openml_1489_phoneme,xgboost,class_conditional_cp,100,auroc,10,0.9508080499446712,0.9510008753530315,0.0033277278969806056,0.0027953490676665416,0.9492315886831717,0.9520269377508382,0.9452574033395544,0.9573141526417493,0.9488694733017325,0.9528168303136407,across_seed_bootstrap_exploratory
openml_1489_phoneme,xgboost,class_conditional_cp,100,auprc,10,0.8905968108460953,0.8895130270433942,0.00858893559898529,0.007042401748430072,0.8858302805593055,0.8928726823077355,0.8804985904636522,0.9117890781728244,0.8861707958264359,0.8961135407117643,across_seed_bootstrap_exploratory
openml_1489_phoneme,xgboost,class_conditional_cp,100,q_minority,10,0.7262066185474396,0.7006933391094208,0.10402717790937967,0.1807403415441513,0.6389061659574509,0.8196465075016022,0.6041410863399506,0.8915512710809708,0.66771788418293,0.7892454874143005,across_seed_bootstrap_exploratory
openml_1489_phoneme,xgboost,class_conditional_cp,100,q_majority,10,0.406559956073761,0.4211942255496979,0.0822303352198204,0.014690130949020386,0.4138128161430359,0.4285029470920563,0.2072402834892273,0.5099679231643677,0.3536151170730591,0.44960797145962716,across_seed_bootstrap_exploratory
openml_1489_phoneme,xgboost,class_conditional_cp,100,threshold_gap,10,0.31964666247367857,0.2663896530866623,0.14436817053050213,0.1462242230772972,0.23446249961853027,0.3806867226958275,0.16335192322731018,0.6415057331323624,0.24305454790592193,0.4117791046202183,across_seed_bootstrap_exploratory
openml_1489_phoneme,xgboost,class_conditional_cp,100,threshold_sum,10,1.1327665746212006,1.1156830936670303,0.1196862351566937,0.17482705041766167,1.052068542689085,1.2268955931067467,0.9478465020656586,1.3212659507989883,1.0655586395040153,1.2046982841938731,across_seed_bootstrap_exploratory
openml_1489_phoneme,tabpfn,global_split_cp,10,coverage_minority,10,0.7539432176656151,0.7429022082018928,0.04421408210647451,0.0662460567823343,0.7263406940063092,0.7925867507886435,0.6908517350157729,0.8170347003154574,0.7280757097791798,0.7801261829652997,across_seed_bootstrap_exploratory
openml_1489_phoneme,tabpfn,global_split_cp,10,coverage_majority,10,0.9106020942408375,0.912303664921466,0.017539592609829846,0.01472513089005234,0.9087041884816753,0.9234293193717277,0.8743455497382199,0.9280104712041884,0.8996073298429319,0.9200261780104713,across_seed_bootstrap_exploratory
openml_1489_phoneme,tabpfn,global_split_cp,10,coverage_disparity,10,0.15665887657522254,0.14902885361785057,0.038694658978611865,0.05094183031364061,0.12497832262539846,0.17592015293903907,0.110975770888731,0.21883412885857267,0.13490924405833485,0.1803759785786248,across_seed_bootstrap_exploratory
openml_1489_phoneme,tabpfn,global_split_cp,10,singleton_rate,10,0.9137835337650323,0.9088806660499538,0.03634632009089808,0.043015726179463476,0.8882978723404256,0.931313598519889,0.8603145235892692,0.9814986123959297,0.8933371877890841,0.9354301572617946,across_seed_bootstrap_exploratory
openml_1489_phoneme,tabpfn,global_split_cp,10,average_set_size,10,0.9137835337650323,0.9088806660499538,0.03634632009089808,0.043015726179463476,0.8882978723404256,0.931313598519889,0.8603145235892692,0.9814986123959297,0.8931544865864941,0.9359851988899166,across_seed_bootstrap_exploratory
openml_1489_phoneme,tabpfn,global_split_cp,10,empty_rate,10,0.08621646623496763,0.09111933395004626,0.03634632009089808,0.04301572617946345,0.06868640148011101,0.11170212765957446,0.018501387604070305,0.1396854764107308,0.06456984273820536,0.10675300647548566,across_seed_bootstrap_exploratory
openml_1489_phoneme,tabpfn,global_split_cp,10,doubleton_rate,10,0.0,0.0,0.0,0.0,0.0,0.0,0.0,0.0,0.0,0.0,across_seed_bootstrap_exploratory
openml_1489_phoneme,tabpfn,global_split_cp,10,coverage_overall,10,0.8646623496762256,0.8612395929694727,0.021917399331004082,0.03214616096207212,0.8480573543015726,0.8802035152636447,0.8307123034227567,0.8954671600370028,0.8519888991674375,0.8775208140610544,across_seed_bootstrap_exploratory
openml_1489_phoneme,tabpfn,global_split_cp,10,auroc,10,0.9719469998513551,0.9727670239648537,0.0029279203647303216,0.0025723817860504594,0.9709099955406544,0.9734823773267048,0.965964457363701,0.9761135977009596,0.970117357177069,0.97356228425851,across_seed_bootstrap_exploratory
openml_1489_phoneme,tabpfn,global_split_cp,10,auprc,10,0.9379697949608075,0.9376860109620464,0.005995290483173094,0.009552541665178493,0.9338785267545011,0.9434310684196796,0.9297430485578071,0.9465855880892584,0.9345062282203911,0.9415173232799139,across_seed_bootstrap_exploratory
openml_1489_phoneme,tabpfn,global_split_cp,10,q_global,10,0.3133083045482635,0.2975316345691681,0.07299256556395309,0.08233702182769775,0.272403359413147,0.3547403812408447,0.22207850217819214,0.46806055307388306,0.2733656245470047,0.35893052220344546,across_seed_bootstrap_exploratory
openml_1489_phoneme,tabpfn,global_split_cp,20,coverage_minority,10,0.7634069400630915,0.7444794952681388,0.04453799912628258,0.07492113564668768,0.7310725552050473,0.805993690851735,0.7034700315457413,0.8264984227129337,0.7381703470031545,0.7908517350157729,across_seed_bootstrap_exploratory
openml_1489_phoneme,tabpfn,global_split_cp,20,coverage_majority,10,0.9154450261780106,0.9201570680628273,0.019562602233145356,0.017670157068062853,0.9106675392670157,0.9283376963350786,0.8782722513089005,0.9410994764397905,0.9032722513089004,0.9260471204188482,across_seed_bootstrap_exploratory
openml_1489_phoneme,tabpfn,global_split_cp,20,coverage_disparity,10,0.152038086114919,0.1431057690719606,0.03641173974737612,0.053147761243331676,0.12408129221926764,0.17722905346259932,0.10282094901481498,0.21145143442284509,0.1314730705072093,0.17415694625662706,across_seed_bootstrap_exploratory
openml_1489_phoneme,tabpfn,global_split_cp,20,singleton_rate,10,0.9237742830712303,0.9162812210915818,0.040450444427003386,0.07053654024051803,0.8906105457909343,0.9611470860314524,0.8695652173913043,0.9870490286771508,0.9008325624421832,0.9482886216466234,across_seed_bootstrap_exploratory
openml_1489_phoneme,tabpfn,global_split_cp,20,average_set_size,10,0.9237742830712303,0.9162812210915818,0.040450444427003386,0.07053654024051803,0.8906105457909343,0.9611470860314524,0.8695652173913043,0.9870490286771508,0.9010175763182238,0.947641073080481,across_seed_bootstrap_exploratory
openml_1489_phoneme,tabpfn,global_split_cp,20,empty_rate,10,0.07622571692876966,0.08371877890841814,0.040450444427003365,0.07053654024051803,0.03885291396854764,0.10938945420906568,0.012950971322849213,0.13043478260869565,0.0520814061054579,0.09953746530989824,across_seed_bootstrap_exploratory
openml_1489_phoneme,tabpfn,global_split_cp,20,doubleton_rate,10,0.0,0.0,0.0,0.0,0.0,0.0,0.0,0.0,0.0,0.0,across_seed_bootstrap_exploratory
openml_1489_phoneme,tabpfn,global_split_cp,20,coverage_overall,10,0.8708603145235893,0.8658649398704903,0.024028863875379485,0.03862164662349665,0.8538390379278447,0.8924606845513413,0.8381128584643849,0.9056429232192414,0.8568917668825163,0.8850138760407031,across_seed_bootstrap_exploratory
openml_1489_phoneme,tabpfn,global_split_cp,20,auroc,10,0.9719469998513551,0.9727670239648537,0.0029279203647303216,0.0025723817860504594,0.9709099955406544,0.9734823773267048,0.965964457363701,0.9761135977009596,0.9701401390655194,0.9735630997406972,across_seed_bootstrap_exploratory
openml_1489_phoneme,tabpfn,global_split_cp,20,auprc,10,0.9379697949608075,0.9376860109620464,0.005995290483173094,0.009552541665178493,0.9338785267545011,0.9434310684196796,0.9297430485578071,0.9465855880892584,0.9344880628529917,0.9414675052432943,across_seed_bootstrap_exploratory
openml_1489_phoneme,tabpfn,global_split_cp,20,q_global,10,0.33395897746086123,0.3182356357574463,0.07757283197862999,0.09098181128501892,0.28244976699352264,0.37343157827854156,0.22860348224639893,0.4730953574180603,0.29065525874495507,0.3814345045387745,across_seed_bootstrap_exploratory
openml_1489_phoneme,tabpfn,global_split_cp,50,coverage_minority,10,0.7908517350157728,0.7996845425867508,0.03984848587755796,0.06861198738170349,0.7570977917981072,0.8257097791798107,0.7255520504731862,0.8296529968454258,0.7665615141955835,0.8135646687697161,across_seed_bootstrap_exploratory
openml_1489_phoneme,tabpfn,global_split_cp,50,coverage_majority,10,0.925261780104712,0.9273560209424083,0.014903978199253272,0.01799738219895286,0.9165575916230366,0.9345549738219895,0.9018324607329843,0.9476439790575916,0.9162303664921465,0.9337696335078534,across_seed_bootstrap_exploratory
openml_1489_phoneme,tabpfn,global_split_cp,50,coverage_disparity,10,0.13441004508893917,0.12189910317604502,0.03817125543801262,0.04949873651873757,0.11265421903645101,0.16215295555518858,0.07348836441111872,0.1998406196838819,0.1125152257750178,0.15724785084314657,across_seed_bootstrap_exploratory
openml_1489_phoneme,tabpfn,global_split_cp,50,singleton_rate,10,0.9490286771507863,0.9357076780758558,0.032791647229873426,0.05827937095282143,0.9216003700277521,0.9798797409805735,0.9158186864014801,0.9990749306197965,0.9307123034227567,0.9688251618871414,across_seed_bootstrap_exploratory
openml_1489_phoneme,tabpfn,global_split_cp,50,average_set_size,10,0.9490286771507863,0.9357076780758558,0.032791647229873426,0.05827937095282143,0.9216003700277521,0.9798797409805735,0.9158186864014801,0.9990749306197965,0.9306197964847364,0.9686401480111007,across_seed_bootstrap_exploratory
openml_1489_phoneme,tabpfn,global_split_cp,50,empty_rate,10,0.0509713228492137,0.0642923219241443,0.03279164722987345,0.05827937095282146,0.02012025901942646,0.07839962997224792,0.0009250693802035153,0.0841813135985199,0.031359851988899165,0.06975023126734504,across_seed_bootstrap_exploratory
openml_1489_phoneme,tabpfn,global_split_cp,50,doubleton_rate,10,0.0,0.0,0.0,0.0,0.0,0.0,0.0,0.0,0.0,0.0,across_seed_bootstrap_exploratory
openml_1489_phoneme,tabpfn,global_split_cp,50,coverage_overall,10,0.8858464384828861,0.8820536540240518,0.017906990023018477,0.03353376503237748,0.8691026827012026,0.9026364477335801,0.8649398704902868,0.9121184088806661,0.8754856614246069,0.8963922294172063,across_seed_bootstrap_exploratory
openml_1489_phoneme,tabpfn,global_split_cp,50,auroc,10,0.9719469998513551,0.9727670239648537,0.0029279203647303216,0.0025723817860504594,0.9709099955406544,0.9734823773267048,0.965964457363701,0.9761135977009596,0.9701207326539713,0.9735854067914183,across_seed_bootstrap_exploratory
openml_1489_phoneme,tabpfn,global_split_cp,50,auprc,10,0.9379697949608075,0.9376860109620464,0.005995290483173094,0.009552541665178493,0.9338785267545011,0.9434310684196796,0.9297430485578071,0.9465855880892584,0.9344522688825428,0.9414876601540512,across_seed_bootstrap_exploratory
openml_1489_phoneme,tabpfn,global_split_cp,50,q_global,10,0.3881844818592072,0.37128180265426636,0.06537956124783423,0.09193386137485504,0.33665814995765686,0.4285920113325119,0.31746459007263184,0.49549567699432373,0.35172221064567566,0.42792765721678727,across_seed_bootstrap_exploratory
openml_1489_phoneme,tabpfn,global_split_cp,100,coverage_minority,10,0.8189274447949526,0.8296529968454258,0.037655744429052174,0.06466876971608837,0.7815457413249212,0.8462145110410095,0.7697160883280757,0.8643533123028391,0.7962145110410095,0.8406940063091483,across_seed_bootstrap_exploratory
openml_1489_phoneme,tabpfn,global_split_cp,100,coverage_majority,10,0.9365183246073299,0.93782722513089,0.012173478558729238,0.018651832460732987,0.9280104712041884,0.9466623036649214,0.9162303664921466,0.9528795811518325,0.9293193717277488,0.9435863874345548,across_seed_bootstrap_exploratory
openml_1489_phoneme,tabpfn,global_split_cp,100,coverage_disparity,10,0.11759087981237717,0.115876922060548,0.03351069662038003,0.045941582572216644,0.09757812112904024,0.14351970370125688,0.06365715890134938,0.17138338811171483,0.09807959106148942,0.1372801294861843,across_seed_bootstrap_exploratory
openml_1489_phoneme,tabpfn,global_split_cp,100,singleton_rate,10,0.9721554116558743,0.9791859389454209,0.022740949212721535,0.037234042553191515,0.952358926919519,0.9895929694727105,0.938945420906568,0.9981498612395929,0.9585568917668826,0.9851063829787234,across_seed_bootstrap_exploratory
openml_1489_phoneme,tabpfn,global_split_cp,100,average_set_size,10,0.976780758556892,0.9791859389454209,0.0279209921195603,0.04579093432007397,0.952358926919519,0.9981498612395929,0.938945420906568,1.0138760407030527,0.9604070305272895,0.993154486586494,across_seed_bootstrap_exploratory
openml_1489_phoneme,tabpfn,global_split_cp,100,empty_rate,10,0.025531914893617023,0.020814061054579093,0.024968115929538074,0.045790934320074,0.0018501387604070306,0.04764107308048103,0.0,0.06105457909343201,0.011193339500462534,0.040333024976873265,across_seed_bootstrap_exploratory
openml_1489_phoneme,tabpfn,global_split_cp,100,doubleton_rate,10,0.002312673450508788,0.0,0.0049959456509465466,0.0,0.0,0.0,0.0,0.013876040703052728,0.0,0.005550416281221091,across_seed_bootstrap_exploratory
openml_1489_phoneme,tabpfn,global_split_cp,100,coverage_overall,10,0.9020351526364477,0.906567992599445,0.016964930624692485,0.02983348751156334,0.8852913968547641,0.9151248843663274,0.8788159111933395,0.9241443108233117,0.8918593894542092,0.9118408880666051,across_seed_bootstrap_exploratory
openml_1489_phoneme,tabpfn,global_split_cp,100,auroc,10,0.9719469998513551,0.9727670239648537,0.0029279203647303216,0.0025723817860504594,0.9709099955406544,0.9734823773267048,0.965964457363701,0.9761135977009596,0.9701450835714401,0.9735511255718696,across_seed_bootstrap_exploratory
openml_1489_phoneme,tabpfn,global_split_cp,100,auprc,10,0.9379697949608075,0.9376860109620464,0.005995290483173094,0.009552541665178493,0.9338785267545011,0.9434310684196796,0.9297430485578071,0.9465855880892584,0.93451898402,0.9415783251293157,across_seed_bootstrap_exploratory
openml_1489_phoneme,tabpfn,global_split_cp,100,q_global,10,0.45007761716842654,0.44040510058403015,0.05479260550323421,0.08125549554824829,0.4113920331001282,0.49264752864837646,0.3600599765777588,0.5276709198951721,0.41817710995674134,0.48187438175082203,across_seed_bootstrap_exploratory
openml_1489_phoneme,tabpfn,class_conditional_cp,10,coverage_minority,10,0.9173501577287068,0.9069400630914827,0.06406193701120005,0.09148264984227117,0.8793375394321767,0.9708201892744479,0.7917981072555205,1.0,0.8785488958990536,0.9533201892744474,across_seed_bootstrap_exploratory
openml_1489_phoneme,tabpfn,class_conditional_cp,10,coverage_majority,10,0.9051047120418847,0.9031413612565444,0.017574288011450983,0.02617801047120416,0.8952879581151832,0.9214659685863874,0.8743455497382199,0.925392670157068,0.8945026178010471,0.9151832460732985,across_seed_bootstrap_exploratory
openml_1489_phoneme,tabpfn,class_conditional_cp,10,coverage_disparity,10,0.05567203990288535,0.05211240854212423,0.03960728593239885,0.06482670487389963,0.02519220605480038,0.09001891092870001,0.00039638627842830676,0.10672700546682745,0.032229239268667324,0.07852917981072555,across_seed_bootstrap_exploratory
openml_1489_phoneme,tabpfn,class_conditional_cp,10,singleton_rate,10,0.9269195189639223,0.9662349676225717,0.11249137815262393,0.059898242368177645,0.9229879740980573,0.982886216466235,0.6179463459759482,0.9990749306197965,0.8522664199814984,0.974745605920444,across_seed_bootstrap_exploratory
openml_1489_phoneme,tabpfn,class_conditional_cp,10,average_set_size,10,1.0445883441258095,1.00786308973173,0.1279822705576913,0.07724329324699353,0.9819611470860314,1.059204440333025,0.9148936170212766,1.3820536540240518,0.9842738205365403,1.1280296022201663,across_seed_bootstrap_exploratory
openml_1489_phoneme,tabpfn,class_conditional_cp,10,empty_rate,10,0.014246068455134136,0.0,0.026512200807855765,0.018038852913968548,0.0,0.018038852913968548,0.0,0.0851063829787234,0.0018501387604070306,0.03145235892691952,across_seed_bootstrap_exploratory
openml_1489_phoneme,tabpfn,class_conditional_cp,10,doubleton_rate,10,0.058834412580943574,0.00786308973172988,0.11753292762546715,0.05920444033302497,0.0,0.05920444033302497,0.0,0.3820536540240518,0.009343200740055504,0.13728029602220165,across_seed_bootstrap_exploratory
openml_1489_phoneme,tabpfn,class_conditional_cp,10,coverage_overall,10,0.9086956521739131,0.9074930619796484,0.02043102982608788,0.013876040703052706,0.9056429232192414,0.9195189639222942,0.8593894542090657,0.9361702127659575,0.8953746530989823,0.9192414431082332,across_seed_bootstrap_exploratory
openml_1489_phoneme,tabpfn,class_conditional_cp,10,auroc,10,0.9719469998513551,0.9727670239648537,0.0029279203647303216,0.0025723817860504594,0.9709099955406544,0.9734823773267048,0.965964457363701,0.9761135977009596,0.9701318603729334,0.9735403901101624,across_seed_bootstrap_exploratory
openml_1489_phoneme,tabpfn,class_conditional_cp,10,auprc,10,0.9379697949608075,0.9376860109620464,0.005995290483173094,0.009552541665178493,0.9338785267545011,0.9434310684196796,0.9297430485578071,0.9465855880892584,0.9345445837803398,0.9414894646368343,across_seed_bootstrap_exploratory
openml_1489_phoneme,tabpfn,class_conditional_cp,10,q_minority,10,0.7362635988974944,0.7010042071342468,0.19547723644085008,0.29530980810523033,0.6142524257302284,0.9095622338354588,0.37042784690856934,0.997858532005921,0.6188777807448059,0.8481992573285243,across_seed_bootstrap_exploratory
openml_1489_phoneme,tabpfn,class_conditional_cp,10,q_majority,10,0.2813113510608673,0.26503869891166687,0.05872515471325346,0.03147529065608978,0.25141336023807526,0.28288865089416504,0.22207850217819214,0.4152088761329651,0.25089945882558823,0.3189535439014435,across_seed_bootstrap_exploratory
openml_1489_phoneme,tabpfn,class_conditional_cp,10,threshold_gap,10,0.4549522478366271,0.43599674105644226,0.22323359003500892,0.3357027852907777,0.3255494460463524,0.6612522313371301,0.09393715858459473,0.7320352869573981,0.3198637404857436,0.5821421818673843,across_seed_bootstrap_exploratory
openml_1489_phoneme,tabpfn,class_conditional_cp,10,threshold_sum,10,1.0175749499583617,1.0359998643398285,0.1829938572886442,0.22597647085785866,0.913763090968132,1.1397395618259907,0.646918535232544,1.263681777054444,0.9046763825509697,1.119945674208575,across_seed_bootstrap_exploratory
openml_1489_phoneme,tabpfn,class_conditional_cp,20,coverage_minority,10,0.9097791798107255,0.9164037854889591,0.05331136952499082,0.06466876971608837,0.886435331230284,0.9511041009463723,0.7917981072555205,0.9652996845425867,0.8763406940063092,0.9381703470031544,across_seed_bootstrap_exploratory
openml_1489_phoneme,tabpfn,class_conditional_cp,20,coverage_majority,10,0.9051047120418847,0.9031413612565444,0.017574288011450983,0.02617801047120416,0.8952879581151832,0.9214659685863874,0.8743455497382199,0.925392670157068,0.894633507853403,0.9151832460732985,across_seed_bootstrap_exploratory
openml_1489_phoneme,tabpfn,class_conditional_cp,20,coverage_disparity,10,0.04309503361025321,0.04803499760516622,0.031807021541819136,0.052572794688423824,0.01321081143574418,0.065783606124168,0.00039638627842830676,0.09563644771830149,0.024459128858572696,0.061282577997258295,across_seed_bootstrap_exploratory
openml_1489_phoneme,tabpfn,class_conditional_cp,20,singleton_rate,10,0.9639222941720629,0.9801110083256244,0.03370831191655171,0.05712303422756704,0.9303885291396855,0.9875115633672525,0.9148936170212766,0.9990749306197965,0.9431082331174838,0.9825161887141535,across_seed_bootstrap_exploratory
openml_1489_phoneme,tabpfn,class_conditional_cp,20,average_set_size,10,1.0035152636447733,0.9949121184088806,0.05068277202749679,0.036540240518038836,0.9819611470860314,1.0185013876040703,0.9148936170212766,1.0832562442183165,0.9743755781683625,1.0332123034227567,across_seed_bootstrap_exploratory
openml_1489_phoneme,tabpfn,class_conditional_cp,20,empty_rate,10,0.01628122109158187,0.005550416281221091,0.026508614152066436,0.018038852913968548,0.0,0.018038852913968548,0.0,0.0851063829787234,0.0038852913968547642,0.03404255319148936,across_seed_bootstrap_exploratory
openml_1489_phoneme,tabpfn,class_conditional_cp,20,doubleton_rate,10,0.019796484736355226,0.00046253469010175765,0.03390855662018423,0.018501387604070305,0.0,0.018501387604070305,0.0,0.08325624421831637,0.0022201665124884367,0.04246068455134135,across_seed_bootstrap_exploratory
openml_1489_phoneme,tabpfn,class_conditional_cp,20,coverage_overall,10,0.9064754856614247,0.9093432007400555,0.020479373058005852,0.01295097132284917,0.902867715078631,0.9158186864014801,0.8593894542090657,0.9343200740055504,0.8933395004625346,0.9173936170212764,across_seed_bootstrap_exploratory
openml_1489_phoneme,tabpfn,class_conditional_cp,20,auroc,10,0.9719469998513551,0.9727670239648537,0.0029279203647303216,0.0025723817860504594,0.9709099955406544,0.9734823773267048,0.965964457363701,0.9761135977009596,0.9701335119824269,0.9735713990784021,across_seed_bootstrap_exploratory
openml_1489_phoneme,tabpfn,class_conditional_cp,20,auprc,10,0.9379697949608075,0.9376860109620464,0.005995290483173094,0.009552541665178493,0.9338785267545011,0.9434310684196796,0.9297430485578071,0.9465855880892584,0.9345107262742453,0.9414918906286346,across_seed_bootstrap_exploratory
openml_1489_phoneme,tabpfn,class_conditional_cp,20,q_minority,10,0.6963496662676334,0.6760014891624451,0.16981413118732017,0.20583807304501534,0.602516733109951,0.8083548061549664,0.37042784690856934,0.9290995746850967,0.5938603379018605,0.7949603170156478,across_seed_bootstrap_exploratory
openml_1489_phoneme,tabpfn,class_conditional_cp,20,q_majority,10,0.2813113510608673,0.26503869891166687,0.05872515471325346,0.03147529065608978,0.25141336023807526,0.28288865089416504,0.22207850217819214,0.4152088761329651,0.2514324449002743,0.31943072617053975,across_seed_bootstrap_exploratory
openml_1489_phoneme,tabpfn,class_conditional_cp,20,threshold_gap,10,0.41503831520676615,0.43599674105644226,0.1923051152325696,0.27490051463246346,0.27653539925813675,0.5514359138906002,0.09393715858459473,0.6632763296365738,0.3026784074679017,0.5264097461849448,across_seed_bootstrap_exploratory
openml_1489_phoneme,tabpfn,class_conditional_cp,20,threshold_sum,10,0.9776610173285007,0.9729553163051605,0.1661015007439367,0.15151060745120049,0.913763090968132,1.0652736984193325,0.646918535232544,1.2025281563401222,0.8771797993779182,1.0726477051153778,across_seed_bootstrap_exploratory
openml_1489_phoneme,tabpfn,class_conditional_cp,50,coverage_minority,10,0.8977917981072554,0.8958990536277602,0.05349770832984246,0.06466876971608837,0.8730283911671924,0.9376971608832808,0.8170347003154574,0.9810725552050473,0.8659305993690852,0.9287066246056781,across_seed_bootstrap_exploratory
openml_1489_phoneme,tabpfn,class_conditional_cp,50,coverage_majority,10,0.9051047120418847,0.9031413612565444,0.017574288011450983,0.02617801047120416,0.8952879581151832,0.9214659685863874,0.8743455497382199,0.925392670157068,0.894633507853403,0.9151832460732985,across_seed_bootstrap_exploratory
openml_1489_phoneme,tabpfn,class_conditional_cp,50,coverage_disparity,10,0.050826217649099045,0.04803499760516622,0.03687932030769179,0.05679885047979247,0.018588864848795184,0.07538771532858765,0.006515599451665688,0.10672700546682745,0.029595190513155088,0.07305541562752901,across_seed_bootstrap_exploratory
openml_1489_phoneme,tabpfn,class_conditional_cp,50,singleton_rate,10,0.9711378353376503,0.9740980573543015,0.02164565711591438,0.030989824236817842,0.9551341350601295,0.9861239592969473,0.9361702127659575,0.9990749306197965,0.9580943570767809,0.9832562442183164,across_seed_bootstrap_exploratory
openml_1489_phoneme,tabpfn,class_conditional_cp,50,average_set_size,10,0.9940795559666974,0.9949121184088806,0.036812647528123646,0.045559666975023116,0.9750231267345051,1.0205827937095282,0.9361702127659575,1.0564292321924145,0.9725254394079557,1.015541165587419,across_seed_bootstrap_exploratory
openml_1489_phoneme,tabpfn,class_conditional_cp,50,empty_rate,10,0.017391304347826087,0.005550416281221091,0.023393669676500643,0.02497687326549491,0.0,0.02497687326549491,0.0,0.06382978723404255,0.004810360777058279,0.032102220166512284,across_seed_bootstrap_exploratory
openml_1489_phoneme,tabpfn,class_conditional_cp,50,doubleton_rate,10,0.01147086031452359,0.00046253469010175765,0.019094212842418395,0.020582793709528212,0.0,0.020582793709528212,0.0,0.056429232192414434,0.001387604070305273,0.023219241443108232,across_seed_bootstrap_exploratory
openml_1489_phoneme,tabpfn,class_conditional_cp,50,coverage_overall,10,0.9029602220166512,0.9061054579093433,0.013896240479385888,0.015263644773357843,0.8945420906567993,0.9098057354301572,0.876040703052729,0.9259944495837188,0.8946345975948196,0.9108233117483812,across_seed_bootstrap_exploratory
openml_1489_phoneme,tabpfn,class_conditional_cp,50,auroc,10,0.9719469998513551,0.9727670239648537,0.0029279203647303216,0.0025723817860504594,0.9709099955406544,0.9734823773267048,0.965964457363701,0.9761135977009596,0.9701133004112507,0.9735659900573109,across_seed_bootstrap_exploratory
openml_1489_phoneme,tabpfn,class_conditional_cp,50,auprc,10,0.9379697949608075,0.9376860109620464,0.005995290483173094,0.009552541665178493,0.9338785267545011,0.9434310684196796,0.9297430485578071,0.9465855880892584,0.9345630143365886,0.941486738727326,across_seed_bootstrap_exploratory
openml_1489_phoneme,tabpfn,class_conditional_cp,50,q_minority,10,0.6722915098071098,0.6409057080745697,0.149494037104055,0.20620034262537956,0.5877586156129837,0.7939589582383633,0.44171881675720215,0.9099493324756622,0.5861645713448524,0.7623452457785607,across_seed_bootstrap_exploratory
openml_1489_phoneme,tabpfn,class_conditional_cp,50,q_majority,10,0.2813113510608673,0.26503869891166687,0.05872515471325346,0.03147529065608978,0.25141336023807526,0.28288865089416504,0.22207850217819214,0.4152088761329651,0.25096234411001206,0.31887142285704606,across_seed_bootstrap_exploratory
openml_1489_phoneme,tabpfn,class_conditional_cp,50,threshold_gap,10,0.39098015874624253,0.3878522217273712,0.17629353031859105,0.2779916115105152,0.23858291655778885,0.5165745280683041,0.18069636821746826,0.6878708302974701,0.2878730706125498,0.4970991188287734,across_seed_bootstrap_exploratory
openml_1489_phoneme,tabpfn,class_conditional_cp,50,threshold_sum,10,0.9536028608679772,0.9729553163051605,0.14322993059879724,0.18099534139037132,0.8903480470180511,1.0713433884084225,0.6921120285987854,1.1320278346538544,0.8667700710147619,1.0334298520162701,across_seed_bootstrap_exploratory
openml_1489_phoneme,tabpfn,class_conditional_cp,100,coverage_minority,10,0.8936908517350156,0.8990536277602523,0.04679107736574557,0.05993690851735012,0.8580441640378549,0.917981072555205,0.8170347003154574,0.9684542586750788,0.8659305993690852,0.9211356466876971,across_seed_bootstrap_exploratory
openml_1489_phoneme,tabpfn,class_conditional_cp,100,coverage_majority,10,0.9051047120418847,0.9031413612565444,0.017574288011450983,0.02617801047120416,0.8952879581151832,0.9214659685863874,0.8743455497382199,0.925392670157068,0.8945026178010471,0.9153141361256545,across_seed_bootstrap_exploratory
openml_1489_phoneme,tabpfn,class_conditional_cp,100,coverage_disparity,10,0.04499108130873534,0.04496919748294709,0.03043924611036623,0.03981720811931225,0.023604596429220248,0.0634218045485325,0.006102697078302799,0.09410870893685896,0.02740670470873866,0.06301944150824973,across_seed_bootstrap_exploratory
openml_1489_phoneme,tabpfn,class_conditional_cp,100,singleton_rate,10,0.9768732654949123,0.9801110083256244,0.01971553174609408,0.0161887141535616,0.9743293246993524,0.990518038852914,0.9361702127659575,0.9981498612395929,0.9645698427382055,0.9873265494912118,across_seed_bootstrap_exploratory
openml_1489_phoneme,tabpfn,class_conditional_cp,100,average_set_size,10,0.9864939870490286,0.9893617021276596,0.027933759659935505,0.02913968547641077,0.9747918593894542,1.003931544865865,0.9361702127659575,1.024976873265495,0.9695652173913043,1.0022201665124886,across_seed_bootstrap_exploratory
openml_1489_phoneme,tabpfn,class_conditional_cp,100,empty_rate,10,0.0183163737280296,0.010638297872340425,0.02252395667323321,0.02520814061054579,0.0,0.02520814061054579,0.0,0.06382978723404255,0.006197964847363552,0.032654949121184086,across_seed_bootstrap_exploratory
openml_1489_phoneme,tabpfn,class_conditional_cp,100,doubleton_rate,10,0.004810360777058279,0.0,0.008784642062568931,0.00393154486586494,0.0,0.00393154486586494,0.0,0.02497687326549491,0.00046253469010175765,0.010453283996299722,across_seed_bootstrap_exploratory
openml_1489_phoneme,tabpfn,class_conditional_cp,100,coverage_overall,10,0.9017576318223867,0.9028677150786308,0.015236678696695422,0.007169287696577209,0.9019426456984274,0.9091119333950046,0.876040703052729,0.9222941720629048,0.8923219241443109,0.9101757631822387,across_seed_bootstrap_exploratory
openml_1489_phoneme,tabpfn,class_conditional_cp,100,auroc,10,0.9719469998513551,0.9727670239648537,0.0029279203647303216,0.0025723817860504594,0.9709099955406544,0.9734823773267048,0.965964457363701,0.9761135977009596,0.9701397261631459,0.9735862635638429,across_seed_bootstrap_exploratory
openml_1489_phoneme,tabpfn,class_conditional_cp,100,auprc,10,0.9379697949608075,0.9376860109620464,0.005995290483173094,0.009552541665178493,0.9338785267545011,0.9434310684196796,0.9297430485578071,0.9465855880892584,0.9344545674947141,0.9415513518027211,across_seed_bootstrap_exploratory
openml_1489_phoneme,tabpfn,class_conditional_cp,100,q_minority,10,0.6502710103988647,0.6649925112724304,0.12794593615038222,0.18827969580888748,0.5557259693741798,0.7440056651830673,0.44171881675720215,0.8472330719232559,0.5755634777620434,0.7244326242059468,across_seed_bootstrap_exploratory
openml_1489_phoneme,tabpfn,class_conditional_cp,100,q_majority,10,0.2813113510608673,0.26503869891166687,0.05872515471325346,0.03147529065608978,0.25141336023807526,0.28288865089416504,0.22207850217819214,0.4152088761329651,0.2508945417404175,0.31955053612589834,across_seed_bootstrap_exploratory
openml_1489_phoneme,tabpfn,class_conditional_cp,100,threshold_gap,10,0.36895965933799746,0.37334054708480835,0.15615086163050482,0.22391897067427635,0.2586599364876747,0.48257890716195107,0.12950032949447632,0.6251545697450638,0.27775359600782396,0.4599272401630878,across_seed_bootstrap_exploratory
openml_1489_phoneme,tabpfn,class_conditional_cp,100,threshold_sum,10,0.9315823614597321,0.9568617790937424,0.12350919463358753,0.15304407477378845,0.8634664416313171,1.0165105164051056,0.6921120285987854,1.069311574101448,0.8561789639294148,0.9983143259957432,across_seed_bootstrap_exploratory
openml_1590_adult,logistic_regression,global_split_cp,10,coverage_minority,10,0.5597519247219847,0.5568862275449102,0.049284997461204925,0.06597519247219852,0.5287639007698888,0.5947390932420873,0.49443969204448246,0.6428571428571429,0.5312660393498717,0.5888387510692898,across_seed_bootstrap_exploratory
openml_1590_adult,logistic_regression,global_split_cp,10,coverage_majority,10,0.9214775938635447,0.9208720226079936,0.012967706751679072,0.01783070919122598,0.9141098102543399,0.9319405194455659,0.9023011707710941,0.9414614452967299,0.9139550531556992,0.9290405059884268,across_seed_bootstrap_exploratory
openml_1590_adult,logistic_regression,global_split_cp,10,coverage_disparity,10,0.36172566914156,0.36243822407667503,0.0369319949166866,0.05012941128527887,0.339085425665193,0.3892148369504719,0.298604302439587,0.4078614787266116,0.33977634845080007,0.38309855201644694,across_seed_bootstrap_exploratory
openml_1590_adult,logistic_regression,global_split_cp,10,singleton_rate,10,0.9618794144743577,0.9569556761183335,0.02814297865173948,0.03984542941959268,0.9494062851878391,0.9892517146074318,0.9206674173405671,0.9983621660354182,0.9453270549698025,0.978288463507012,across_seed_bootstrap_exploratory
openml_1590_adult,logistic_regression,global_split_cp,10,average_set_size,10,0.9722182413757805,0.9641723820247723,0.03935843056966544,0.05433002354386329,0.9494062851878391,1.0037363087317024,0.9206674173405671,1.0405363906234006,0.9496977684512232,0.9953836114238919,across_seed_bootstrap_exploratory
openml_1590_adult,logistic_regression,global_split_cp,10,empty_rate,10,0.0329511720749309,0.03582761797522776,0.03179235826294188,0.05018425632101546,0.00040945849114546015,0.05059371481216092,0.0,0.0793325826594329,0.014853106766301565,0.051499641723820246,across_seed_bootstrap_exploratory
openml_1590_adult,logistic_regression,global_split_cp,10,doubleton_rate,10,0.005169413450711434,0.0,0.012641305637886851,0.0041457672228477835,0.0,0.0041457672228477835,0.0,0.04053639062340055,0.0,0.013286928037670181,across_seed_bootstrap_exploratory
openml_1590_adult,logistic_regression,global_split_cp,10,coverage_overall,10,0.8349063363701505,0.8327362063670796,0.021469408042470634,0.028534138601699288,0.8224485617770498,0.8509827003787491,0.8046882997236156,0.8699969290613164,0.8225816357866721,0.8474664755860374,across_seed_bootstrap_exploratory
openml_1590_adult,logistic_regression,global_split_cp,10,auroc,10,0.9041523274461516,0.903850353390917,0.0026131287684705994,0.003994836326539519,0.9019397547830689,0.9059345911096084,0.9008418367141373,0.9084581859983822,0.9026522875582246,0.9057268010550215,across_seed_bootstrap_exploratory
openml_1590_adult,logistic_regression,global_split_cp,10,auprc,10,0.7600133791418023,0.7597410471556382,0.007233681135490548,0.0043196357594340595,0.7561088454771898,0.7604284812366239,0.7508322913088379,0.7743042211833209,0.7560294961778846,0.7644831522685095,across_seed_bootstrap_exploratory
openml_1590_adult,logistic_regression,global_split_cp,10,q_global,10,0.4690625191820731,0.4614687944434816,0.04330271967253918,0.06366635910791563,0.44067666132707883,0.5043430204349945,0.4118956083962446,0.543356312463412,0.44407414998668465,0.4948651985670054,across_seed_bootstrap_exploratory
openml_1590_adult,logistic_regression,global_split_cp,20,coverage_minority,10,0.5890076988879384,0.5793413173652695,0.04117712826517832,0.04116766467065869,0.5639435414884517,0.6051112061591104,0.5303678357570573,0.6753635585970915,0.5663376817792986,0.6148845166809238,across_seed_bootstrap_exploratory
openml_1590_adult,logistic_regression,global_split_cp,20,coverage_majority,10,0.9307630197819943,0.9302247342215044,0.009628988110856824,0.011640425245592723,0.9241690216659938,0.9358094469115865,0.9173731664648096,0.9504777284349347,0.9253532498990715,0.9366441259588212,across_seed_bootstrap_exploratory
openml_1590_adult,logistic_regression,global_split_cp,20,coverage_disparity,10,0.3417553208940559,0.34879756030933684,0.03213154865318161,0.029830025052841436,0.3306982407524762,0.36052826580531766,0.2751141698378432,0.38700533070775234,0.32175962668929403,0.35961246648521966,across_seed_bootstrap_exploratory
openml_1590_adult,logistic_regression,global_split_cp,20,singleton_rate,10,0.9741938785955574,0.9781451530351111,0.020966427780851133,0.01364008598628308,0.969828027433719,0.9834681134200021,0.9253761899887399,0.9978503429214863,0.9607431671614292,0.985300440167878,across_seed_bootstrap_exploratory
openml_1590_adult,logistic_regression,global_split_cp,20,average_set_size,10,0.9992527382536596,0.9899170846555431,0.034335428517364944,0.0362370764663732,0.9770447333401576,1.0132818098065308,0.9572115876752995,1.0746238100112602,0.9810215989354081,1.0211492988023338,across_seed_bootstrap_exploratory
openml_1590_adult,logistic_regression,global_split_cp,20,empty_rate,10,0.013276691575391544,0.010082915344456956,0.014896157214692634,0.02295526665984236,0.0,0.02295526665984236,0.0,0.042788412324700584,0.005005630054253249,0.02250998055072167,across_seed_bootstrap_exploratory
openml_1590_adult,logistic_regression,global_split_cp,20,doubleton_rate,10,0.012529429829051081,0.0,0.024235529144533297,0.013281809806530863,0.0,0.013281809806530863,0.0,0.0746238100112601,0.0006448971235540997,0.028907769474869484,across_seed_bootstrap_exploratory
openml_1590_adult,logistic_regression,global_split_cp,20,coverage_overall,10,0.8489712355409971,0.8449687787900502,0.016981369126870555,0.018476814412938913,0.8381871225304535,0.8566639369433924,0.8247517657897431,0.8846350701197666,0.8395434537823728,0.8594024465144846,across_seed_bootstrap_exploratory
openml_1590_adult,logistic_regression,global_split_cp,20,auroc,10,0.9041523274461516,0.903850353390917,0.0026131287684705994,0.003994836326539519,0.9019397547830689,0.9059345911096084,0.9008418367141373,0.9084581859983822,0.902681621876496,0.9057147009257337,across_seed_bootstrap_exploratory
openml_1590_adult,logistic_regression,global_split_cp,20,auprc,10,0.7600133791418023,0.7597410471556382,0.007233681135490548,0.0043196357594340595,0.7561088454771898,0.7604284812366239,0.7508322913088379,0.7743042211833209,0.7560717155323488,0.7645162814494997,across_seed_bootstrap_exploratory
openml_1590_adult,logistic_regression,global_split_cp,20,q_global,10,0.4981801437398845,0.48829011150338386,0.0376902918919123,0.0399666989545891,0.4738254684477891,0.5137921674023782,0.4487740805581295,0.5795774174621736,0.4776912656016307,0.5218822714688287,across_seed_bootstrap_exploratory
openml_1590_adult,logistic_regression,global_split_cp,50,coverage_minority,10,0.678956372968349,0.6832763045337895,0.03569155517918995,0.052822925577416635,0.6523738237810094,0.705196749358426,0.6197604790419161,0.7352437981180496,0.6577844311377247,0.7000855431993156,across_seed_bootstrap_exploratory
openml_1590_adult,logistic_regression,global_split_cp,50,coverage_majority,10,0.955147355672184,0.9529672991522002,0.008093461973974243,0.01066478266720483,0.9510832996904859,0.9617480823576907,0.9425380164177096,0.9683757233212219,0.9504777284349346,0.9600053828556048,across_seed_bootstrap_exploratory
openml_1590_adult,logistic_regression,global_split_cp,50,coverage_disparity,10,0.27619098270383513,0.26997941944129505,0.028226835938942214,0.041437080853000796,0.25727239505647564,0.29870947590947644,0.22922935488962093,0.3227775373757935,0.2597409224460129,0.29292279533441334,across_seed_bootstrap_exploratory
openml_1590_adult,logistic_regression,global_split_cp,50,singleton_rate,10,0.9120790254887912,0.9147814515303512,0.03487369885096591,0.052871327669157586,0.8804125294298291,0.9332838570989866,0.8609888422561163,0.960999078718395,0.8912578053024875,0.9322039103285904,across_seed_bootstrap_exploratory
openml_1590_adult,logistic_regression,global_split_cp,50,average_set_size,10,1.087920974511209,1.0852185484696488,0.034873698850965903,0.052871327669157475,1.0667161429010135,1.119587470570171,1.0390009212816051,1.1390111577438837,1.068041764766097,1.1087933770089058,across_seed_bootstrap_exploratory
openml_1590_adult,logistic_regression,global_split_cp,50,empty_rate,10,0.0,0.0,0.0,0.0,0.0,0.0,0.0,0.0,0.0,0.0,across_seed_bootstrap_exploratory
openml_1590_adult,logistic_regression,global_split_cp,50,doubleton_rate,10,0.08792097451120892,0.0852185484696489,0.03487369885096589,0.052871327669157545,0.06671614290101341,0.11958747057017095,0.03900092128160508,0.1390111577438837,0.06776538028457366,0.10845531784215375,across_seed_bootstrap_exploratory
openml_1590_adult,logistic_regression,global_split_cp,50,coverage_overall,10,0.8890469853618589,0.8884225611628621,0.014479474988530552,0.020754427269935594,0.8795936124475381,0.9003480397174737,0.8652881564131436,0.9096120380796396,0.8806425939195415,0.8974411403418977,across_seed_bootstrap_exploratory
openml_1590_adult,logistic_regression,global_split_cp,50,auroc,10,0.9041523274461516,0.903850353390917,0.0026131287684705994,0.003994836326539519,0.9019397547830689,0.9059345911096084,0.9008418367141373,0.9084581859983822,0.9026540936668677,0.9057248988959046,across_seed_bootstrap_exploratory
openml_1590_adult,logistic_regression,global_split_cp,50,auprc,10,0.7600133791418023,0.7597410471556382,0.007233681135490548,0.0043196357594340595,0.7561088454771898,0.7604284812366239,0.7508322913088379,0.7743042211833209,0.756055148602438,0.7644591612792523,across_seed_bootstrap_exploratory
openml_1590_adult,logistic_regression,global_split_cp,50,q_global,10,0.5943182603427453,0.588177914178786,0.035234878999812924,0.05172469205443375,0.5739817038748569,0.6257063959292907,0.5459181101185562,0.6474073662573607,0.5741988676805413,0.6153999072192754,across_seed_bootstrap_exploratory
openml_1590_adult,logistic_regression,global_split_cp,100,coverage_minority,10,0.7743798118049615,0.7831479897348161,0.03161644578130789,0.041595380667237,0.7465782720273738,0.7881736526946108,0.7305389221556886,0.8331907613344739,0.7559024807527802,0.793327630453379,across_seed_bootstrap_exploratory
openml_1590_adult,logistic_regression,global_split_cp,100,coverage_majority,10,0.9744987215717937,0.9750370071322837,0.005556945735339339,0.00814156910240893,0.9699232943076301,0.9780648634100391,0.9672991522002422,0.9843897187457946,0.9713093796258916,0.9777688063517695,across_seed_bootstrap_exploratory
openml_1590_adult,logistic_regression,global_split_cp,100,coverage_disparity,10,0.20011890976683233,0.19606073049126388,0.026680620803330203,0.0387357386271347,0.18514756921361153,0.22388330784074623,0.15119895741132072,0.2367602300445536,0.18429348466110634,0.21545396058336058,across_seed_bootstrap_exploratory
openml_1590_adult,logistic_regression,global_split_cp,100,singleton_rate,10,0.8120994984133484,0.8064284983109837,0.03424474294501624,0.0401013409765586,0.796575903367796,0.8366772443443546,0.7477735694543965,0.8649810625447846,0.7916982290920258,0.832019654007575,across_seed_bootstrap_exploratory
openml_1590_adult,logistic_regression,global_split_cp,100,average_set_size,10,1.1879005015866517,1.1935715016890163,0.0342447429450162,0.040101340976558486,1.1633227556556456,1.203424096632204,1.1350189374552155,1.2522264305456035,1.167672996212509,1.2080868052001228,across_seed_bootstrap_exploratory
openml_1590_adult,logistic_regression,global_split_cp,100,empty_rate,10,0.0,0.0,0.0,0.0,0.0,0.0,0.0,0.0,0.0,0.0,across_seed_bootstrap_exploratory
openml_1590_adult,logistic_regression,global_split_cp,100,doubleton_rate,10,0.18790050158665167,0.19357150168901627,0.03424474294501623,0.040101340976558486,0.1633227556556454,0.2034240966322039,0.13501893745521548,0.25222643054560345,0.16776512437301672,0.20803587880028662,across_seed_bootstrap_exploratory
openml_1590_adult,logistic_regression,global_split_cp,100,coverage_overall,10,0.9266045654621763,0.9293684102774081,0.011538127295081729,0.015252328795168357,0.9168799262974716,0.93213225509264,0.9106356843075033,0.9482035008700993,0.9198789538335552,0.9335858327362064,across_seed_bootstrap_exploratory
openml_1590_adult,logistic_regression,global_split_cp,100,auroc,10,0.9041523274461516,0.903850353390917,0.0026131287684705994,0.003994836326539519,0.9019397547830689,0.9059345911096084,0.9008418367141373,0.9084581859983822,0.9026718296206478,0.9057266715487649,across_seed_bootstrap_exploratory
openml_1590_adult,logistic_regression,global_split_cp,100,auprc,10,0.7600133791418023,0.7597410471556382,0.007233681135490548,0.0043196357594340595,0.7561088454771898,0.7604284812366239,0.7508322913088379,0.7743042211833209,0.756070434130397,0.7644581844106912,across_seed_bootstrap_exploratory
openml_1590_adult,logistic_regression,global_split_cp,100,q_global,10,0.6881575104651553,0.6887432354423902,0.031953704768730475,0.038852570470734205,0.667047889381323,0.7059004598520572,0.6422157269549698,0.7497813794804303,0.6696756217150988,0.7072168461498838,across_seed_bootstrap_exploratory
openml_1590_adult,logistic_regression,class_conditional_cp,10,coverage_minority,10,0.920530367835757,0.9144568006843456,0.054287852748689094,0.08094525235243799,0.8837681779298545,0.9647134302822925,0.8289136013686912,1.0,0.8881522668947819,0.952437981180496,across_seed_bootstrap_exploratory
openml_1590_adult,logistic_regression,class_conditional_cp,10,coverage_majority,10,0.9071188265374781,0.9062710267797066,0.015715085890412546,0.02751984928004314,0.893654958955726,0.9211748082357691,0.8842686044946845,0.927735163504239,0.8979141434531019,0.9162831382048177,across_seed_bootstrap_exploratory
openml_1590_adult,logistic_regression,class_conditional_cp,10,coverage_disparity,10,0.04446557602828829,0.04153510269961258,0.0349872977888029,0.05293743788736041,0.014075804789290963,0.06701324267665137,0.0004085490706112749,0.09796797200915086,0.024536064988656955,0.06571088041921802,across_seed_bootstrap_exploratory
openml_1590_adult,logistic_regression,class_conditional_cp,10,singleton_rate,10,0.7220288668236258,0.8077080560958132,0.18891918142822417,0.1615569659125805,0.6764510185279968,0.8380079844405773,0.2659432899989764,0.8629337700890573,0.5992304739482035,0.8174838775719111,across_seed_bootstrap_exploratory
openml_1590_adult,logistic_regression,class_conditional_cp,10,average_set_size,10,1.2779711331763743,1.1922919439041868,0.18891918142822417,0.1615569659125804,1.1619920155594228,1.3235489814720032,1.1370662299109429,1.7340567100010236,1.183723257242297,1.4015869075647456,across_seed_bootstrap_exploratory
openml_1590_adult,logistic_regression,class_conditional_cp,10,empty_rate,10,0.0,0.0,0.0,0.0,0.0,0.0,0.0,0.0,0.0,0.0,across_seed_bootstrap_exploratory
openml_1590_adult,logistic_regression,class_conditional_cp,10,doubleton_rate,10,0.27797113317637423,0.1922919439041867,0.18891918142822417,0.16155696591258062,0.16199201555942266,0.3235489814720033,0.13706622991094278,0.7340567100010237,0.1825360835295322,0.3983524413962534,across_seed_bootstrap_exploratory
openml_1590_adult,logistic_regression,class_conditional_cp,10,coverage_overall,10,0.9103285904391443,0.9061828232162965,0.01751548800217277,0.025232879516838946,0.8995547138908794,0.9247875934077183,0.8882178319172894,0.9389906848193265,0.9003582761797523,0.9205650527177808,across_seed_bootstrap_exploratory
openml_1590_adult,logistic_regression,class_conditional_cp,10,auroc,10,0.9041523274461516,0.903850353390917,0.0026131287684705994,0.003994836326539519,0.9019397547830689,0.9059345911096084,0.9008418367141373,0.9084581859983822,0.902669240718632,0.9057291189292216,across_seed_bootstrap_exploratory
openml_1590_adult,logistic_regression,class_conditional_cp,10,auprc,10,0.7600133791418023,0.7597410471556382,0.007233681135490548,0.0043196357594340595,0.7561088454771898,0.7604284812366239,0.7508322913088379,0.7743042211833209,0.7560534710707423,0.7645153710186723,across_seed_bootstrap_exploratory
openml_1590_adult,logistic_regression,class_conditional_cp,10,q_minority,10,0.8608426326258755,0.8487226442671811,0.08643277435906428,0.13140059743700971,0.7960481395991308,0.9274487370361405,0.7349126361628324,0.9984381530282257,0.8110015836470537,0.9127705118815249,across_seed_bootstrap_exploratory
openml_1590_adult,logistic_regression,class_conditional_cp,10,q_majority,10,0.4303041230549848,0.421498452308699,0.0441612449159383,0.08057724490480811,0.396561310840826,0.47713855574563413,0.3714163225207786,0.48088205643218385,0.40447782083359174,0.45634086986001055,across_seed_bootstrap_exploratory
openml_1590_adult,logistic_regression,class_conditional_cp,10,threshold_gap,10,0.4305385095708908,0.42701798046742756,0.09978146636948573,0.11752647893454321,0.3782354456959513,0.4957619246304945,0.25496417349098566,0.5874353175527414,0.37104253931819453,0.4877077273520065,across_seed_bootstrap_exploratory
openml_1590_adult,logistic_regression,class_conditional_cp,10,threshold_sum,10,1.2911467556808602,1.2570031194008708,0.09426207636698863,0.14075790223585605,1.2182250799156205,1.3589829821514765,1.1864473844346037,1.4467469088164586,1.2377159041790728,1.3481668702295162,across_seed_bootstrap_exploratory
openml_1590_adult,logistic_regression,class_conditional_cp,20,coverage_minority,10,0.9181779298545765,0.9144568006843456,0.04157241559339175,0.05047048759623607,0.8816295979469633,0.9321000855431993,0.8763900769888794,0.9944396920444825,0.8949101796407186,0.9438836612489307,across_seed_bootstrap_exploratory
openml_1590_adult,logistic_regression,class_conditional_cp,20,coverage_majority,10,0.9071188265374781,0.9062710267797066,0.015715085890412546,0.02751984928004314,0.893654958955726,0.9211748082357691,0.8842686044946845,0.927735163504239,0.8977930292019917,0.9161754810927197,across_seed_bootstrap_exploratory
openml_1590_adult,logistic_regression,class_conditional_cp,20,coverage_disparity,10,0.03432870690938324,0.03365151006021866,0.02921922339074183,0.03126476731064082,0.011771845316806251,0.04303661262744707,0.0004085490706112749,0.09240766405363332,0.018222406332153714,0.05235067568882072,across_seed_bootstrap_exploratory
openml_1590_adult,logistic_regression,class_conditional_cp,20,singleton_rate,10,0.7601494523492681,0.7978810523083222,0.1114856010534581,0.10088033575596278,0.736794963660559,0.8376752994165217,0.4986180775923841,0.8572013512130208,0.688145408946668,0.8171870201658307,across_seed_bootstrap_exploratory
openml_1590_adult,logistic_regression,class_conditional_cp,20,average_set_size,10,1.239850547650732,1.2021189476916776,0.11148560105345809,0.10088033575596245,1.1623247005834785,1.263205036339441,1.1427986487869792,1.501381922407616,1.182648940526154,1.312499232265329,across_seed_bootstrap_exploratory
openml_1590_adult,logistic_regression,class_conditional_cp,20,empty_rate,10,0.0,0.0,0.0,0.0,0.0,0.0,0.0,0.0,0.0,0.0,across_seed_bootstrap_exploratory
openml_1590_adult,logistic_regression,class_conditional_cp,20,doubleton_rate,10,0.2398505476507319,0.20211894769167776,0.1114856010534581,0.10088033575596275,0.16232470058347834,0.2632050363394411,0.14279864878697923,0.5013819224076159,0.1828129798341693,0.3117414781451531,across_seed_bootstrap_exploratory
openml_1590_adult,logistic_regression,class_conditional_cp,20,coverage_overall,10,0.9097655850138192,0.9111475074214351,0.015245208937198891,0.024541918313030986,0.8992476200225202,0.9237895383355512,0.8882178319172894,0.9278329409356126,0.9007984440577337,0.9186303613471184,across_seed_bootstrap_exploratory
openml_1590_adult,logistic_regression,class_conditional_cp,20,auroc,10,0.9041523274461516,0.903850353390917,0.0026131287684705994,0.003994836326539519,0.9019397547830689,0.9059345911096084,0.9008418367141373,0.9084581859983822,0.902636793429693,0.9057317374018329,across_seed_bootstrap_exploratory
openml_1590_adult,logistic_regression,class_conditional_cp,20,auprc,10,0.7600133791418023,0.7597410471556382,0.007233681135490548,0.0043196357594340595,0.7561088454771898,0.7604284812366239,0.7508322913088379,0.7743042211833209,0.7560521927366958,0.7644968624294503,across_seed_bootstrap_exploratory
openml_1590_adult,logistic_regression,class_conditional_cp,20,q_minority,10,0.853751109757541,0.8467857591439625,0.06873999814229222,0.08235960149421406,0.795040284342247,0.8773998858364611,0.7820126813744487,0.981995606465413,0.8159054387906813,0.8956334133124914,across_seed_bootstrap_exploratory
openml_1590_adult,logistic_regression,class_conditional_cp,20,q_majority,10,0.4303041230549848,0.421498452308699,0.0441612449159383,0.08057724490480811,0.396561310840826,0.47713855574563413,0.3714163225207786,0.48088205643218385,0.4046669866867898,0.4557598397075427,across_seed_bootstrap_exploratory
openml_1590_adult,logistic_regression,class_conditional_cp,20,threshold_gap,10,0.42344698670255615,0.4001442101093353,0.08684984167719284,0.12409640561987328,0.36298940590395035,0.48708581152382363,0.3125969714719873,0.5709927709899286,0.3737093943374605,0.4754692788666498,across_seed_bootstrap_exploratory
openml_1590_adult,logistic_regression,class_conditional_cp,20,threshold_sum,10,1.2840552328125256,1.268632061867837,0.07620965027411017,0.1361843601477477,1.2203787498747336,1.3565631100224813,1.1864473844346037,1.3929984419408972,1.2401446391890463,1.328581839611777,across_seed_bootstrap_exploratory
openml_1590_adult,logistic_regression,class_conditional_cp,50,coverage_minority,10,0.8993584260051326,0.8999144568006843,0.04360375265808606,0.03325491873396069,0.88366124893071,0.9169161676646707,0.8289136013686912,0.9816082121471343,0.8745508982035928,0.925449101796407,across_seed_bootstrap_exploratory
openml_1590_adult,logistic_regression,class_conditional_cp,50,coverage_majority,10,0.9071188265374781,0.9062710267797066,0.015715085890412546,0.02751984928004314,0.893654958955726,0.9211748082357691,0.8842686044946845,0.927735163504239,0.8978872291750774,0.9161620239537076,across_seed_bootstrap_exploratory
openml_1590_adult,logistic_regression,class_conditional_cp,50,coverage_disparity,10,0.04153349106619797,0.030127385807426577,0.03184316711055422,0.04559312368975649,0.0242664218825743,0.06985954557233079,0.0016410457244574461,0.09316956375040453,0.023322131761622386,0.0611580718544455,across_seed_bootstrap_exploratory
openml_1590_adult,logistic_regression,class_conditional_cp,50,singleton_rate,10,0.801463814105845,0.8159484082301156,0.06827215148422043,0.04629440065513346,0.7969085883918519,0.8432029890469853,0.6248336574879721,0.8629337700890573,0.7558805916675198,0.8340467294503019,across_seed_bootstrap_exploratory
openml_1590_adult,logistic_regression,class_conditional_cp,50,average_set_size,10,1.198536185894155,1.1840515917698844,0.06827215148422039,0.04629440065513357,1.1567970109530146,1.2030914116081481,1.1370662299109429,1.3751663425120277,1.1657894871532397,1.244232777152216,across_seed_bootstrap_exploratory
openml_1590_adult,logistic_regression,class_conditional_cp,50,empty_rate,10,0.0,0.0,0.0,0.0,0.0,0.0,0.0,0.0,0.0,0.0,across_seed_bootstrap_exploratory
openml_1590_adult,logistic_regression,class_conditional_cp,50,doubleton_rate,10,0.19853618589415498,0.18405159176988434,0.06827215148422043,0.0462944006551336,0.15679701095301463,0.20309141160814823,0.13706622991094278,0.37516634251202785,0.1658201965400757,0.24386349677551433,across_seed_bootstrap_exploratory
openml_1590_adult,logistic_regression,class_conditional_cp,50,coverage_overall,10,0.9052615416112193,0.9046985361858941,0.011024505654372165,0.017555532807861707,0.8967908690756474,0.9143464018835091,0.8904698536185894,0.9210768758317126,0.8987306786774493,0.911659330535367,across_seed_bootstrap_exploratory
openml_1590_adult,logistic_regression,class_conditional_cp,50,auroc,10,0.9041523274461516,0.903850353390917,0.0026131287684705994,0.003994836326539519,0.9019397547830689,0.9059345911096084,0.9008418367141373,0.9084581859983822,0.9026693967017231,0.9057231255955129,across_seed_bootstrap_exploratory
openml_1590_adult,logistic_regression,class_conditional_cp,50,auprc,10,0.7600133791418023,0.7597410471556382,0.007233681135490548,0.0043196357594340595,0.7561088454771898,0.7604284812366239,0.7508322913088379,0.7743042211833209,0.7559812799342249,0.7645984046289003,across_seed_bootstrap_exploratory
openml_1590_adult,logistic_regression,class_conditional_cp,50,q_minority,10,0.8261584904624699,0.8231112662843747,0.06175482280403104,0.055381135971551476,0.7924379015988755,0.847819037570427,0.7349126361628324,0.9552898229069644,0.7912718559638062,0.8641966983128715,across_seed_bootstrap_exploratory
openml_1590_adult,logistic_regression,class_conditional_cp,50,q_majority,10,0.4303041230549848,0.421498452308699,0.0441612449159383,0.08057724490480811,0.396561310840826,0.47713855574563413,0.3714163225207786,0.48088205643218385,0.405057039184866,0.45619721826468773,across_seed_bootstrap_exploratory
openml_1590_adult,logistic_regression,class_conditional_cp,50,threshold_gap,10,0.3958543674074852,0.3928831141529065,0.09324688506224992,0.13819217762708397,0.33135866399622144,0.4695508416233054,0.25496417349098566,0.5442869874314801,0.34072497540502555,0.450447846712835,across_seed_bootstrap_exploratory
openml_1590_adult,logistic_regression,class_conditional_cp,50,threshold_sum,10,1.256462613517455,1.235673611636686,0.05322373352512077,0.0723426300584542,1.2158920786771774,1.2882347087356316,1.2005653571895523,1.3662926583824486,1.2268480403494055,1.2899043065145397,across_seed_bootstrap_exploratory
openml_1590_adult,logistic_regression,class_conditional_cp,100,coverage_minority,10,0.9016253207869974,0.90098374679213,0.02537781579697748,0.01839178785286577,0.8920017108639863,0.910393498716852,0.8550042771599657,0.9491017964071856,0.8868680496150555,0.916852010265184,across_seed_bootstrap_exploratory
openml_1590_adult,logistic_regression,class_conditional_cp,100,coverage_majority,10,0.9071188265374781,0.9062710267797066,0.015715085890412546,0.02751984928004314,0.893654958955726,0.9211748082357691,0.8842686044946845,0.927735163504239,0.897806486341004,0.9162023953707441,across_seed_bootstrap_exploratory
openml_1590_adult,logistic_regression,class_conditional_cp,100,coverage_disparity,10,0.01638125214476749,0.008589919762528098,0.01904231564298553,0.010006401638156304,0.007118642350802146,0.01712504398895845,0.001156692325021802,0.06707888795912997,0.007733547553949126,0.02886506544555505,across_seed_bootstrap_exploratory
openml_1590_adult,logistic_regression,class_conditional_cp,100,singleton_rate,10,0.8070222131231446,0.8216808271061521,0.04960238910302919,0.0610349063363701,0.780683795680213,0.841718702016583,0.6981267274030095,0.8595557375371071,0.7761080970416624,0.8328283345275873,across_seed_bootstrap_exploratory
openml_1590_adult,logistic_regression,class_conditional_cp,100,average_set_size,10,1.1929777868768554,1.1783191728938478,0.04960238910302919,0.06103490633637021,1.158281297983417,1.2193162043197872,1.1404442624628928,1.3018732725969904,1.1666188965093665,1.2244761490428908,across_seed_bootstrap_exploratory
openml_1590_adult,logistic_regression,class_conditional_cp,100,empty_rate,10,0.0,0.0,0.0,0.0,0.0,0.0,0.0,0.0,0.0,0.0,across_seed_bootstrap_exploratory
openml_1590_adult,logistic_regression,class_conditional_cp,100,doubleton_rate,10,0.19297778687685535,0.17831917289384788,0.0496023891030292,0.061034906336370126,0.15828129798341695,0.21931620431978707,0.14044426246289282,0.3018732725969905,0.16618845327054968,0.22438376497082602,across_seed_bootstrap_exploratory
openml_1590_adult,logistic_regression,class_conditional_cp,100,coverage_overall,10,0.9058040741119869,0.9050056300542533,0.015093203790052129,0.021598935407923014,0.8949483058654929,0.9165472412734159,0.8862729040843484,0.9302896918824854,0.8971232981881463,0.9146995598321219,across_seed_bootstrap_exploratory
openml_1590_adult,logistic_regression,class_conditional_cp,100,auroc,10,0.9041523274461516,0.903850353390917,0.0026131287684705994,0.003994836326539519,0.9019397547830689,0.9059345911096084,0.9008418367141373,0.9084581859983822,0.9026657769299054,0.9057097869547255,across_seed_bootstrap_exploratory
openml_1590_adult,logistic_regression,class_conditional_cp,100,auprc,10,0.7600133791418023,0.7597410471556382,0.007233681135490548,0.0043196357594340595,0.7561088454771898,0.7604284812366239,0.7508322913088379,0.7743042211833209,0.7560965808487248,0.7645240510355542,across_seed_bootstrap_exploratory
openml_1590_adult,logistic_regression,class_conditional_cp,100,q_minority,10,0.8268173154281332,0.8259352459641788,0.0403165484147943,0.049237166990510506,0.8012870509300929,0.8505242179206034,0.7546944812499321,0.9016122312062086,0.8036489887329186,0.8507195265726865,across_seed_bootstrap_exploratory
openml_1590_adult,logistic_regression,class_conditional_cp,100,q_majority,10,0.4303041230549848,0.421498452308699,0.0441612449159383,0.08057724490480811,0.396561310840826,0.47713855574563413,0.3714163225207786,0.48088205643218385,0.4046461706819941,0.45626457515030544,across_seed_bootstrap_exploratory
openml_1590_adult,logistic_regression,class_conditional_cp,100,threshold_gap,10,0.39651319237314847,0.41960958359955214,0.049977205940815166,0.05168784104975366,0.37433548636390146,0.4260233274136551,0.27474601857808534,0.4392506244354688,0.3640135749489768,0.42204757197844384,across_seed_bootstrap_exploratory
openml_1590_adult,logistic_regression,class_conditional_cp,100,threshold_sum,10,1.257121438483118,1.2411373697212338,0.06821699307038695,0.09243548386918898,1.2145350333440594,1.3069705172132484,1.174019292841773,1.3820917018550305,1.218950765744551,1.298626707056952,across_seed_bootstrap_exploratory
openml_1590_adult,xgboost,global_split_cp,10,coverage_minority,10,0.5869118905047049,0.5846877673224978,0.047243550415719336,0.06287425149700598,0.5465141146278871,0.6093883661248931,0.5239520958083832,0.6693755346449958,0.5600930282292557,0.6157399486740804,across_seed_bootstrap_exploratory
openml_1590_adult,xgboost,global_split_cp,10,coverage_majority,10,0.9168348809043196,0.9165657381240748,0.017927369626801585,0.017595209258511768,0.9035123132821962,0.9211075225407079,0.8914008881711748,0.9449603014399138,0.9066071188265374,0.9276140492531288,across_seed_bootstrap_exploratory
openml_1590_adult,xgboost,global_split_cp,10,coverage_disparity,10,0.32992299039961487,0.333627398873169,0.030446478936701663,0.040131686566310276,0.31077715668495753,0.3509088432512678,0.27558476679491806,0.3744465046491595,0.31184877822070833,0.3470997275303479,across_seed_bootstrap_exploratory
openml_1590_adult,xgboost,global_split_cp,10,singleton_rate,10,0.9348244446719212,0.9354591053331969,0.03763917005168215,0.04481011362473131,0.9057477735694544,0.9505578871941857,0.8859658102159893,0.9957006858429727,0.9129695977070325,0.9569456955676118,across_seed_bootstrap_exploratory
openml_1590_adult,xgboost,global_split_cp,10,average_set_size,10,0.937588289487153,0.9354591053331969,0.04252669505597568,0.04481011362473131,0.9057477735694544,0.9505578871941857,0.8859658102159893,1.0138192240761592,0.91368589415498,0.9637631794451836,across_seed_bootstrap_exploratory
openml_1590_adult,xgboost,global_split_cp,10,empty_rate,10,0.0637936329204627,0.06454089466680316,0.03991887225204373,0.0448101136247313,0.04944211280581431,0.09425222643054561,0.0,0.11403418978401064,0.040167366158255696,0.08653930801514993,across_seed_bootstrap_exploratory
openml_1590_adult,xgboost,global_split_cp,10,doubleton_rate,10,0.001381922407615928,0.0,0.00437002235768995,0.0,0.0,0.0,0.0,0.01381922407615928,0.0,0.004145767222847784,across_seed_bootstrap_exploratory
openml_1590_adult,xgboost,global_split_cp,10,coverage_overall,10,0.8378749104309551,0.8384174429317228,0.024695831505939958,0.027766403930801542,0.8180468829972362,0.8458132869280377,0.8065308629337701,0.8790050158665166,0.8237890265124372,0.8525033268502406,across_seed_bootstrap_exploratory
openml_1590_adult,xgboost,global_split_cp,10,auroc,10,0.9284929132449674,0.9288039930289949,0.0025326696922889644,0.0029486919810532974,0.9271067056152416,0.9300553975962949,0.9243265012739388,0.9326213770049152,0.9269706639693679,0.9299334223444224,across_seed_bootstrap_exploratory
openml_1590_adult,xgboost,global_split_cp,10,auprc,10,0.8284324955210802,0.8279070490705531,0.0055140314730111545,0.006103136255537045,0.825553262042791,0.831656398298328,0.8204580599949844,0.836452611525935,0.8251889000870817,0.8317126661991235,across_seed_bootstrap_exploratory
openml_1590_adult,xgboost,global_split_cp,10,q_global,10,0.42664106488227843,0.4191281795501709,0.04821927274729215,0.04178759455680847,0.39639967679977417,0.43818727135658264,0.369537353515625,0.5174403190612793,0.40022194385528564,0.4567319054901599,across_seed_bootstrap_exploratory
openml_1590_adult,xgboost,global_split_cp,20,coverage_minority,10,0.6113344739093243,0.6067151411462789,0.0493756494204262,0.07068006843455943,0.5832976903336184,0.6539777587681779,0.5406330196749358,0.679213002566296,0.5824208725406331,0.6403336184773311,across_seed_bootstrap_exploratory
openml_1590_adult,xgboost,global_split_cp,20,coverage_majority,10,0.9271565065267126,0.9226887363746468,0.017267379172615005,0.024189207374512134,0.918214237653075,0.9424034450275871,0.901090028259992,0.9533037276275064,0.9173058807697485,0.9373708114654825,across_seed_bootstrap_exploratory
openml_1590_adult,xgboost,global_split_cp,20,coverage_disparity,10,0.3158220326173882,0.31568773175144604,0.03282731359579324,0.045977857998749594,0.28930876064354366,0.33528661864229325,0.2677658697254548,0.36060182535902874,0.2966950848001212,0.33505361386345484,across_seed_bootstrap_exploratory
openml_1590_adult,xgboost,global_split_cp,20,singleton_rate,10,0.9512027843177397,0.9524516327157335,0.02968280091134991,0.0408946668031529,0.9351520114648377,0.9760466782679906,0.9014228682567305,0.9931415702733135,0.9336367591360425,0.9680624936022111,across_seed_bootstrap_exploratory
openml_1590_adult,xgboost,global_split_cp,20,average_set_size,10,0.9613983007472617,0.9524516327157335,0.04325684115567694,0.0626983314566486,0.9351520114648377,0.9978503429214863,0.9014228682567305,1.0222131231446412,0.9366565155082404,0.9872865697614904,across_seed_bootstrap_exploratory
openml_1590_adult,xgboost,global_split_cp,20,empty_rate,10,0.04369945746749923,0.047548367284266556,0.035939052987198225,0.05755450916163374,0.007293479373528509,0.06484798853516224,0.0,0.09857713174326953,0.02277612856996622,0.06452067765380283,across_seed_bootstrap_exploratory
openml_1590_adult,xgboost,global_split_cp,20,doubleton_rate,10,0.005097758214760979,0.0,0.009192168337150383,0.005143822295014843,0.0,0.005143822295014843,0.0,0.022213123144641213,0.0,0.011045142798648787,across_seed_bootstrap_exploratory
openml_1590_adult,xgboost,global_split_cp,20,coverage_overall,10,0.8515712969597707,0.8467601596888116,0.024780885089008657,0.03600675606510384,0.8382127136861501,0.874219469751254,0.8148223973794656,0.8857610809704166,0.8374654519398096,0.8663322755655646,across_seed_bootstrap_exploratory
openml_1590_adult,xgboost,global_split_cp,20,auroc,10,0.9284929132449674,0.9288039930289949,0.0025326696922889644,0.0029486919810532974,0.9271067056152416,0.9300553975962949,0.9243265012739388,0.9326213770049152,0.9269961576357062,0.9299795580849376,across_seed_bootstrap_exploratory
openml_1590_adult,xgboost,global_split_cp,20,auprc,10,0.8284324955210802,0.8279070490705531,0.0055140314730111545,0.006103136255537045,0.825553262042791,0.831656398298328,0.8204580599949844,0.836452611525935,0.8252672033659747,0.8316824168878313,across_seed_bootstrap_exploratory
openml_1590_adult,xgboost,global_split_cp,20,q_global,10,0.4551569879055023,0.4413849711418152,0.049945847961676164,0.07486306130886078,0.42361608147621155,0.4984791427850723,0.3938601016998291,0.5278486013412476,0.42697532013058664,0.4850599087774753,across_seed_bootstrap_exploratory
openml_1590_adult,xgboost,global_split_cp,50,coverage_minority,10,0.6906330196749357,0.6907613344739093,0.022561585243303366,0.03678357570573143,0.6740804106073567,0.7108639863130881,0.6544054747647562,0.72027373823781,0.677202737382378,0.7035928143712574,across_seed_bootstrap_exploratory
openml_1590_adult,xgboost,global_split_cp,50,coverage_majority,10,0.9534652132956534,0.9553222984793432,0.006577285201234867,0.006089355403041341,0.9511169425380164,0.9572062979410577,0.9393083030547705,0.9615125824249765,0.9493338716188939,0.957058269411923,across_seed_bootstrap_exploratory
openml_1590_adult,xgboost,global_split_cp,50,coverage_disparity,10,0.2628321936207175,0.26516653526098505,0.01750835261684882,0.02575108160747544,0.2489977366911025,0.27474881829857795,0.23518313163165572,0.2852207805393884,0.2525180892900168,0.2728260590532413,across_seed_bootstrap_exploratory
openml_1590_adult,xgboost,global_split_cp,50,singleton_rate,10,0.9615211382946054,0.9578257754120176,0.019478675466001055,0.02484901218139013,0.94797318046883,0.9728221926502201,0.9387859555737537,0.9986692599037773,0.9507933258265944,0.9734977991606101,across_seed_bootstrap_exploratory
openml_1590_adult,xgboost,global_split_cp,50,average_set_size,10,1.03821271368615,1.0421742245879824,0.020052382208218075,0.024849012181390018,1.02717780734978,1.05202681953117,0.9986692599037773,1.0612140444262463,1.0257651755553283,1.049104565462176,across_seed_bootstrap_exploratory
openml_1590_adult,xgboost,global_split_cp,50,empty_rate,10,0.00013307400962227456,0.0,0.00042081696777755077,0.0,0.0,0.0,0.0,0.0013307400962227454,0.0,0.0003992220288668236,across_seed_bootstrap_exploratory
openml_1590_adult,xgboost,global_split_cp,50,doubleton_rate,10,0.038345787695772335,0.042174224587982395,0.01976313052496382,0.02484901218139011,0.027177807349779915,0.05202681953117003,0.0,0.06121404442624629,0.02622530453475279,0.049114801924454894,across_seed_bootstrap_exploratory
openml_1590_adult,xgboost,global_split_cp,50,coverage_overall,10,0.8905619817790971,0.8930289691882486,0.009946116053610614,0.014023953321732008,0.8839952912273519,0.8980192445490839,0.8711229399119664,0.9026512437301668,0.884512232572423,0.8960794349472823,across_seed_bootstrap_exploratory
openml_1590_adult,xgboost,global_split_cp,50,auroc,10,0.9284929132449674,0.9288039930289949,0.0025326696922889644,0.0029486919810532974,0.9271067056152416,0.9300553975962949,0.9243265012739388,0.9326213770049152,0.9269947537159375,0.9299315934282886,across_seed_bootstrap_exploratory
openml_1590_adult,xgboost,global_split_cp,50,auprc,10,0.8284324955210802,0.8279070490705531,0.0055140314730111545,0.006103136255537045,0.825553262042791,0.831656398298328,0.8204580599949844,0.836452611525935,0.8252473213853406,0.8316897931978139,across_seed_bootstrap_exploratory
openml_1590_adult,xgboost,global_split_cp,50,q_global,10,0.5460353374481202,0.5508889406919479,0.025536357246145468,0.03534021973609924,0.5296700447797775,0.5650102645158768,0.49821949005126953,0.5782818496227264,0.5302670717984438,0.5600439761579037,across_seed_bootstrap_exploratory
openml_1590_adult,xgboost,global_split_cp,100,coverage_minority,10,0.768562874251497,0.775235243798118,0.02923835045890708,0.01668092386655262,0.7628314798973481,0.7795124037639007,0.7065868263473054,0.8139435414884517,0.7500844739093241,0.7847305389221557,across_seed_bootstrap_exploratory
openml_1590_adult,xgboost,global_split_cp,100,coverage_majority,10,0.9717130937962588,0.9721437222446507,0.006877579672116143,0.004676355806755517,0.970024222850222,0.9747005786569776,0.9594940115731395,0.9827748620643251,0.9675006728569505,0.9756560355268469,across_seed_bootstrap_exploratory
openml_1590_adult,xgboost,global_split_cp,100,coverage_disparity,10,0.20315021954476192,0.19825419234775732,0.022617028417548885,0.014268279865668004,0.19309267732485896,0.20736095719052697,0.16883132057587336,0.2529071852258341,0.190832824517641,0.21718429454028096,across_seed_bootstrap_exploratory
openml_1590_adult,xgboost,global_split_cp,100,singleton_rate,10,0.8816255502098475,0.8804381205855256,0.0342593593020629,0.022187531988944742,0.8671051284676016,0.8892926604565463,0.8300747261746341,0.9501484287030403,0.8624925785648481,0.902395332173201,across_seed_bootstrap_exploratory
openml_1590_adult,xgboost,global_split_cp,100,average_set_size,10,1.1183744497901524,1.1195618794144744,0.03425935930206292,0.022187531988944853,1.1107073395434537,1.1328948715323985,1.0498515712969598,1.169925273825366,1.0973485003582764,1.1376909100214967,across_seed_bootstrap_exploratory
openml_1590_adult,xgboost,global_split_cp,100,empty_rate,10,0.0,0.0,0.0,0.0,0.0,0.0,0.0,0.0,0.0,0.0,across_seed_bootstrap_exploratory
openml_1590_adult,xgboost,global_split_cp,100,doubleton_rate,10,0.11837444979015252,0.11956187941447435,0.03425935930206289,0.022187531988944617,0.11070733954345378,0.1328948715323984,0.049851571296959774,0.16992527382536596,0.09701095301463815,0.13785443750639778,across_seed_bootstrap_exploratory
openml_1590_adult,xgboost,global_split_cp,100,coverage_overall,10,0.923093458900604,0.9250690961203808,0.012143055363233448,0.007267888217831975,0.9205650527177808,0.9278329409356127,0.8989661173098578,0.9423687173712765,0.9156310778994781,0.9299416521650118,across_seed_bootstrap_exploratory
openml_1590_adult,xgboost,global_split_cp,100,auroc,10,0.9284929132449674,0.9288039930289949,0.0025326696922889644,0.0029486919810532974,0.9271067056152416,0.9300553975962949,0.9243265012739388,0.9326213770049152,0.9269779309971096,0.929940303947155,across_seed_bootstrap_exploratory
openml_1590_adult,xgboost,global_split_cp,100,auprc,10,0.8284324955210802,0.8279070490705531,0.0055140314730111545,0.006103136255537045,0.825553262042791,0.831656398298328,0.8204580599949844,0.836452611525935,0.8251921729205045,0.8316840628424231,across_seed_bootstrap_exploratory
openml_1590_adult,xgboost,global_split_cp,100,q_global,10,0.6351927131414413,0.6404329836368561,0.03578566710496152,0.024363607168197632,0.6266995146870613,0.6510631218552589,0.559820681810379,0.685725748538971,0.6126385376602411,0.6548096179962158,across_seed_bootstrap_exploratory
openml_1590_adult,xgboost,class_conditional_cp,10,coverage_minority,10,0.9384088964927289,0.9332763045337895,0.03898242794441831,0.04309238665526083,0.9233319076133448,0.9664242942686057,0.8605645851154833,1.0,0.9147989734816082,0.9604373396065012,across_seed_bootstrap_exploratory
openml_1590_adult,xgboost,class_conditional_cp,10,coverage_majority,10,0.9056116269681065,0.9058000269142781,0.018069151328319745,0.020286637060960788,0.895673529807563,0.9159601668685238,0.8790203202799085,0.9391737316646481,0.8953438299017629,0.9164042524559278,across_seed_bootstrap_exploratory
openml_1590_adult,xgboost,class_conditional_cp,10,coverage_disparity,10,0.04421281435053648,0.03249668838112457,0.03100377738633423,0.036032612092845306,0.020136539309638407,0.056169151402483714,0.013515100256836887,0.09917911452025296,0.0272609754825662,0.0637064903585757,across_seed_bootstrap_exploratory
openml_1590_adult,xgboost,class_conditional_cp,10,singleton_rate,10,0.758122632818098,0.8219879209745111,0.18257932117845435,0.07690142286825674,0.7712662503838673,0.848167673252124,0.2728017197256628,0.8943597092844713,0.6351901422868257,0.8399736411096324,across_seed_bootstrap_exploratory
openml_1590_adult,xgboost,class_conditional_cp,10,average_set_size,10,1.241877367181902,1.1780120790254887,0.18257932117845432,0.07690142286825652,1.151832326747876,1.2287337496161326,1.1056402907155287,1.727198280274337,1.1596273927730576,1.363046627085679,across_seed_bootstrap_exploratory
openml_1590_adult,xgboost,class_conditional_cp,10,empty_rate,10,0.0,0.0,0.0,0.0,0.0,0.0,0.0,0.0,0.0,0.0,across_seed_bootstrap_exploratory
openml_1590_adult,xgboost,class_conditional_cp,10,doubleton_rate,10,0.24187736718190198,0.17801207902548877,0.18257932117845435,0.07690142286825677,0.15183232674787592,0.2287337496161327,0.10564029071552872,0.7271982802743372,0.15922817074419082,0.3614395025079333,across_seed_bootstrap_exploratory
openml_1590_adult,xgboost,class_conditional_cp,10,coverage_overall,10,0.913460947896407,0.9089978503429215,0.016100537528654365,0.020780018425632152,0.9014228682567305,0.9222028866823626,0.8973282833452759,0.9477940423789538,0.9048111372709592,0.9235848090899784,across_seed_bootstrap_exploratory
openml_1590_adult,xgboost,class_conditional_cp,10,auroc,10,0.9284929132449674,0.9288039930289949,0.0025326696922889644,0.0029486919810532974,0.9271067056152416,0.9300553975962949,0.9243265012739388,0.9326213770049152,0.9270058783753216,0.929951431556404,across_seed_bootstrap_exploratory
openml_1590_adult,xgboost,class_conditional_cp,10,auprc,10,0.8284324955210802,0.8279070490705531,0.0055140314730111545,0.006103136255537045,0.825553262042791,0.831656398298328,0.8204580599949844,0.836452611525935,0.8252170129030061,0.8317801057368763,across_seed_bootstrap_exploratory
openml_1590_adult,xgboost,class_conditional_cp,10,q_minority,10,0.8790580455301097,0.8652688711881638,0.07184002970143824,0.08060848247259855,0.8465391993522644,0.927147681824863,0.7421079874038696,0.9995482862868812,0.8361117746766104,0.9215938307315082,across_seed_bootstrap_exploratory
openml_1590_adult,xgboost,class_conditional_cp,10,q_majority,10,0.39755484461784363,0.38887104392051697,0.04555216583447865,0.033293649554252625,0.37853339314460754,0.41182704269886017,0.32970303297042847,0.49748682975769043,0.3726809565722942,0.42666762188076973,across_seed_bootstrap_exploratory
openml_1590_adult,xgboost,class_conditional_cp,10,threshold_gap,10,0.48150320091226606,0.46764472126960754,0.08646651863974494,0.04305468127131462,0.4548558369278908,0.4979105181992054,0.31002819538116455,0.6152170599380042,0.4312395091727376,0.5313521329575451,across_seed_bootstrap_exploratory
openml_1590_adult,xgboost,class_conditional_cp,10,threshold_sum,10,1.2766128901479532,1.265091324225068,0.08363922831873442,0.07281709089875221,1.2201249301433563,1.2929420210421085,1.1741877794265747,1.4493107944726944,1.2316352390872636,1.3295209979533684,across_seed_bootstrap_exploratory
openml_1590_adult,xgboost,class_conditional_cp,20,coverage_minority,10,0.924508126603935,0.9289991445680068,0.04276886694055115,0.01283147989734812,0.9233319076133448,0.936163387510693,0.839606501283148,0.9923011120615911,0.8977748075278016,0.9483319076133447,across_seed_bootstrap_exploratory
openml_1590_adult,xgboost,class_conditional_cp,20,coverage_majority,10,0.9056116269681065,0.9058000269142781,0.018069151328319745,0.020286637060960788,0.895673529807563,0.9159601668685238,0.8790203202799085,0.9391737316646481,0.8953034584847261,0.9163507603283542,across_seed_bootstrap_exploratory
openml_1590_adult,xgboost,class_conditional_cp,20,coverage_disparity,10,0.04087874196816588,0.04473704416531726,0.02496073769125957,0.0325476706774466,0.020136539309638407,0.05268420998708501,0.00846372311032817,0.09148022658184407,0.026655780802429974,0.05607012516290448,across_seed_bootstrap_exploratory
openml_1590_adult,xgboost,class_conditional_cp,20,singleton_rate,10,0.8181697205445797,0.8336063056607637,0.08717580333194176,0.07331866107073393,0.7895383355512335,0.8628569966219675,0.6199201555942266,0.941959258880131,0.7645101852799673,0.865044272699355,across_seed_bootstrap_exploratory
openml_1590_adult,xgboost,class_conditional_cp,20,average_set_size,10,1.1818302794554203,1.1663936943392363,0.08717580333194178,0.07331866107073393,1.1371430033780325,1.2104616644487665,1.058040741119869,1.3800798444057734,1.1350903367796088,1.236524465144846,across_seed_bootstrap_exploratory
openml_1590_adult,xgboost,class_conditional_cp,20,empty_rate,10,0.0,0.0,0.0,0.0,0.0,0.0,0.0,0.0,0.0,0.0,across_seed_bootstrap_exploratory
openml_1590_adult,xgboost,class_conditional_cp,20,doubleton_rate,10,0.1818302794554202,0.16639369433923634,0.08717580333194178,0.07331866107073395,0.13714300337803256,0.21046166444876652,0.058040741119868976,0.38007984440577336,0.1349879721568226,0.2364732828334527,across_seed_bootstrap_exploratory
openml_1590_adult,xgboost,class_conditional_cp,20,coverage_overall,10,0.9101340976558501,0.9104821373733237,0.017518907623493642,0.022315487767427644,0.898505476507319,0.9208209642747467,0.8827925069096121,0.9371481216091718,0.8999078718394922,0.9204933974818301,across_seed_bootstrap_exploratory
openml_1590_adult,xgboost,class_conditional_cp,20,auroc,10,0.9284929132449674,0.9288039930289949,0.0025326696922889644,0.0029486919810532974,0.9271067056152416,0.9300553975962949,0.9243265012739388,0.9326213770049152,0.9269864561781335,0.9299377470619636,across_seed_bootstrap_exploratory
openml_1590_adult,xgboost,class_conditional_cp,20,auprc,10,0.8284324955210802,0.8279070490705531,0.0055140314730111545,0.006103136255537045,0.825553262042791,0.831656398298328,0.8204580599949844,0.836452611525935,0.825154977486103,0.831651433906269,across_seed_bootstrap_exploratory
openml_1590_adult,xgboost,class_conditional_cp,20,q_minority,10,0.8524749651551247,0.8630150631070137,0.07282993724877213,0.019774824380874634,0.846138246357441,0.8659130707383156,0.7137778997421265,0.9749516844749451,0.8077316407859325,0.8942060377821326,across_seed_bootstrap_exploratory
openml_1590_adult,xgboost,class_conditional_cp,20,q_majority,10,0.39755484461784363,0.38887104392051697,0.04555216583447865,0.033293649554252625,0.37853339314460754,0.41182704269886017,0.32970303297042847,0.49748682975769043,0.37238867014646526,0.4265740033984184,across_seed_bootstrap_exploratory
openml_1590_adult,xgboost,class_conditional_cp,20,threshold_gap,10,0.45492012053728104,0.46764472126960754,0.08739001678832692,0.11935184895992279,0.38606685400009155,0.5054187029600143,0.3278205096721649,0.5906204581260681,0.40259490799158815,0.5054432399198413,across_seed_bootstrap_exploratory
openml_1590_adult,xgboost,class_conditional_cp,20,threshold_sum,10,1.2500298097729683,1.2404490411281586,0.08438829367560288,0.11600271984934807,1.1993959955871105,1.3153987154364586,1.0922034978866577,1.359282910823822,1.1995487159863116,1.2981799762696027,across_seed_bootstrap_exploratory
openml_1590_adult,xgboost,class_conditional_cp,50,coverage_minority,10,0.9001283147989735,0.9157399486740805,0.03922375681775185,0.04843883661248938,0.8736099230111206,0.92204875962361,0.8280581693755347,0.9563729683490163,0.875875748502994,0.9218990590248076,across_seed_bootstrap_exploratory
openml_1590_adult,xgboost,class_conditional_cp,50,coverage_majority,10,0.9056116269681065,0.9058000269142781,0.018069151328319745,0.020286637060960788,0.895673529807563,0.9159601668685238,0.8790203202799085,0.9391737316646481,0.8953303727627506,0.916498788857489,across_seed_bootstrap_exploratory
openml_1590_adult,xgboost,class_conditional_cp,50,coverage_disparity,10,0.0402146799313306,0.03866579085902244,0.02940780516420791,0.04424389873002141,0.013180153908688763,0.05742405263871017,0.004817575184713374,0.08958413986951985,0.02313828424815976,0.05759157315451569,across_seed_bootstrap_exploratory
openml_1590_adult,xgboost,class_conditional_cp,50,singleton_rate,10,0.8620841437199305,0.8589927321117822,0.0430726051756528,0.03546934179547545,0.8498055072167059,0.8852748490121813,0.775104923738356,0.921486334322858,0.8361754017811445,0.8868873477326236,across_seed_bootstrap_exploratory
openml_1590_adult,xgboost,class_conditional_cp,50,average_set_size,10,1.1379158562800695,1.141007267888218,0.04307260517565283,0.03546934179547545,1.1147251509878187,1.150194492783294,1.078513665677142,1.224895076261644,1.113604258368308,1.1640805097758213,across_seed_bootstrap_exploratory
openml_1590_adult,xgboost,class_conditional_cp,50,empty_rate,10,0.0,0.0,0.0,0.0,0.0,0.0,0.0,0.0,0.0,0.0,across_seed_bootstrap_exploratory
openml_1590_adult,xgboost,class_conditional_cp,50,doubleton_rate,10,0.1379158562800696,0.14100726788821782,0.043072605175652826,0.035469341795475506,0.1147251509878186,0.1501944927832941,0.07851366567714198,0.22489507626164398,0.11370585525642338,0.16416291329716445,across_seed_bootstrap_exploratory
openml_1590_adult,xgboost,class_conditional_cp,50,coverage_overall,10,0.9042993141570272,0.8997850342921486,0.011750544195068484,0.017376394717985466,0.8964070017401986,0.9137833964581841,0.8879107380489303,0.9212816050772853,0.8975634660661275,0.9113727095915651,across_seed_bootstrap_exploratory
openml_1590_adult,xgboost,class_conditional_cp,50,auroc,10,0.9284929132449674,0.9288039930289949,0.0025326696922889644,0.0029486919810532974,0.9271067056152416,0.9300553975962949,0.9243265012739388,0.9326213770049152,0.9269863582570137,0.9299673160743511,across_seed_bootstrap_exploratory
openml_1590_adult,xgboost,class_conditional_cp,50,auprc,10,0.8284324955210802,0.8279070490705531,0.0055140314730111545,0.006103136255537045,0.825553262042791,0.831656398298328,0.8204580599949844,0.836452611525935,0.8252071137822546,0.8316556105956363,across_seed_bootstrap_exploratory
openml_1590_adult,xgboost,class_conditional_cp,50,q_minority,10,0.8120014414191246,0.8294298276305199,0.06325889952247163,0.07793763652443886,0.7661475315690041,0.8440851680934429,0.7006547451019287,0.9138924926519394,0.7737900280579925,0.8483512070029975,across_seed_bootstrap_exploratory
openml_1590_adult,xgboost,class_conditional_cp,50,q_majority,10,0.39755484461784363,0.38887104392051697,0.04555216583447865,0.033293649554252625,0.37853339314460754,0.41182704269886017,0.32970303297042847,0.49748682975769043,0.37280498147010804,0.4259505987167358,across_seed_bootstrap_exploratory
openml_1590_adult,xgboost,class_conditional_cp,50,threshold_gap,10,0.414446596801281,0.4377854987978935,0.09545687698308658,0.11700265109539032,0.3640388809144497,0.48104153200984,0.2546868473291397,0.5295612663030624,0.35678215548396114,0.46801245354115967,across_seed_bootstrap_exploratory
openml_1590_adult,xgboost,class_conditional_cp,50,threshold_sum,10,1.2095562860369682,1.211371399462223,0.05514853577972754,0.072816651314497,1.1725020669400692,1.2453187182545662,1.1327345371246338,1.2982237190008163,1.177527170330286,1.2421299421414733,across_seed_bootstrap_exploratory
openml_1590_adult,xgboost,class_conditional_cp,100,coverage_minority,10,0.9070145423438838,0.9080410607356715,0.021761923889435986,0.025235243798117923,0.8999144568006844,0.9251497005988023,0.8605645851154833,0.93071000855432,0.8935842600513257,0.9188205731394353,across_seed_bootstrap_exploratory
openml_1590_adult,xgboost,class_conditional_cp,100,coverage_majority,10,0.9056116269681065,0.9058000269142781,0.018069151328319745,0.020286637060960788,0.895673529807563,0.9159601668685238,0.8790203202799085,0.9391737316646481,0.8951688870946037,0.9162696810658053,across_seed_bootstrap_exploratory
openml_1590_adult,xgboost,class_conditional_cp,100,coverage_disparity,10,0.01846821381172138,0.013833484193732537,0.016455040775015133,0.012973922389950987,0.008128345074658372,0.02110226746460936,0.0009064286790626541,0.05707772412957124,0.010040641941217024,0.029072911475624214,across_seed_bootstrap_exploratory
openml_1590_adult,xgboost,class_conditional_cp,100,singleton_rate,10,0.8592998259801412,0.8661070733954346,0.03785191752180904,0.0557119459514791,0.8356024158050978,0.8913143617565769,0.7799160610093152,0.8948715323984031,0.835397686559525,0.8798546422356435,across_seed_bootstrap_exploratory
openml_1590_adult,xgboost,class_conditional_cp,100,average_set_size,10,1.1407001740198588,1.1338929266045654,0.037851917521809046,0.055711945951479214,1.108685638243423,1.1643975841949021,1.1051284676015969,1.2200839389906848,1.1201143924659636,1.164152165011772,across_seed_bootstrap_exploratory
openml_1590_adult,xgboost,class_conditional_cp,100,empty_rate,10,0.0,0.0,0.0,0.0,0.0,0.0,0.0,0.0,0.0,0.0,across_seed_bootstrap_exploratory
openml_1590_adult,xgboost,class_conditional_cp,100,doubleton_rate,10,0.14070017401985874,0.13389292660456548,0.03785191752180905,0.05571194595147917,0.10868563824342307,0.16439758419490225,0.10512846760159689,0.22008393899068482,0.11978708158460435,0.1643571501689016,across_seed_bootstrap_exploratory
openml_1590_adult,xgboost,class_conditional_cp,100,coverage_overall,10,0.9059473845838879,0.9023441498618078,0.015614383990921726,0.017248438939502564,0.8959975432490531,0.9132459821885557,0.8871941856894258,0.9371481216091718,0.8972566281093254,0.9156620431978708,across_seed_bootstrap_exploratory
openml_1590_adult,xgboost,class_conditional_cp,100,auroc,10,0.9284929132449674,0.9288039930289949,0.0025326696922889644,0.0029486919810532974,0.9271067056152416,0.9300553975962949,0.9243265012739388,0.9326213770049152,0.9270050806887293,0.929966608394607,across_seed_bootstrap_exploratory
openml_1590_adult,xgboost,class_conditional_cp,100,auprc,10,0.8284324955210802,0.8279070490705531,0.0055140314730111545,0.006103136255537045,0.825553262042791,0.831656398298328,0.8204580599949844,0.836452611525935,0.8252521425506747,0.8317010517811007,across_seed_bootstrap_exploratory
openml_1590_adult,xgboost,class_conditional_cp,100,q_minority,10,0.8208129808306694,0.826304480433464,0.036419470585513314,0.03314173221588135,0.8109337687492371,0.8440755009651184,0.7421079874038696,0.8619587868452072,0.7979715862497687,0.8408184229582548,across_seed_bootstrap_exploratory
openml_1590_adult,xgboost,class_conditional_cp,100,q_majority,10,0.39755484461784363,0.38887104392051697,0.04555216583447865,0.033293649554252625,0.37853339314460754,0.41182704269886017,0.32970303297042847,0.49748682975769043,0.37235471367836,0.42617835268378257,across_seed_bootstrap_exploratory
openml_1590_adult,xgboost,class_conditional_cp,100,threshold_gap,10,0.42325813621282576,0.43320417404174805,0.05475698942939818,0.04417252540588379,0.40772878751158714,0.45190131291747093,0.31002819538116455,0.502797394990921,0.3888782031461597,0.4538476281240582,across_seed_bootstrap_exploratory
openml_1590_adult,xgboost,class_conditional_cp,100,threshold_sum,10,1.218367825448513,1.20399060100317,0.06168004060075353,0.08083644509315491,1.1692165955901146,1.2500530406832695,1.162203460931778,1.359040379524231,1.1859905109182,1.2576911100372672,across_seed_bootstrap_exploratory
openml_1590_adult,tabpfn,global_split_cp,10,coverage_minority,10,0.5707442258340463,0.5515397775876818,0.05380509325004382,0.08426005132591952,0.5346449957228401,0.6189050470487596,0.4897348160821215,0.6531223267750214,0.539863130881095,0.6027373823781008,across_seed_bootstrap_exploratory
openml_1590_adult,tabpfn,global_split_cp,10,coverage_majority,10,0.9206432512447853,0.9146817386623604,0.01834596844747464,0.029672991522002423,0.9089960974296865,0.9386690889516889,0.8900551742699502,0.9436145875386893,0.9097698829228907,0.9313013053424843,across_seed_bootstrap_exploratory
openml_1590_adult,tabpfn,global_split_cp,10,coverage_disparity,10,0.34989902541073914,0.35614640722591956,0.03794856963762998,0.05361869835506339,0.3197640419029292,0.37338274025799256,0.2890119754723208,0.4172763533432587,0.32770997597630164,0.37255052010288203,across_seed_bootstrap_exploratory
openml_1590_adult,tabpfn,global_split_cp,10,singleton_rate,10,0.9485617770498516,0.9422663527484901,0.035289633565263406,0.04708772648172799,0.9300081891698229,0.9770959156515509,0.8948715323984031,0.9964172382024772,0.9275460640802538,0.9694137066229911,across_seed_bootstrap_exploratory
openml_1590_adult,tabpfn,global_split_cp,10,average_set_size,10,0.959248643668748,0.9422663527484901,0.04837400760837969,0.07088750127955779,0.9300081891698229,1.0008956904493806,0.8948715323984031,1.0289691882485412,0.9317739789128877,0.9878700481113726,across_seed_bootstrap_exploratory
openml_1590_adult,tabpfn,global_split_cp,10,empty_rate,10,0.04609478964070017,0.05773364725150988,0.04100367415158572,0.06820042993141569,0.001791380898761388,0.06999181083017708,0.0,0.10512846760159689,0.022150424813184567,0.0699974408844303,across_seed_bootstrap_exploratory
openml_1590_adult,tabpfn,global_split_cp,10,doubleton_rate,10,0.005343433309448255,0.0,0.010554626033339735,0.002687071348142082,0.0,0.002687071348142082,0.0,0.028969188248541305,0.0,0.012304227658921077,across_seed_bootstrap_exploratory
openml_1590_adult,tabpfn,global_split_cp,10,coverage_overall,10,0.8369024465144845,0.8277715221619408,0.02620507907889205,0.042737230013307315,0.8194032142491555,0.8621404442624628,0.8042788412324701,0.872965503122121,0.8219671921383971,0.8524209233288975,across_seed_bootstrap_exploratory
openml_1590_adult,tabpfn,global_split_cp,10,auroc,10,0.9156114295430132,0.9161989620159876,0.002448712689827372,0.00393274527132359,0.9135557537097211,0.9174884989810447,0.9120157516445279,0.919004974076301,0.914164804006958,0.9170508274068393,across_seed_bootstrap_exploratory
openml_1590_adult,tabpfn,global_split_cp,10,auprc,10,0.7928593994802339,0.7940752777154234,0.005298275837606471,0.006813335859605751,0.7884113150151522,0.7952246508747579,0.7847006853722885,0.8009064407314708,0.789700945794267,0.7959551954041956,across_seed_bootstrap_exploratory
openml_1590_adult,tabpfn,global_split_cp,10,q_global,10,0.4552261412143707,0.4367321729660034,0.05358687581601564,0.07693009078502655,0.42440614104270935,0.5013362318277359,0.3820866346359253,0.5316473543643951,0.42470467410981655,0.4874696039408445,across_seed_bootstrap_exploratory
openml_1590_adult,tabpfn,global_split_cp,20,coverage_minority,10,0.5973909324208726,0.5804106073567151,0.054064328385906406,0.08297690333618479,0.5577416595380668,0.6407185628742516,0.5201026518391788,0.6749358426005133,0.5664659965782719,0.6294268605645852,across_seed_bootstrap_exploratory
openml_1590_adult,tabpfn,global_split_cp,20,coverage_majority,10,0.9300767056923698,0.927129592248688,0.01723929015359458,0.02540034988561435,0.9203337370475038,0.9457340869331181,0.8994751715785224,0.9533037276275064,0.9197281657919527,0.9399542457273583,across_seed_bootstrap_exploratory
openml_1590_adult,tabpfn,global_split_cp,20,coverage_disparity,10,0.3326857732714973,0.3426788789339828,0.03933563610464274,0.051066086870034,0.30501552405886656,0.35608161092890056,0.27836788502699306,0.3994236568675902,0.3095325710537516,0.3553597490986076,across_seed_bootstrap_exploratory
openml_1590_adult,tabpfn,global_split_cp,20,singleton_rate,10,0.9549186201248847,0.9591053331968472,0.020576403900039227,0.024721056402907116,0.9428037670181185,0.9675248234210256,0.9165728324291125,0.982905107994677,0.9423994267581124,0.9665472412734157,across_seed_bootstrap_exploratory
openml_1590_adult,tabpfn,global_split_cp,20,average_set_size,10,0.9850752379977479,0.971133176374245,0.04933594416889134,0.07823216296447955,0.9497645613675914,1.027996724332071,0.9165728324291125,1.0581431057426554,0.9564131436175657,1.014361756576927,across_seed_bootstrap_exploratory
openml_1590_adult,tabpfn,global_split_cp,20,empty_rate,10,0.030003070938683596,0.02886682362575494,0.03078623286673383,0.05023543863240864,0.0,0.05023543863240864,0.0,0.0834271675708875,0.012723922612345173,0.048336574879721574,across_seed_bootstrap_exploratory
openml_1590_adult,tabpfn,global_split_cp,20,doubleton_rate,10,0.01507830893643157,0.0,0.021929882765805965,0.027996724332070837,0.0,0.027996724332070837,0.0,0.05814310574265534,0.00316306684409868,0.028928242399426755,across_seed_bootstrap_exploratory
openml_1590_adult,tabpfn,global_split_cp,20,coverage_overall,10,0.8504555225713993,0.8441498618077592,0.025375713053482202,0.04317227966014936,0.8295629030607022,0.8727351827208516,0.8170744190807657,0.8866823625754939,0.8354793223461973,0.8652679394001432,across_seed_bootstrap_exploratory
openml_1590_adult,tabpfn,global_split_cp,20,auroc,10,0.9156114295430132,0.9161989620159876,0.002448712689827372,0.00393274527132359,0.9135557537097211,0.9174884989810447,0.9120157516445279,0.919004974076301,0.914167952663794,0.917032192463795,across_seed_bootstrap_exploratory
openml_1590_adult,tabpfn,global_split_cp,20,auprc,10,0.7928593994802339,0.7940752777154234,0.005298275837606471,0.006813335859605751,0.7884113150151522,0.7952246508747579,0.7847006853722885,0.8009064407314708,0.789731625912951,0.7959407270128644,across_seed_bootstrap_exploratory
openml_1590_adult,tabpfn,global_split_cp,20,q_global,10,0.4839563399553299,0.46738627552986145,0.05455349988154881,0.080344058573246,0.4503980427980423,0.5307421013712883,0.40753477811813354,0.5668213665485382,0.4527958005666733,0.5164575627446175,across_seed_bootstrap_exploratory
openml_1590_adult,tabpfn,global_split_cp,50,coverage_minority,10,0.6866980325064157,0.688622754491018,0.024119752483088886,0.022775876817793028,0.6782506415739948,0.7010265183917879,0.6458511548331908,0.7258340461933276,0.6723684773310521,0.7002994011976048,across_seed_bootstrap_exploratory
openml_1590_adult,tabpfn,global_split_cp,50,coverage_majority,10,0.9560893554030413,0.9577445835015476,0.005350254150159666,0.006022069707980027,0.9540102274256493,0.9600322971336294,0.9460368725608935,0.9620508679854662,0.9527250706499798,0.9589826402906743,across_seed_bootstrap_exploratory
openml_1590_adult,tabpfn,global_split_cp,50,coverage_disparity,10,0.26939132289662554,0.26555568717228445,0.01958443964493648,0.02180023423940508,0.25897213589431095,0.28077237013371603,0.23621682179213865,0.30018571772770275,0.25815934959195164,0.28098431259057527,across_seed_bootstrap_exploratory
openml_1590_adult,tabpfn,global_split_cp,50,singleton_rate,10,0.9297573958439962,0.9270140239533218,0.020914851327002004,0.014279864878697923,0.9161889650936637,0.9304688299723616,0.9048009008086805,0.9718497287337496,0.9184867949636605,0.9427886682362575,across_seed_bootstrap_exploratory
openml_1590_adult,tabpfn,global_split_cp,50,average_set_size,10,1.0702426041560036,1.0729859760466782,0.020914851327001934,0.014279864878697923,1.0695311700276384,1.0838110349063363,1.0281502712662505,1.0951990991913194,1.0572627699866926,1.081666751970519,across_seed_bootstrap_exploratory
openml_1590_adult,tabpfn,global_split_cp,50,empty_rate,10,0.0,0.0,0.0,0.0,0.0,0.0,0.0,0.0,0.0,0.0,across_seed_bootstrap_exploratory
openml_1590_adult,tabpfn,global_split_cp,50,doubleton_rate,10,0.07024260415600368,0.07298597604667827,0.020914851327001983,0.014279864878697923,0.06953117002763845,0.08381103490633637,0.028150271266250384,0.09519909919131948,0.05706827720339851,0.08158460436073292,across_seed_bootstrap_exploratory
openml_1590_adult,tabpfn,global_split_cp,50,coverage_overall,10,0.8916163373937968,0.8916470467806326,0.009548887471604121,0.007523799774797668,0.8904954447742861,0.8980192445490838,0.8741938785955574,0.9055174531681851,0.8857917903572525,0.8969597707032448,across_seed_bootstrap_exploratory
openml_1590_adult,tabpfn,global_split_cp,50,auroc,10,0.9156114295430132,0.9161989620159876,0.002448712689827372,0.00393274527132359,0.9135557537097211,0.9174884989810447,0.9120157516445279,0.919004974076301,0.9141816516917143,0.9170412073943123,across_seed_bootstrap_exploratory
openml_1590_adult,tabpfn,global_split_cp,50,auprc,10,0.7928593994802339,0.7940752777154234,0.005298275837606471,0.006813335859605751,0.7884113150151522,0.7952246508747579,0.7847006853722885,0.8009064407314708,0.789731625912951,0.7959712354484466,across_seed_bootstrap_exploratory
openml_1590_adult,tabpfn,global_split_cp,50,q_global,10,0.5783418536186218,0.5781937390565872,0.0233105485982111,0.020006217062473297,0.5747993588447571,0.5948055759072304,0.5328536629676819,0.6069194972515106,0.564019912481308,0.5911643656343221,across_seed_bootstrap_exploratory
openml_1590_adult,tabpfn,global_split_cp,100,coverage_minority,10,0.7739948674080411,0.7758768177929855,0.031573952506513,0.018498716852010322,0.7747005988023952,0.7931993156544055,0.7070145423438836,0.8160821214713431,0.753977758768178,0.7910607356715141,across_seed_bootstrap_exploratory
openml_1590_adult,tabpfn,global_split_cp,100,coverage_majority,10,0.9739200645942672,0.9734894361458755,0.006107755787235255,0.006291212488224951,0.9716727223792222,0.9779639348674471,0.9619162965953438,0.9838514331853048,0.9701924370878752,0.9773381779033776,across_seed_bootstrap_exploratory
openml_1590_adult,tabpfn,global_split_cp,100,coverage_disparity,10,0.19992519718622623,0.19673790431709398,0.025881496593597172,0.018095002681642963,0.18392354802477628,0.20201855070641925,0.1677693117139617,0.2549017542514602,0.18590720557270599,0.21650877968959711,across_seed_bootstrap_exploratory
openml_1590_adult,tabpfn,global_split_cp,100,singleton_rate,10,0.8396560548674378,0.8373426143924659,0.03240286160467668,0.021266250383867424,0.8233442522264305,0.8446105026102979,0.7925069096120381,0.908281297983417,0.8220902855972975,0.8600985259494318,across_seed_bootstrap_exploratory
openml_1590_adult,tabpfn,global_split_cp,100,average_set_size,10,1.1603439451325621,1.1626573856075342,0.032402861604676696,0.021266250383867424,1.155389497389702,1.1766557477735695,1.091718702016583,1.207493090387962,1.140526154161122,1.1777868768553588,across_seed_bootstrap_exploratory
openml_1590_adult,tabpfn,global_split_cp,100,empty_rate,10,0.0,0.0,0.0,0.0,0.0,0.0,0.0,0.0,0.0,0.0,across_seed_bootstrap_exploratory
openml_1590_adult,tabpfn,global_split_cp,100,doubleton_rate,10,0.16034394513256217,0.16265738560753404,0.03240286160467669,0.02126625038386734,0.15538949738970212,0.17665574777356946,0.09171870201658307,0.20749309038796193,0.14040280479066436,0.17836011874296245,across_seed_bootstrap_exploratory
openml_1590_adult,tabpfn,global_split_cp,100,coverage_overall,10,0.9260722694236871,0.9264510185279967,0.012042419488793917,0.009289589517862629,0.9246084553178422,0.9338980448357048,0.9009110451427986,0.9436994574674993,0.9185686866618895,0.9327157334425223,across_seed_bootstrap_exploratory
openml_1590_adult,tabpfn,global_split_cp,100,auroc,10,0.9156114295430132,0.9161989620159876,0.002448712689827372,0.00393274527132359,0.9135557537097211,0.9174884989810447,0.9120157516445279,0.919004974076301,0.9141550363572986,0.9170480525194492,across_seed_bootstrap_exploratory
openml_1590_adult,tabpfn,global_split_cp,100,auprc,10,0.7928593994802339,0.7940752777154234,0.005298275837606471,0.006813335859605751,0.7884113150151522,0.7952246508747579,0.7847006853722885,0.8009064407314708,0.7897650415188909,0.7959233452476857,across_seed_bootstrap_exploratory
openml_1590_adult,tabpfn,global_split_cp,100,q_global,10,0.6732004195451736,0.6760203391313553,0.03466162702734,0.023678943514823914,0.6682667583227158,0.6919457018375397,0.602436363697052,0.7261695265769958,0.6520023254305124,0.692515202537179,across_seed_bootstrap_exploratory
openml_1590_adult,tabpfn,class_conditional_cp,10,coverage_minority,10,0.9335329341317365,0.9373396065012831,0.04817085676514249,0.05239520958083821,0.911142001710864,0.9635372112917022,0.8314798973481609,1.0,0.9031223267750214,0.960223481608212,across_seed_bootstrap_exploratory
openml_1590_adult,tabpfn,class_conditional_cp,10,coverage_majority,10,0.9044812272910778,0.8971201722513793,0.024158619366767244,0.03983313147624823,0.8893823173193378,0.929215448795586,0.8632754676355807,0.9341945902301171,0.8902701520656707,0.9187054232270219,across_seed_bootstrap_exploratory
openml_1590_adult,tabpfn,class_conditional_cp,10,coverage_disparity,10,0.050310763213178,0.04765309337493184,0.037804254446389025,0.06809077789976309,0.01578177631702396,0.08387255421678705,0.005195445662110276,0.10109983620048668,0.028610165907299544,0.07302027483760203,across_seed_bootstrap_exploratory
openml_1590_adult,tabpfn,class_conditional_cp,10,singleton_rate,10,0.7366465349575186,0.7728017197256628,0.17347886076236427,0.13681031835397683,0.7093868359095097,0.8461971542634865,0.28856587163476305,0.8688709182106664,0.6212601085065,0.8195211894769167,across_seed_bootstrap_exploratory
openml_1590_adult,tabpfn,class_conditional_cp,10,average_set_size,10,1.2633534650424814,1.227198280274337,0.17347886076236427,0.13681031835397683,1.1538028457365135,1.2906131640904903,1.1311290817893336,1.711434128365237,1.1797932234619717,1.3801003173303306,across_seed_bootstrap_exploratory
openml_1590_adult,tabpfn,class_conditional_cp,10,empty_rate,10,0.0,0.0,0.0,0.0,0.0,0.0,0.0,0.0,0.0,0.0,across_seed_bootstrap_exploratory
openml_1590_adult,tabpfn,class_conditional_cp,10,doubleton_rate,10,0.26335346504248136,0.2271982802743372,0.17347886076236427,0.13681031835397686,0.15380284573651345,0.2906131640904903,0.1311290817893336,0.711434128365237,0.17998669259903774,0.3771737127648684,across_seed_bootstrap_exploratory
openml_1590_adult,tabpfn,class_conditional_cp,10,coverage_overall,10,0.9114341283652369,0.9106868666188965,0.01994606480357787,0.027561674685228854,0.8977121506807247,0.9252738253659536,0.8788002866209438,0.9418568942573446,0.8996519602825263,0.9230832224383253,across_seed_bootstrap_exploratory
openml_1590_adult,tabpfn,class_conditional_cp,10,auroc,10,0.9156114295430132,0.9161989620159876,0.002448712689827372,0.00393274527132359,0.9135557537097211,0.9174884989810447,0.9120157516445279,0.919004974076301,0.9141553584681378,0.9170458712024017,across_seed_bootstrap_exploratory
openml_1590_adult,tabpfn,class_conditional_cp,10,auprc,10,0.7928593994802339,0.7940752777154234,0.005298275837606471,0.006813335859605751,0.7884113150151522,0.7952246508747579,0.7847006853722885,0.8009064407314708,0.7897721063802658,0.7959549630796615,across_seed_bootstrap_exploratory
openml_1590_adult,tabpfn,class_conditional_cp,10,q_minority,10,0.8852924673832604,0.8862167671322823,0.0778804480097592,0.09293052926659584,0.8477500528097153,0.9406805820763111,0.7306231260299683,0.9999044565629447,0.8373761892318725,0.9293311810150044,across_seed_bootstrap_exploratory
openml_1590_adult,tabpfn,class_conditional_cp,10,q_majority,10,0.4147336661815643,0.39484649896621704,0.05923956333220412,0.10000187158584595,0.37561093270778656,0.4756128042936325,0.3290213346481323,0.49586033821105957,0.3806674018502236,0.4500845074653625,across_seed_bootstrap_exploratory
openml_1590_adult,tabpfn,class_conditional_cp,10,threshold_gap,10,0.470558801201696,0.45438867062330246,0.10904028127325009,0.10436932370066643,0.4397887736558914,0.5441580973565578,0.2347627878189087,0.6048005847405875,0.4034035685379058,0.530613876245079,across_seed_bootstrap_exploratory
openml_1590_adult,tabpfn,class_conditional_cp,10,threshold_sum,10,1.3000261335648247,1.3055929746478796,0.08520326960764217,0.1321525014936924,1.2281634360551834,1.3603159375488758,1.191171646118164,1.4375375807285309,1.250444857245311,1.35080771295874,across_seed_bootstrap_exploratory
openml_1590_adult,tabpfn,class_conditional_cp,20,coverage_minority,10,0.9213857998289136,0.9236526946107784,0.038732800241094795,0.04213002566295976,0.8993798118049615,0.9415098374679213,0.84901625320787,0.9927288280581694,0.8985457656116338,0.9443124465355004,across_seed_bootstrap_exploratory
openml_1590_adult,tabpfn,class_conditional_cp,20,coverage_majority,10,0.9044812272910778,0.8971201722513793,0.024158619366767244,0.03983313147624823,0.8893823173193378,0.929215448795586,0.8632754676355807,0.9341945902301171,0.8903105234827076,0.9186653882384606,across_seed_bootstrap_exploratory
openml_1590_adult,tabpfn,class_conditional_cp,20,coverage_disparity,10,0.029147138562139817,0.0204083441629343,0.028106355176084164,0.02610217306893789,0.00952649462019503,0.03562866768913292,0.004388017321375504,0.09177337118829998,0.014476759756915043,0.04741831407258727,across_seed_bootstrap_exploratory
openml_1590_adult,tabpfn,class_conditional_cp,20,singleton_rate,10,0.7949431876343536,0.7996724332070836,0.09368432796405014,0.07352339031630661,0.7625652574470263,0.8360886477633329,0.5858327362063671,0.946975125396663,0.7367281707441908,0.8463921588698945,across_seed_bootstrap_exploratory
openml_1590_adult,tabpfn,class_conditional_cp,20,average_set_size,10,1.2050568123656464,1.2003275667929163,0.09368432796405016,0.07352339031630661,1.163911352236667,1.2374347425529737,1.053024874603337,1.414167263793633,1.152982905107995,1.2635382331866107,across_seed_bootstrap_exploratory
openml_1590_adult,tabpfn,class_conditional_cp,20,empty_rate,10,0.0,0.0,0.0,0.0,0.0,0.0,0.0,0.0,0.0,0.0,across_seed_bootstrap_exploratory
openml_1590_adult,tabpfn,class_conditional_cp,20,doubleton_rate,10,0.20505681236564643,0.20032756679291636,0.09368432796405017,0.0735233903163067,0.163911352236667,0.2374347425529737,0.05302487460333709,0.41416726379363294,0.1535366977172689,0.2634151397277101,across_seed_bootstrap_exploratory
openml_1590_adult,tabpfn,class_conditional_cp,20,coverage_overall,10,0.9085269730781041,0.9144231753505988,0.023348420789350465,0.029583375985259397,0.8954345378237282,0.9250179138089876,0.8598628314054663,0.932951172074931,0.8939809601801617,0.921404442624629,across_seed_bootstrap_exploratory
openml_1590_adult,tabpfn,class_conditional_cp,20,auroc,10,0.9156114295430132,0.9161989620159876,0.002448712689827372,0.00393274527132359,0.9135557537097211,0.9174884989810447,0.9120157516445279,0.919004974076301,0.9141411161614713,0.9170483388721719,across_seed_bootstrap_exploratory
openml_1590_adult,tabpfn,class_conditional_cp,20,auprc,10,0.7928593994802339,0.7940752777154234,0.005298275837606471,0.006813335859605751,0.7884113150151522,0.7952246508747579,0.7847006853722885,0.8009064407314708,0.7897561016502386,0.7959582449879337,across_seed_bootstrap_exploratory
openml_1590_adult,tabpfn,class_conditional_cp,20,q_minority,10,0.8624615054577589,0.8737937211990356,0.06263683078863079,0.06699622794985771,0.8207341730594635,0.8877304010093212,0.7521665394306183,0.9851634912192822,0.8254567712545395,0.8995376769453287,across_seed_bootstrap_exploratory
openml_1590_adult,tabpfn,class_conditional_cp,20,q_majority,10,0.4147336661815643,0.39484649896621704,0.05923956333220412,0.10000187158584595,0.37561093270778656,0.4756128042936325,0.3290213346481323,0.49586033821105957,0.3804048766195774,0.45003097787499424,across_seed_bootstrap_exploratory
openml_1590_adult,tabpfn,class_conditional_cp,20,threshold_gap,10,0.4477278392761946,0.4412008821964264,0.07715924216488712,0.07873338460922241,0.40315619856119156,0.48188958317041397,0.3178672045469284,0.590059619396925,0.4034466449171305,0.4941871159244329,across_seed_bootstrap_exploratory
openml_1590_adult,tabpfn,class_conditional_cp,20,threshold_sum,10,1.2771951716393233,1.2869360819458961,0.09440258586822654,0.12181058898568153,1.2359666042029858,1.3577771931886673,1.0811878740787506,1.3802673630416393,1.2186785163264722,1.3287851964309811,across_seed_bootstrap_exploratory
openml_1590_adult,tabpfn,class_conditional_cp,50,coverage_minority,10,0.8996578272027375,0.9086826347305389,0.04212716688883284,0.04202309666381521,0.8769247219846023,0.9189478186484175,0.8327630453378957,0.9700598802395209,0.8745936698032507,0.9236526946107784,across_seed_bootstrap_exploratory
openml_1590_adult,tabpfn,class_conditional_cp,50,coverage_majority,10,0.9044812272910778,0.8971201722513793,0.024158619366767244,0.03983313147624823,0.8893823173193378,0.929215448795586,0.8632754676355807,0.9341945902301171,0.8903912663167809,0.9185442739873503,across_seed_bootstrap_exploratory
openml_1590_adult,tabpfn,class_conditional_cp,50,coverage_disparity,10,0.047510009106879955,0.03782276268732504,0.03359771634811251,0.04713406107791346,0.02118903665648683,0.06832309773440029,0.009448834035027054,0.10143154489222139,0.028818894450559056,0.06787920309677661,across_seed_bootstrap_exploratory
openml_1590_adult,tabpfn,class_conditional_cp,50,singleton_rate,10,0.8300644897123555,0.8413348346811342,0.05016429258270231,0.029916061009315098,0.8304330023543863,0.8603490633637014,0.7018118538233187,0.8761388064284983,0.7973382638959976,0.8543661070733953,across_seed_bootstrap_exploratory
openml_1590_adult,tabpfn,class_conditional_cp,50,average_set_size,10,1.1699355102876445,1.1586651653188658,0.05016429258270232,0.02991606100931543,1.1396509366362984,1.1695669976456138,1.1238611935715017,1.2981881461766813,1.1457569863855053,1.2029079230218034,across_seed_bootstrap_exploratory
openml_1590_adult,tabpfn,class_conditional_cp,50,empty_rate,10,0.0,0.0,0.0,0.0,0.0,0.0,0.0,0.0,0.0,0.0,across_seed_bootstrap_exploratory
openml_1590_adult,tabpfn,class_conditional_cp,50,doubleton_rate,10,0.1699355102876446,0.15866516531886582,0.05016429258270232,0.029916061009315154,0.13965093663629852,0.16956699764561367,0.12386119357150169,0.2981881461766813,0.14567381512949124,0.20323472208004914,across_seed_bootstrap_exploratory
openml_1590_adult,tabpfn,class_conditional_cp,50,coverage_overall,10,0.9033268502405569,0.9040331661377827,0.014536753592489318,0.019961101443341178,0.8956648582249974,0.9156259596683386,0.8746033370867028,0.9213839697000716,0.8944822909202581,0.9115979117616952,across_seed_bootstrap_exploratory
openml_1590_adult,tabpfn,class_conditional_cp,50,auroc,10,0.9156114295430132,0.9161989620159876,0.002448712689827372,0.00393274527132359,0.9135557537097211,0.9174884989810447,0.9120157516445279,0.919004974076301,0.914157415459179,0.9170262868346011,across_seed_bootstrap_exploratory
openml_1590_adult,tabpfn,class_conditional_cp,50,auprc,10,0.7928593994802339,0.7940752777154234,0.005298275837606471,0.006813335859605751,0.7884113150151522,0.7952246508747579,0.7847006853722885,0.8009064407314708,0.7897739685136391,0.795934024845767,across_seed_bootstrap_exploratory
openml_1590_adult,tabpfn,class_conditional_cp,50,q_minority,10,0.8314534474164248,0.8428801223635674,0.06038896959685256,0.05480014160275459,0.8004568628966808,0.8552570044994354,0.7352255284786224,0.9489228911697865,0.7962783068418503,0.8676841508597135,across_seed_bootstrap_exploratory
openml_1590_adult,tabpfn,class_conditional_cp,50,q_majority,10,0.4147336661815643,0.39484649896621704,0.05923956333220412,0.10000187158584595,0.37561093270778656,0.4756128042936325,0.3290213346481323,0.49586033821105957,0.3802722977101803,0.45009013459086417,across_seed_bootstrap_exploratory
openml_1590_adult,tabpfn,class_conditional_cp,50,threshold_gap,10,0.4167197812348604,0.455546572804451,0.10945730879003265,0.15900203585624695,0.32873230800032616,0.4877343438565731,0.23936519026756287,0.5538190193474293,0.3508438472915441,0.47852188125252726,across_seed_bootstrap_exploratory
openml_1590_adult,tabpfn,class_conditional_cp,50,threshold_sum,10,1.2461871135979892,1.2326235175132751,0.04828462051174317,0.047037940472364426,1.2198331207036972,1.2668710611760616,1.174607276916504,1.3440267629921436,1.2193835159391164,1.2754948872607201,across_seed_bootstrap_exploratory
openml_1590_adult,tabpfn,class_conditional_cp,100,coverage_minority,10,0.9118477331052182,0.9131736526946108,0.020316834999073774,0.029940119760479056,0.8968135158254918,0.9267536355859709,0.8815226689478186,0.9443969204448246,0.8997005988023952,0.9236954662104363,across_seed_bootstrap_exploratory
openml_1590_adult,tabpfn,class_conditional_cp,100,coverage_majority,10,0.9044812272910778,0.8971201722513793,0.024158619366767244,0.03983313147624823,0.8893823173193378,0.929215448795586,0.8632754676355807,0.9341945902301171,0.8904858027183421,0.9187323375050465,across_seed_bootstrap_exploratory
openml_1590_adult,tabpfn,class_conditional_cp,100,coverage_disparity,10,0.01855363613853094,0.01855154101509182,0.012688203182103555,0.01677710384640485,0.00758562752227826,0.02436273136868311,0.004388017321375504,0.04549675664531139,0.011586569349334084,0.026279271435789196,across_seed_bootstrap_exploratory
openml_1590_adult,tabpfn,class_conditional_cp,100,singleton_rate,10,0.8217627188043812,0.8271573344252227,0.04990190610373803,0.0646944416009827,0.7802743371890675,0.8449687787900502,0.7537107175760057,0.9064387347732623,0.7927011464837752,0.8507421435152012,across_seed_bootstrap_exploratory
openml_1590_adult,tabpfn,class_conditional_cp,100,average_set_size,10,1.1782372811956188,1.1728426655747772,0.04990190610373801,0.0646944416009827,1.1550312212099498,1.2197256628109325,1.0935612652267377,1.2462892824239942,1.1484589006039514,1.2075135633125191,across_seed_bootstrap_exploratory
openml_1590_adult,tabpfn,class_conditional_cp,100,empty_rate,10,0.0,0.0,0.0,0.0,0.0,0.0,0.0,0.0,0.0,0.0,across_seed_bootstrap_exploratory
openml_1590_adult,tabpfn,class_conditional_cp,100,doubleton_rate,10,0.1782372811956188,0.17284266557477734,0.049901906103738035,0.0646944416009827,0.15503122120994983,0.21972566281093253,0.09356126522673763,0.24628928242399425,0.1486741222233596,0.20709412427065205,across_seed_bootstrap_exploratory
openml_1590_adult,tabpfn,class_conditional_cp,100,coverage_overall,10,0.9062442419899682,0.902139420616235,0.021325632781418673,0.03093970723717887,0.8933616542123042,0.924301361449483,0.86764254273723,0.9327464428293581,0.8937452656361962,0.9184054150885455,across_seed_bootstrap_exploratory
openml_1590_adult,tabpfn,class_conditional_cp,100,auroc,10,0.9156114295430132,0.9161989620159876,0.002448712689827372,0.00393274527132359,0.9135557537097211,0.9174884989810447,0.9120157516445279,0.919004974076301,0.9141631066835705,0.9170241117050748,across_seed_bootstrap_exploratory
openml_1590_adult,tabpfn,class_conditional_cp,100,auprc,10,0.7928593994802339,0.7940752777154234,0.005298275837606471,0.006813335859605751,0.7884113150151522,0.7952246508747579,0.7847006853722885,0.8009064407314708,0.7898186800768408,0.7959066317181275,across_seed_bootstrap_exploratory
openml_1590_adult,tabpfn,class_conditional_cp,100,q_minority,10,0.8476656280457974,0.8509601876139641,0.033128040110425326,0.05996286869049072,0.8165284693241119,0.8764913380146027,0.8013576865196228,0.8880414292216301,0.8280591553635895,0.8669397712498903,across_seed_bootstrap_exploratory
openml_1590_adult,tabpfn,class_conditional_cp,100,q_majority,10,0.4147336661815643,0.39484649896621704,0.05923956333220412,0.10000187158584595,0.37561093270778656,0.4756128042936325,0.3290213346481323,0.49586033821105957,0.3803067564964294,0.4507680802047252,across_seed_bootstrap_exploratory
openml_1590_adult,tabpfn,class_conditional_cp,100,threshold_gap,10,0.432931961864233,0.4448521099984646,0.05642928907940025,0.06866146251559258,0.404477771371603,0.4731392338871956,0.30549734830856323,0.4943445324897766,0.39681427255272866,0.46310301374644036,across_seed_bootstrap_exploratory
openml_1590_adult,tabpfn,class_conditional_cp,100,threshold_sum,10,1.2623992942273616,1.2491165474057198,0.07764870343212321,0.10236177407205105,1.21974553540349,1.3221073094755411,1.1381878852844238,1.369419887661934,1.2171049732528627,1.3083956988714636,across_seed_bootstrap_exploratory
openml_4534_phishingwebsite,logistic_regression,global_split_cp,10,coverage_minority,10,0.8471428571428572,0.8510204081632653,0.015148851885629075,0.011479591836734637,0.8423469387755103,0.8538265306122449,0.8193877551020409,0.8693877551020408,0.837857142857143,0.8556122448979592,across_seed_bootstrap_exploratory
openml_4534_phishingwebsite,logistic_regression,global_split_cp,10,coverage_majority,10,0.9039805036555647,0.904549147034931,0.019634256633385833,0.03025995125913894,0.8913484971567831,0.921608448415922,0.8740861088545898,0.9293257514216084,0.8923639317627945,0.9152721364744112,across_seed_bootstrap_exploratory
openml_4534_phishingwebsite,logistic_regression,global_split_cp,10,coverage_disparity,10,0.05683764651270743,0.05451474659725791,0.011365179549888974,0.012853744259686023,0.051537658117674356,0.06439140237736038,0.041253999568958366,0.07626452693181252,0.05038835814585783,0.06362987408610883,across_seed_bootstrap_exploratory
openml_4534_phishingwebsite,logistic_regression,global_split_cp,10,singleton_rate,10,0.9075079149706016,0.9061510628674807,0.02421703090813469,0.03810492989597469,0.891677973767526,0.9297829036635007,0.8679330619629128,0.9407507914970602,0.8932598371777477,0.9218000904568069,across_seed_bootstrap_exploratory
openml_4534_phishingwebsite,logistic_regression,global_split_cp,10,average_set_size,10,0.9075079149706016,0.9061510628674807,0.02421703090813469,0.03810492989597469,0.891677973767526,0.9297829036635007,0.8679330619629128,0.9407507914970602,0.8928991406603348,0.9213930348258706,across_seed_bootstrap_exploratory
openml_4534_phishingwebsite,logistic_regression,global_split_cp,10,empty_rate,10,0.09249208502939846,0.09384893713251921,0.024217030908134707,0.03810492989597468,0.07021709633649932,0.108322026232474,0.05924920850293985,0.1320669380370873,0.078561736770692,0.10687584803256436,across_seed_bootstrap_exploratory
openml_4534_phishingwebsite,logistic_regression,global_split_cp,10,doubleton_rate,10,0.0,0.0,0.0,0.0,0.0,0.0,0.0,0.0,0.0,0.0,across_seed_bootstrap_exploratory
openml_4534_phishingwebsite,logistic_regression,global_split_cp,10,coverage_overall,10,0.8787878787878789,0.88082315694256,0.01686641492048485,0.023518769787426508,0.8698552691090005,0.893374038896427,0.8498417005879693,0.8977838082315694,0.8685199004975124,0.8883310719131614,across_seed_bootstrap_exploratory
openml_4534_phishingwebsite,logistic_regression,global_split_cp,10,auroc,10,0.9857876456837811,0.9860425404930453,0.0015611267057459382,0.0025847991511795954,0.9845460178384919,0.9871308169896715,0.983460435352045,0.9876871300916792,0.9848581997380592,0.9866824000314991,across_seed_bootstrap_exploratory
openml_4534_phishingwebsite,logistic_regression,global_split_cp,10,auprc,10,0.9839941945820433,0.984224672741377,0.0015622429002706108,0.002821684013741721,0.9825300108295981,0.9853516948433398,0.982132713576342,0.98602171689165,0.9830768209395574,0.9849122757765401,across_seed_bootstrap_exploratory
openml_4534_phishingwebsite,logistic_regression,global_split_cp,10,q_global,10,0.2458753872076221,0.24302653458914747,0.047057371778317404,0.07104871204881721,0.21295643923777283,0.28400515128659004,0.17073460313223632,0.32089428244627083,0.2187923561242272,0.27378704856159136,across_seed_bootstrap_exploratory
openml_4534_phishingwebsite,logistic_regression,global_split_cp,20,coverage_minority,10,0.8481632653061226,0.8540816326530613,0.015087631785155885,0.014030612244897989,0.8428571428571429,0.8568877551020408,0.8193877551020409,0.8653061224489796,0.8386734693877551,0.8562244897959184,across_seed_bootstrap_exploratory
openml_4534_phishingwebsite,logistic_regression,global_split_cp,20,coverage_majority,10,0.9061738424045492,0.9082047116165719,0.018757434643744304,0.02761982128350937,0.8943948009748172,0.9220146222583265,0.8765231519090171,0.9293257514216084,0.8949634443541836,0.9168968318440293,across_seed_bootstrap_exploratory
openml_4534_phishingwebsite,logistic_regression,global_split_cp,20,coverage_disparity,10,0.058010577098426684,0.05509913957459506,0.010182059877017542,0.012138173709776379,0.05276840630647059,0.06490658001624697,0.04208624148278317,0.0752441187685472,0.05229535676984034,0.06411498242676437,across_seed_bootstrap_exploratory
openml_4534_phishingwebsite,logistic_regression,global_split_cp,20,singleton_rate,10,0.9097241067390321,0.9118046132971506,0.02315175955866915,0.033355947535052,0.8952962460425147,0.9286521935775667,0.8692899140660335,0.9407507914970602,0.8956128448665762,0.9229308005427408,across_seed_bootstrap_exploratory
openml_4534_phishingwebsite,logistic_regression,global_split_cp,20,average_set_size,10,0.9097241067390321,0.9118046132971506,0.02315175955866915,0.033355947535052,0.8952962460425147,0.9286521935775667,0.8692899140660335,0.9407507914970602,0.8957485300768884,0.9229308005427409,across_seed_bootstrap_exploratory
openml_4534_phishingwebsite,logistic_regression,global_split_cp,20,empty_rate,10,0.09027589326096788,0.08819538670284939,0.023151759558669154,0.033355947535052,0.0713478064224333,0.1047037539574853,0.05924920850293985,0.13071008593396652,0.07706919945725915,0.10429669832654906,across_seed_bootstrap_exploratory
openml_4534_phishingwebsite,logistic_regression,global_split_cp,20,doubleton_rate,10,0.0,0.0,0.0,0.0,0.0,0.0,0.0,0.0,0.0,0.0,across_seed_bootstrap_exploratory
openml_4534_phishingwebsite,logistic_regression,global_split_cp,20,coverage_overall,10,0.8804613297150612,0.8867028493894165,0.01646828767806915,0.02091813658977837,0.8715513342379014,0.8924694708276798,0.85119855269109,0.8977838082315694,0.870238579828132,0.8895070104025328,across_seed_bootstrap_exploratory
openml_4534_phishingwebsite,logistic_regression,global_split_cp,20,auroc,10,0.9857876456837811,0.9860425404930453,0.0015611267057459382,0.0025847991511795954,0.9845460178384919,0.9871308169896715,0.983460435352045,0.9876871300916792,0.9848674484822362,0.986689070815166,across_seed_bootstrap_exploratory
openml_4534_phishingwebsite,logistic_regression,global_split_cp,20,auprc,10,0.9839941945820433,0.984224672741377,0.0015622429002706108,0.002821684013741721,0.9825300108295981,0.9853516948433398,0.982132713576342,0.98602171689165,0.9830927826819458,0.9849026405648406,across_seed_bootstrap_exploratory
openml_4534_phishingwebsite,logistic_regression,global_split_cp,20,q_global,10,0.25054761449759005,0.24410230413706824,0.04596684687382701,0.06899849514749595,0.21795873135583377,0.2869572265033297,0.17421196647826864,0.32089428244627083,0.22407280275826652,0.2777400802296874,across_seed_bootstrap_exploratory
openml_4534_phishingwebsite,logistic_regression,global_split_cp,50,coverage_minority,10,0.8580612244897958,0.8551020408163266,0.010717794479996027,0.016836734693877586,0.8497448979591836,0.8665816326530612,0.8459183673469388,0.8755102040816326,0.8520408163265307,0.8645918367346939,across_seed_bootstrap_exploratory
openml_4534_phishingwebsite,logistic_regression,global_split_cp,50,coverage_majority,10,0.9164094232331437,0.9126726238830218,0.013295671943783258,0.022745735174654724,0.9063769293257514,0.9291226645004061,0.8984565393988627,0.9358245329000813,0.9086921202274574,0.9242079610073111,across_seed_bootstrap_exploratory
openml_4534_phishingwebsite,logistic_regression,global_split_cp,50,coverage_disparity,10,0.05834819874334788,0.0565302806744144,0.009938012498062084,0.006612344369104323,0.05347672375205159,0.060089068121155914,0.041253999568958366,0.07626452693181252,0.05269231916974751,0.06423873696513539,across_seed_bootstrap_exploratory
openml_4534_phishingwebsite,logistic_regression,global_split_cp,50,singleton_rate,10,0.9247399366802351,0.9271822704658526,0.01634519986888355,0.020239710538218048,0.9136137494346449,0.933853459972863,0.9000452284034374,0.9484396200814111,0.9150610583446405,0.9344188150158299,across_seed_bootstrap_exploratory
openml_4534_phishingwebsite,logistic_regression,global_split_cp,50,average_set_size,10,0.9247399366802351,0.9271822704658526,0.01634519986888355,0.020239710538218048,0.9136137494346449,0.933853459972863,0.9000452284034374,0.9484396200814111,0.9149253731343283,0.9342831298055179,across_seed_bootstrap_exploratory
openml_4534_phishingwebsite,logistic_regression,global_split_cp,50,empty_rate,10,0.07526006331976483,0.07281772953414745,0.016345199868883546,0.020239710538217992,0.06614654002713705,0.08638625056535504,0.051560379918588875,0.09995477159656264,0.06571687019448214,0.08498417005879692,across_seed_bootstrap_exploratory
openml_4534_phishingwebsite,logistic_regression,global_split_cp,50,doubleton_rate,10,0.0,0.0,0.0,0.0,0.0,0.0,0.0,0.0,0.0,0.0,across_seed_bootstrap_exploratory
openml_4534_phishingwebsite,logistic_regression,global_split_cp,50,coverage_overall,10,0.8905472636815921,0.8907734056987788,0.011178727521131691,0.01582994120307557,0.8810492989597467,0.8968792401628223,0.8751696065128901,0.9090909090909091,0.8841689280868386,0.8971958389868838,across_seed_bootstrap_exploratory
openml_4534_phishingwebsite,logistic_regression,global_split_cp,50,auroc,10,0.9857876456837811,0.9860425404930453,0.0015611267057459382,0.0025847991511795954,0.9845460178384919,0.9871308169896715,0.983460435352045,0.9876871300916792,0.9848586214542682,0.9866839511596679,across_seed_bootstrap_exploratory
openml_4534_phishingwebsite,logistic_regression,global_split_cp,50,auprc,10,0.9839941945820433,0.984224672741377,0.0015622429002706108,0.002821684013741721,0.9825300108295981,0.9853516948433398,0.982132713576342,0.98602171689165,0.9830885396832608,0.9849062304305964,across_seed_bootstrap_exploratory
openml_4534_phishingwebsite,logistic_regression,global_split_cp,50,q_global,10,0.27793031707400895,0.2772780715033351,0.03799756912506963,0.037148104656814396,0.255626829152459,0.2927749338092734,0.22938740364196286,0.3416424486743732,0.2563198339673558,0.30079308440738795,across_seed_bootstrap_exploratory
openml_4534_phishingwebsite,logistic_regression,global_split_cp,100,coverage_minority,10,0.8590816326530613,0.8612244897959184,0.01643564726988455,0.018877551020408223,0.8487244897959183,0.8676020408163265,0.8275510204081633,0.8846938775510204,0.8491836734693878,0.8684693877551022,across_seed_bootstrap_exploratory
openml_4534_phishingwebsite,logistic_regression,global_split_cp,100,coverage_majority,10,0.9160032493907391,0.9130787977254264,0.01835418454136381,0.02701056051990247,0.9037367993501219,0.9307473598700243,0.8854589764419172,0.9415109666937449,0.9051990251827782,0.9266450040617384,across_seed_bootstrap_exploratory
openml_4534_phishingwebsite,logistic_regression,global_split_cp,100,coverage_disparity,10,0.056921616737678024,0.05690661317329537,0.008329674230769144,0.006850246191084125,0.0525503987135065,0.05940064490459063,0.041253999568958366,0.07074636515857358,0.05207825270644408,0.06173536945241134,across_seed_bootstrap_exploratory
openml_4534_phishingwebsite,logistic_regression,global_split_cp,100,singleton_rate,10,0.9248756218905474,0.9226594301221167,0.026215529530984383,0.028154681139755833,0.907960199004975,0.9361148801447309,0.8833107191316146,0.973767526006332,0.9097693351424695,0.9405246494798734,across_seed_bootstrap_exploratory
openml_4534_phishingwebsite,logistic_regression,global_split_cp,100,average_set_size,10,0.9248756218905474,0.9226594301221167,0.026215529530984383,0.028154681139755833,0.907960199004975,0.9361148801447309,0.8833107191316146,0.973767526006332,0.9101311623699683,0.9406614654002713,across_seed_bootstrap_exploratory
openml_4534_phishingwebsite,logistic_regression,global_split_cp,100,empty_rate,10,0.07512437810945274,0.07734056987788332,0.02621552953098438,0.028154681139755763,0.06388511985526911,0.09203980099502487,0.026232473993668022,0.11668928086838534,0.0597467209407508,0.08995929443690638,across_seed_bootstrap_exploratory
openml_4534_phishingwebsite,logistic_regression,global_split_cp,100,doubleton_rate,10,0.0,0.0,0.0,0.0,0.0,0.0,0.0,0.0,0.0,0.0,across_seed_bootstrap_exploratory
openml_4534_phishingwebsite,logistic_regression,global_split_cp,100,coverage_overall,10,0.890773405698779,0.8921302578018997,0.01703436416577702,0.02012663952962468,0.8798055178652193,0.899932157394844,0.8597919493441881,0.9163274536408865,0.8806422433288106,0.9006784260515603,across_seed_bootstrap_exploratory
openml_4534_phishingwebsite,logistic_regression,global_split_cp,100,auroc,10,0.9857876456837811,0.9860425404930453,0.0015611267057459382,0.0025847991511795954,0.9845460178384919,0.9871308169896715,0.983460435352045,0.9876871300916792,0.9848782265952685,0.9866858753046304,across_seed_bootstrap_exploratory
openml_4534_phishingwebsite,logistic_regression,global_split_cp,100,auprc,10,0.9839941945820433,0.984224672741377,0.0015622429002706108,0.002821684013741721,0.9825300108295981,0.9853516948433398,0.982132713576342,0.98602171689165,0.983078591377077,0.9849057663658506,across_seed_bootstrap_exploratory
openml_4534_phishingwebsite,logistic_regression,global_split_cp,100,q_global,10,0.28142843369077164,0.2556686666883127,0.06352274608318653,0.06842733711462676,0.23849734592484542,0.3069246830394722,0.20697141971937338,0.41340478082768106,0.24712167289749143,0.32085472491883865,across_seed_bootstrap_exploratory
openml_4534_phishingwebsite,logistic_regression,class_conditional_cp,10,coverage_minority,10,0.9188775510204081,0.9413265306122449,0.07218300960640786,0.08749999999999991,0.8844387755102041,0.971938775510204,0.7704081632653061,0.9908163265306122,0.8742831632653061,0.9580612244897958,across_seed_bootstrap_exploratory
openml_4534_phishingwebsite,logistic_regression,class_conditional_cp,10,coverage_majority,10,0.8991064175467098,0.904549147034931,0.025708091264732027,0.03046303818034124,0.886068237205524,0.9165312753858652,0.8578391551584078,0.9293257514216084,0.8833468724614135,0.913484971567831,across_seed_bootstrap_exploratory
openml_4534_phishingwebsite,logistic_regression,class_conditional_cp,10,coverage_disparity,10,0.07552835756560951,0.0705809943798803,0.031237489410467285,0.04802819178036774,0.05203397768530643,0.10006216946567417,0.034843913194847365,0.12479898539432022,0.05751563562061704,0.09398812770437172,across_seed_bootstrap_exploratory
openml_4534_phishingwebsite,logistic_regression,class_conditional_cp,10,singleton_rate,10,0.9387155133423791,0.9470827679782904,0.037396259647693796,0.02815468113975572,0.9243554952510177,0.9525101763907734,0.8579828132066938,0.9873360470375395,0.9152872003618272,0.9590230664857529,across_seed_bootstrap_exploratory
openml_4534_phishingwebsite,logistic_regression,class_conditional_cp,10,average_set_size,10,0.9794210764360018,0.9701492537313432,0.0714215064241795,0.10504296698326554,0.9389416553595658,1.0439846223428313,0.8579828132066938,1.0791497060153776,0.9371777476255089,1.0202623247399365,across_seed_bootstrap_exploratory
openml_4534_phishingwebsite,logistic_regression,class_conditional_cp,10,empty_rate,10,0.04093170511080958,0.029850746268656716,0.04851201635571734,0.06105834464043419,0.0,0.06105834464043419,0.0,0.1420171867933062,0.014654002713704206,0.07096336499321573,across_seed_bootstrap_exploratory
openml_4534_phishingwebsite,logistic_regression,class_conditional_cp,10,doubleton_rate,10,0.0203527815468114,0.0,0.029938940810774133,0.04398462234283129,0.0,0.04398462234283129,0.0,0.07914970601537766,0.005246494798733604,0.039484396200814106,across_seed_bootstrap_exploratory
openml_4534_phishingwebsite,logistic_regression,class_conditional_cp,10,coverage_overall,10,0.9078697421981003,0.9102216191768431,0.03129890483365789,0.03946178199909545,0.8936001809136137,0.9330619629127092,0.8398914518317503,0.9412030755314338,0.8884215287200361,0.9246494798733604,across_seed_bootstrap_exploratory
openml_4534_phishingwebsite,logistic_regression,class_conditional_cp,10,auroc,10,0.9857876456837811,0.9860425404930453,0.0015611267057459382,0.0025847991511795954,0.9845460178384919,0.9871308169896715,0.983460435352045,0.9876871300916792,0.9848525195212121,0.9866828507601253,across_seed_bootstrap_exploratory
openml_4534_phishingwebsite,logistic_regression,class_conditional_cp,10,auprc,10,0.9839941945820433,0.984224672741377,0.0015622429002706108,0.002821684013741721,0.9825300108295981,0.9853516948433398,0.982132713576342,0.98602171689165,0.9830795111706551,0.984906999604877,across_seed_bootstrap_exploratory
openml_4534_phishingwebsite,logistic_regression,class_conditional_cp,10,q_minority,10,0.6003979658772478,0.6715633725509849,0.30425372970373954,0.46560547982045986,0.4006124019245888,0.8662178817450487,0.08434751623253933,0.9261729832333684,0.4167044417097146,0.7720177366036136,across_seed_bootstrap_exploratory
openml_4534_phishingwebsite,logistic_regression,class_conditional_cp,10,q_majority,10,0.2332773795456769,0.2396810291099079,0.05485738935617988,0.07817033645144883,0.19991423978533734,0.2780845762367862,0.13739176465047553,0.29565583320977773,0.20028323585330163,0.26451512841069286,across_seed_bootstrap_exploratory
openml_4534_phishingwebsite,logistic_regression,class_conditional_cp,10,threshold_gap,10,0.400659519528557,0.44914688105312883,0.27964245659691855,0.5519107924751191,0.11624507768559686,0.668155870160716,0.0314217849589814,0.715867683043637,0.23529310448459712,0.5607859092703049,across_seed_bootstrap_exploratory
openml_4534_phishingwebsite,logistic_regression,class_conditional_cp,10,threshold_sum,10,0.8336753454229247,0.8467234375017154,0.2904268095049074,0.3944014227006747,0.6942502355464482,1.0886516582471228,0.3049679134910279,1.156641060795058,0.65799038456084,0.9981741622279067,across_seed_bootstrap_exploratory
openml_4534_phishingwebsite,logistic_regression,class_conditional_cp,20,coverage_minority,10,0.9314285714285715,0.935204081632653,0.058554399540817044,0.06505102040816335,0.9091836734693877,0.974234693877551,0.7959183673469388,0.9897959183673469,0.8936709183673469,0.9624489795918368,across_seed_bootstrap_exploratory
openml_4534_phishingwebsite,logistic_regression,class_conditional_cp,20,coverage_majority,10,0.8991064175467098,0.904549147034931,0.025708091264732027,0.03046303818034124,0.886068237205524,0.9165312753858652,0.8578391551584078,0.9293257514216084,0.8832636068237205,0.9135662063363121,across_seed_bootstrap_exploratory
openml_4534_phishingwebsite,logistic_regression,class_conditional_cp,20,coverage_disparity,10,0.05914869278336843,0.05233591405693061,0.03618698167036627,0.06143628044231511,0.029952419635604022,0.09138870007791913,0.015284570367545935,0.1117566604220892,0.03826550713705465,0.08050982277557647,across_seed_bootstrap_exploratory
openml_4534_phishingwebsite,logistic_regression,class_conditional_cp,20,singleton_rate,10,0.9530529172320218,0.9590682948891904,0.03979060027174687,0.05563093622795101,0.9296698326549073,0.9853007688828583,0.8710990502035278,0.9981908638625057,0.9281320669380371,0.9749445952057892,across_seed_bootstrap_exploratory
openml_4534_phishingwebsite,logistic_regression,class_conditional_cp,20,average_set_size,10,0.9820895522388058,0.9853007688828583,0.06062825821168334,0.0549525101763908,0.9551108095884215,1.0100633197648123,0.8710990502035278,1.0750791497060155,0.9454997738579829,1.0167356399819085,across_seed_bootstrap_exploratory
openml_4534_phishingwebsite,logistic_regression,class_conditional_cp,20,empty_rate,10,0.032428765264586164,0.014699231117141564,0.04319834767672577,0.04443690637720489,0.0004522840343735866,0.044889190411578475,0.0,0.12890094979647218,0.009859791949344188,0.06001922207146078,across_seed_bootstrap_exploratory
openml_4534_phishingwebsite,logistic_regression,class_conditional_cp,20,doubleton_rate,10,0.014518317503392131,0.0,0.027630445886466747,0.01051560379918589,0.0,0.01051560379918589,0.0,0.07507914970601538,0.0,0.0318407960199005,across_seed_bootstrap_exploratory
openml_4534_phishingwebsite,logistic_regression,class_conditional_cp,20,coverage_overall,10,0.9134328358208954,0.9194934418815016,0.029860795333499085,0.01582994120307557,0.9092039800995024,0.925033921302578,0.85119855269109,0.9556761646313885,0.8950701040253278,0.92962460425147,across_seed_bootstrap_exploratory
openml_4534_phishingwebsite,logistic_regression,class_conditional_cp,20,auroc,10,0.9857876456837811,0.9860425404930453,0.0015611267057459382,0.0025847991511795954,0.9845460178384919,0.9871308169896715,0.983460435352045,0.9876871300916792,0.9848698140304051,0.9867008819774863,across_seed_bootstrap_exploratory
openml_4534_phishingwebsite,logistic_regression,class_conditional_cp,20,auprc,10,0.9839941945820433,0.984224672741377,0.0015622429002706108,0.002821684013741721,0.9825300108295981,0.9853516948433398,0.982132713576342,0.98602171689165,0.98307068779097,0.9849159316644678,across_seed_bootstrap_exploratory
openml_4534_phishingwebsite,logistic_regression,class_conditional_cp,20,q_minority,10,0.6392391282907293,0.6948801026110115,0.25685166408013244,0.3507826445517218,0.49016978603671335,0.8409524305884352,0.10684922696691379,0.897969563391424,0.4795691098481051,0.7777144873768074,across_seed_bootstrap_exploratory
openml_4534_phishingwebsite,logistic_regression,class_conditional_cp,20,q_majority,10,0.2332773795456769,0.2396810291099079,0.05485738935617988,0.07817033645144883,0.19991423978533734,0.2780845762367862,0.13739176465047553,0.29565583320977773,0.20067764701212557,0.2641507062363104,across_seed_bootstrap_exploratory
openml_4534_phishingwebsite,logistic_regression,class_conditional_cp,20,threshold_gap,10,0.42871598280336726,0.4298656289133675,0.2207295756963715,0.3422776742128274,0.300162922658886,0.6424405968717134,0.10350896547944799,0.6796340776966564,0.2944203250687163,0.5553218670330127,across_seed_bootstrap_exploratory
openml_4534_phishingwebsite,logistic_regression,class_conditional_cp,20,threshold_sum,10,0.8725165078364061,0.9428109603500826,0.26103630104848846,0.3002308435998149,0.7283704766012409,1.0286013202010558,0.3274696242254024,1.193326735782661,0.7113311939343947,1.0131606031347766,across_seed_bootstrap_exploratory
openml_4534_phishingwebsite,logistic_regression,class_conditional_cp,50,coverage_minority,10,0.9029591836734694,0.9,0.03307357486068651,0.03214285714285714,0.8834183673469388,0.9155612244897959,0.8561224489795919,0.9704081632653061,0.8845918367346938,0.923469387755102,across_seed_bootstrap_exploratory
openml_4534_phishingwebsite,logistic_regression,class_conditional_cp,50,coverage_majority,10,0.8991064175467098,0.904549147034931,0.025708091264732027,0.03046303818034124,0.886068237205524,0.9165312753858652,0.8578391551584078,0.9293257514216084,0.8835905767668562,0.9136474411047928,across_seed_bootstrap_exploratory
openml_4534_phishingwebsite,logistic_regression,class_conditional_cp,50,coverage_disparity,10,0.035715363318357396,0.033157877285764026,0.02446637528228271,0.0264388086672524,0.01910219002304417,0.04554099869029657,0.0020623684079642546,0.0873862298778163,0.022024890581740394,0.05075406795537062,across_seed_bootstrap_exploratory
openml_4534_phishingwebsite,logistic_regression,class_conditional_cp,50,singleton_rate,10,0.9458616010854817,0.9445952057892357,0.03246172186751548,0.03505201266395286,0.9226594301221167,0.9577114427860696,0.903663500678426,0.9981908638625057,0.9274536408864767,0.9654907281772953,across_seed_bootstrap_exploratory
openml_4534_phishingwebsite,logistic_regression,class_conditional_cp,50,average_set_size,10,0.9458616010854817,0.9445952057892357,0.03246172186751548,0.03505201266395286,0.9226594301221167,0.9577114427860696,0.903663500678426,0.9981908638625057,0.9274084124830393,0.9653550429669833,across_seed_bootstrap_exploratory
openml_4534_phishingwebsite,logistic_regression,class_conditional_cp,50,empty_rate,10,0.05413839891451831,0.05540479421076436,0.03246172186751548,0.035052012663952956,0.04228855721393035,0.0773405698778833,0.0018091361374943465,0.09633649932157395,0.034508141112618726,0.0728188602442333,across_seed_bootstrap_exploratory
openml_4534_phishingwebsite,logistic_regression,class_conditional_cp,50,doubleton_rate,10,0.0,0.0,0.0,0.0,0.0,0.0,0.0,0.0,0.0,0.0,across_seed_bootstrap_exploratory
openml_4534_phishingwebsite,logistic_regression,class_conditional_cp,50,coverage_overall,10,0.9008141112618724,0.903663500678426,0.018957662129351644,0.031320669380370925,0.8854590682948892,0.9167797376752601,0.8733604703753958,0.9253731343283582,0.8895974672094076,0.9118498417005879,across_seed_bootstrap_exploratory
openml_4534_phishingwebsite,logistic_regression,class_conditional_cp,50,auroc,10,0.9857876456837811,0.9860425404930453,0.0015611267057459382,0.0025847991511795954,0.9845460178384919,0.9871308169896715,0.983460435352045,0.9876871300916792,0.9848655844344236,0.986690875801986,across_seed_bootstrap_exploratory
openml_4534_phishingwebsite,logistic_regression,class_conditional_cp,50,auprc,10,0.9839941945820433,0.984224672741377,0.0015622429002706108,0.002821684013741721,0.9825300108295981,0.9853516948433398,0.982132713576342,0.98602171689165,0.9830822384905609,0.9849065946026953,across_seed_bootstrap_exploratory
openml_4534_phishingwebsite,logistic_regression,class_conditional_cp,50,q_minority,10,0.46817574227501907,0.4270615771159826,0.17559680814017176,0.20204054827676,0.35035728749696904,0.552397835773729,0.25323997201659876,0.7896908460871835,0.36916071540856615,0.5771553540856376,across_seed_bootstrap_exploratory
openml_4534_phishingwebsite,logistic_regression,class_conditional_cp,50,q_majority,10,0.2332773795456769,0.2396810291099079,0.05485738935617988,0.07817033645144883,0.19991423978533734,0.2780845762367862,0.13739176465047553,0.29565583320977773,0.1996932801461621,0.2639303851291508,across_seed_bootstrap_exploratory
openml_4534_phishingwebsite,logistic_regression,class_conditional_cp,50,threshold_gap,10,0.23489836272934222,0.1779205088042533,0.1909442974985719,0.290009080919079,0.08994084095484162,0.3799499218739206,0.03261957475811017,0.5966786587928966,0.12953815709248306,0.3553069873702728,across_seed_bootstrap_exploratory
openml_4534_phishingwebsite,logistic_regression,class_conditional_cp,50,threshold_sum,10,0.7014531218206959,0.7092612757280172,0.17671281686612464,0.16935645127480026,0.5714847614793965,0.7408412127541968,0.47386036927508735,0.9885848389147533,0.6025943108890904,0.8077963420645327,across_seed_bootstrap_exploratory
openml_4534_phishingwebsite,logistic_regression,class_conditional_cp,100,coverage_minority,10,0.9078571428571427,0.9071428571428571,0.024171447487013963,0.03749999999999998,0.8928571428571429,0.9303571428571429,0.8622448979591837,0.9346938775510204,0.8932653061224489,0.9216326530612242,across_seed_bootstrap_exploratory
openml_4534_phishingwebsite,logistic_regression,class_conditional_cp,100,coverage_majority,10,0.8991064175467098,0.904549147034931,0.025708091264732027,0.03046303818034124,0.886068237205524,0.9165312753858652,0.8578391551584078,0.9293257514216084,0.8832656376929325,0.9137286758732739,across_seed_bootstrap_exploratory
openml_4534_phishingwebsite,logistic_regression,class_conditional_cp,100,coverage_disparity,10,0.030063744425471252,0.028893466403620782,0.011358015969349326,0.014261053730996898,0.020713415341766267,0.034974469072763165,0.016740993716739316,0.04861071967373465,0.023648669987897674,0.03701307216631575,across_seed_bootstrap_exploratory
openml_4534_phishingwebsite,logistic_regression,class_conditional_cp,100,singleton_rate,10,0.9472184531886025,0.9488919041157847,0.029025415756919724,0.04104477611940294,0.9245816372682045,0.9656264133876075,0.9086386250565355,0.9981908638625057,0.9304839439167798,0.9645861601085481,across_seed_bootstrap_exploratory
openml_4534_phishingwebsite,logistic_regression,class_conditional_cp,100,average_set_size,10,0.9472184531886025,0.9488919041157847,0.029025415756919724,0.04104477611940294,0.9245816372682045,0.9656264133876075,0.9086386250565355,0.9981908638625057,0.930529172320217,0.9644957033016736,across_seed_bootstrap_exploratory
openml_4534_phishingwebsite,logistic_regression,class_conditional_cp,100,empty_rate,10,0.05278154681139756,0.05110809588421529,0.029025415756919713,0.04104477611940298,0.03437358661239258,0.07541836273179556,0.0018091361374943465,0.0913613749434645,0.035504296698326554,0.06933627317955668,across_seed_bootstrap_exploratory
openml_4534_phishingwebsite,logistic_regression,class_conditional_cp,100,doubleton_rate,10,0.0,0.0,0.0,0.0,0.0,0.0,0.0,0.0,0.0,0.0,across_seed_bootstrap_exploratory
openml_4534_phishingwebsite,logistic_regression,class_conditional_cp,100,coverage_overall,10,0.9029850746268655,0.9084124830393487,0.019190267022799707,0.03324287652645874,0.8852329262777023,0.9184758028041611,0.8733604703753958,0.9253731343283582,0.891180461329715,0.9137946630483944,across_seed_bootstrap_exploratory
openml_4534_phishingwebsite,logistic_regression,class_conditional_cp,100,auroc,10,0.9857876456837811,0.9860425404930453,0.0015611267057459382,0.0025847991511795954,0.9845460178384919,0.9871308169896715,0.983460435352045,0.9876871300916792,0.984879456514531,0.9866791703277572,across_seed_bootstrap_exploratory
openml_4534_phishingwebsite,logistic_regression,class_conditional_cp,100,auprc,10,0.9839941945820433,0.984224672741377,0.0015622429002706108,0.002821684013741721,0.9825300108295981,0.9853516948433398,0.982132713576342,0.98602171689165,0.9830858285699685,0.9849084027401057,across_seed_bootstrap_exploratory
openml_4534_phishingwebsite,logistic_regression,class_conditional_cp,100,q_minority,10,0.490238198203678,0.5031980981917772,0.13774530049253203,0.1940838360057895,0.39849384628723694,0.5925776822930264,0.27991061435281583,0.7074498721775915,0.41145611929583065,0.5709696958056933,across_seed_bootstrap_exploratory
openml_4534_phishingwebsite,logistic_regression,class_conditional_cp,100,q_majority,10,0.2332773795456769,0.2396810291099079,0.05485738935617988,0.07817033645144883,0.19991423978533734,0.2780845762367862,0.13739176465047553,0.29565583320977773,0.19955248803847753,0.26415364279902587,across_seed_bootstrap_exploratory
openml_4534_phishingwebsite,logistic_regression,class_conditional_cp,100,threshold_gap,10,0.25696081865800113,0.26743257498112943,0.13990444164569743,0.23603730958803593,0.12994714691624965,0.36598445650428557,0.05929021709432725,0.4263149054404296,0.17467839511601557,0.3383774805855144,across_seed_bootstrap_exploratory
openml_4534_phishingwebsite,logistic_regression,class_conditional_cp,100,threshold_sum,10,0.7235155777493549,0.7221928167878995,0.15618242268998314,0.21075346280617824,0.5956071352817272,0.8063605980879054,0.5005310116113044,0.9885848389147533,0.6330983333567936,0.8167700044195124,across_seed_bootstrap_exploratory
openml_4534_phishingwebsite,xgboost,global_split_cp,10,coverage_minority,10,0.863061224489796,0.8653061224489795,0.019936731803991727,0.021428571428571352,0.8561224489795919,0.8775510204081632,0.8275510204081633,0.8908163265306123,0.8508163265306123,0.8742857142857143,across_seed_bootstrap_exploratory
openml_4534_phishingwebsite,xgboost,global_split_cp,10,coverage_majority,10,0.8991064175467102,0.8976441917140536,0.0207949724398319,0.023151909017059435,0.8917546709991876,0.914906580016247,0.8635255889520714,0.9301380991064175,0.8864337936636881,0.9109666937449228,across_seed_bootstrap_exploratory
openml_4534_phishingwebsite,xgboost,global_split_cp,10,coverage_disparity,10,0.036045193056914046,0.03473076476732034,0.01489060793096561,0.022597357383245725,0.026505122763971573,0.0491024801472173,0.016547024983835867,0.05888857573898765,0.02744512094033385,0.044820560271224635,across_seed_bootstrap_exploratory
openml_4534_phishingwebsite,xgboost,global_split_cp,10,singleton_rate,10,0.8890999547715965,0.8900949796472184,0.0216086819789882,0.0258932609678878,0.8750565355042967,0.9009497964721845,0.8507462686567164,0.9194934418815016,0.8761194029850745,0.9013568521031207,across_seed_bootstrap_exploratory
openml_4534_phishingwebsite,xgboost,global_split_cp,10,average_set_size,10,0.8890999547715965,0.8900949796472184,0.0216086819789882,0.0258932609678878,0.8750565355042967,0.9009497964721845,0.8507462686567164,0.9194934418815016,0.8762098597919493,0.901403211216644,across_seed_bootstrap_exploratory
openml_4534_phishingwebsite,xgboost,global_split_cp,10,empty_rate,10,0.11090004522840344,0.10990502035278155,0.021608681978988197,0.02589326096788784,0.09905020352781546,0.1249434644957033,0.08050655811849841,0.14925373134328357,0.09837064676616913,0.12401628222523745,across_seed_bootstrap_exploratory
openml_4534_phishingwebsite,xgboost,global_split_cp,10,doubleton_rate,10,0.0,0.0,0.0,0.0,0.0,0.0,0.0,0.0,0.0,0.0,across_seed_bootstrap_exploratory
openml_4534_phishingwebsite,xgboost,global_split_cp,10,coverage_overall,10,0.8831298055178651,0.8830845771144278,0.01903203000228565,0.025554047942107694,0.8712121212121212,0.8967661691542289,0.8475802804161013,0.9072817729534147,0.8717322478516509,0.8939393939393939,across_seed_bootstrap_exploratory
openml_4534_phishingwebsite,xgboost,global_split_cp,10,auroc,10,0.9953778245660571,0.9954089921915151,0.0007936140275228052,0.0006024221223825954,0.9951612468708037,0.9957636689931862,0.9936806810457732,0.9967510237238681,0.9948843482153218,0.9958259006283262,across_seed_bootstrap_exploratory
openml_4534_phishingwebsite,xgboost,global_split_cp,10,auprc,10,0.994663257192606,0.9946844404159533,0.0007878053834537933,0.0008577091458038533,0.9942627062600329,0.9951204154058367,0.9931124238493122,0.9960598802295106,0.9941937696534758,0.9951178797536091,across_seed_bootstrap_exploratory
openml_4534_phishingwebsite,xgboost,global_split_cp,10,q_global,10,0.1277117133140564,0.12436258792877197,0.03586643385427485,0.02097347378730774,0.11112160980701447,0.1320950835943222,0.0797574520111084,0.20266097784042358,0.10817318603396417,0.15007509887218473,across_seed_bootstrap_exploratory
openml_4534_phishingwebsite,xgboost,global_split_cp,20,coverage_minority,10,0.8683673469387756,0.8693877551020408,0.021795264413062312,0.021428571428571463,0.860204081632653,0.8816326530612245,0.8326530612244898,0.9010204081632653,0.8553061224489795,0.8808163265306124,across_seed_bootstrap_exploratory
openml_4534_phishingwebsite,xgboost,global_split_cp,20,coverage_majority,10,0.9025182778229084,0.8988627132412672,0.01902813548958665,0.026401299756295682,0.8903330625507717,0.9167343623070674,0.8683996750609261,0.9301380991064175,0.8913078797725428,0.9135662063363119,across_seed_bootstrap_exploratory
openml_4534_phishingwebsite,xgboost,global_split_cp,20,coverage_disparity,10,0.034150930884132694,0.03103541172764801,0.01705676470594021,0.025173245577678666,0.023929234569538632,0.0491024801472173,0.006867653641472793,0.06009715015169348,0.02420206112501864,0.044171602231469355,across_seed_bootstrap_exploratory
openml_4534_phishingwebsite,xgboost,global_split_cp,20,singleton_rate,10,0.8938037087290818,0.8896426956128449,0.020630410699346294,0.025214834916327478,0.886250565355043,0.9114654002713705,0.8561736770691994,0.9208502939846224,0.8813206693803709,0.9057440072365447,across_seed_bootstrap_exploratory
openml_4534_phishingwebsite,xgboost,global_split_cp,20,average_set_size,10,0.8938037087290818,0.8896426956128449,0.020630410699346294,0.025214834916327478,0.886250565355043,0.9114654002713705,0.8561736770691994,0.9208502939846224,0.8816372682044322,0.9058796924468565,across_seed_bootstrap_exploratory
openml_4534_phishingwebsite,xgboost,global_split_cp,20,empty_rate,10,0.10619629127091815,0.11035730438715513,0.02063041069934628,0.025214834916327464,0.08853459972862958,0.11374943464495704,0.07914970601537766,0.14382632293080055,0.0942107643600181,0.11831750339213025,across_seed_bootstrap_exploratory
openml_4534_phishingwebsite,xgboost,global_split_cp,20,doubleton_rate,10,0.0,0.0,0.0,0.0,0.0,0.0,0.0,0.0,0.0,0.0,across_seed_bootstrap_exploratory
openml_4534_phishingwebsite,xgboost,global_split_cp,20,coverage_overall,10,0.8873812754409769,0.8844414292175486,0.018448408947347766,0.020691994572591632,0.8815015829941203,0.9021935775667119,0.8525554047942108,0.9140660334690185,0.8763455450022615,0.8979194934418814,across_seed_bootstrap_exploratory
openml_4534_phishingwebsite,xgboost,global_split_cp,20,auroc,10,0.9953778245660571,0.9954089921915151,0.0007936140275228052,0.0006024221223825954,0.9951612468708037,0.9957636689931862,0.9936806810457732,0.9967510237238681,0.9948939772293972,0.9958202670385784,across_seed_bootstrap_exploratory
openml_4534_phishingwebsite,xgboost,global_split_cp,20,auprc,10,0.994663257192606,0.9946844404159533,0.0007878053834537933,0.0008577091458038533,0.9942627062600329,0.9951204154058367,0.9931124238493122,0.9960598802295106,0.9941853047570688,0.9951195350903809,across_seed_bootstrap_exploratory
openml_4534_phishingwebsite,xgboost,global_split_cp,20,q_global,10,0.13688272833824158,0.12964147329330444,0.03483074004271938,0.03997586667537689,0.11783847212791443,0.15781433880329132,0.08376187086105347,0.20266097784042358,0.1173539063334465,0.15801314115524293,across_seed_bootstrap_exploratory
openml_4534_phishingwebsite,xgboost,global_split_cp,50,coverage_minority,10,0.8725510204081633,0.8709183673469387,0.02379226779931047,0.020153061224489788,0.8642857142857143,0.8844387755102041,0.8306122448979592,0.9071428571428571,0.8583673469387755,0.8864311224489793,across_seed_bootstrap_exploratory
openml_4534_phishingwebsite,xgboost,global_split_cp,50,coverage_majority,10,0.9067424857839154,0.8996750609260764,0.02070663466114068,0.03310316815597081,0.8915515840779853,0.9246547522339561,0.8797725426482534,0.9398862713241267,0.8948822095857027,0.9191714053614947,across_seed_bootstrap_exploratory
openml_4534_phishingwebsite,xgboost,global_split_cp,50,coverage_disparity,10,0.03419146537575226,0.033298794741292104,0.015727883916953237,0.019461943997745285,0.0237112269765746,0.043173170974319885,0.011969694457799385,0.06215786070723983,0.025272468044894646,0.04360595956497952,across_seed_bootstrap_exploratory
openml_4534_phishingwebsite,xgboost,global_split_cp,50,singleton_rate,10,0.8988240615106287,0.8932609678878336,0.023677739960345598,0.030642243328810492,0.8872682044323835,0.917910447761194,0.8688376300316599,0.9393939393939394,0.8853459972862957,0.9131614654002714,across_seed_bootstrap_exploratory
openml_4534_phishingwebsite,xgboost,global_split_cp,50,average_set_size,10,0.8988240615106287,0.8932609678878336,0.023677739960345598,0.030642243328810492,0.8872682044323835,0.917910447761194,0.8688376300316599,0.9393939393939394,0.8855721393034827,0.9130257801899593,across_seed_bootstrap_exploratory
openml_4534_phishingwebsite,xgboost,global_split_cp,50,empty_rate,10,0.10117593848937134,0.10673903211216644,0.02367773996034559,0.030642243328810492,0.08208955223880597,0.11273179556761646,0.06060606060606061,0.13116236996834013,0.08679330619629126,0.11465400271370418,across_seed_bootstrap_exploratory
openml_4534_phishingwebsite,xgboost,global_split_cp,50,doubleton_rate,10,0.0,0.0,0.0,0.0,0.0,0.0,0.0,0.0,0.0,0.0,across_seed_bootstrap_exploratory
openml_4534_phishingwebsite,xgboost,global_split_cp,50,coverage_overall,10,0.8915875169606513,0.886250565355043,0.020702173265530997,0.02419719583898683,0.8827453640886477,0.9069425599276345,0.8647670737222976,0.9253731343283582,0.8799626865671641,0.903936001809136,across_seed_bootstrap_exploratory
openml_4534_phishingwebsite,xgboost,global_split_cp,50,auroc,10,0.9953778245660571,0.9954089921915151,0.0007936140275228052,0.0006024221223825954,0.9951612468708037,0.9957636689931862,0.9936806810457732,0.9967510237238681,0.9948882959763923,0.9958248230242545,across_seed_bootstrap_exploratory
openml_4534_phishingwebsite,xgboost,global_split_cp,50,auprc,10,0.994663257192606,0.9946844404159533,0.0007878053834537933,0.0008577091458038533,0.9942627062600329,0.9951204154058367,0.9931124238493122,0.9960598802295106,0.9941949800953795,0.9951211650611103,across_seed_bootstrap_exploratory
openml_4534_phishingwebsite,xgboost,global_split_cp,50,q_global,10,0.14529483914375305,0.1276543140411377,0.04317798882699568,0.055694580078125,0.1183227002620697,0.1740172803401947,0.09910804033279419,0.21523523330688477,0.1216252614557743,0.17140209957957264,across_seed_bootstrap_exploratory
openml_4534_phishingwebsite,xgboost,global_split_cp,100,coverage_minority,10,0.8765306122448979,0.8709183673469387,0.02418556304031453,0.04056122448979593,0.8571428571428572,0.8977040816326531,0.8448979591836735,0.9102040816326531,0.8626530612244899,0.8909183673469387,across_seed_bootstrap_exploratory
openml_4534_phishingwebsite,xgboost,global_split_cp,100,coverage_majority,10,0.9098294069861901,0.8996750609260764,0.020908201562411,0.035337124289195776,0.8931762794476036,0.9285134037367994,0.8903330625507717,0.9415109666937449,0.8982940698619009,0.9226645004061739,across_seed_bootstrap_exploratory
openml_4534_phishingwebsite,xgboost,global_split_cp,100,coverage_disparity,10,0.033298794741292104,0.03428936156103379,0.016548422709455092,0.024242361444984206,0.023134087103565987,0.04737644854855019,0.0035784744442050043,0.05355858021518922,0.0234691266433462,0.042733218388899,across_seed_bootstrap_exploratory
openml_4534_phishingwebsite,xgboost,global_split_cp,100,singleton_rate,10,0.9028493894165536,0.8948439620081412,0.024310284377962888,0.03889642695612838,0.884554500226142,0.9234509271822704,0.8787878787878788,0.9407507914970602,0.8894617819990955,0.917774762550882,across_seed_bootstrap_exploratory
openml_4534_phishingwebsite,xgboost,global_split_cp,100,average_set_size,10,0.9028493894165536,0.8948439620081412,0.024310284377962888,0.03889642695612838,0.884554500226142,0.9234509271822704,0.8787878787878788,0.9407507914970602,0.8894165535956582,0.9177295341474446,across_seed_bootstrap_exploratory
openml_4534_phishingwebsite,xgboost,global_split_cp,100,empty_rate,10,0.0971506105834464,0.10515603799185888,0.024310284377962888,0.03889642695612845,0.07654907281772953,0.11544549977385798,0.05924920850293985,0.12121212121212122,0.08218000904568071,0.11053821800090458,across_seed_bootstrap_exploratory
openml_4534_phishingwebsite,xgboost,global_split_cp,100,doubleton_rate,10,0.0,0.0,0.0,0.0,0.0,0.0,0.0,0.0,0.0,0.0,across_seed_bootstrap_exploratory
openml_4534_phishingwebsite,xgboost,global_split_cp,100,coverage_overall,10,0.8950701040253278,0.8882858435097241,0.020858528092355097,0.0353912256897333,0.8794663048394391,0.9148575305291724,0.8747173224785165,0.926729986431479,0.8835368611488015,0.9075983717774763,across_seed_bootstrap_exploratory
openml_4534_phishingwebsite,xgboost,global_split_cp,100,auroc,10,0.9953778245660571,0.9954089921915151,0.0007936140275228052,0.0006024221223825954,0.9951612468708037,0.9957636689931862,0.9936806810457732,0.9967510237238681,0.9949001340788143,0.9958264394303619,across_seed_bootstrap_exploratory
openml_4534_phishingwebsite,xgboost,global_split_cp,100,auprc,10,0.994663257192606,0.9946844404159533,0.0007878053834537933,0.0008577091458038533,0.9942627062600329,0.9951204154058367,0.9931124238493122,0.9960598802295106,0.9941848668894757,0.9951126386702605,across_seed_bootstrap_exploratory
openml_4534_phishingwebsite,xgboost,global_split_cp,100,q_global,10,0.15473141074180602,0.12854212522506714,0.045722570780732066,0.061079755425453186,0.12317997217178345,0.18425972759723663,0.11799955368041992,0.23710250854492188,0.13010351449251173,0.1831877988576889,across_seed_bootstrap_exploratory
openml_4534_phishingwebsite,xgboost,class_conditional_cp,10,coverage_minority,10,0.918469387755102,0.9377551020408164,0.07919175274957266,0.12755102040816324,0.8612244897959184,0.9887755102040816,0.786734693877551,0.9989795918367347,0.8700000000000001,0.9635714285714286,across_seed_bootstrap_exploratory
openml_4534_phishingwebsite,xgboost,class_conditional_cp,10,coverage_majority,10,0.8989439480097481,0.8984565393988627,0.021489970116247797,0.03269699431356621,0.8840373679935012,0.9167343623070674,0.8635255889520714,0.925264012997563,0.8862713241267262,0.9113728675873274,across_seed_bootstrap_exploratory
openml_4534_phishingwebsite,xgboost,class_conditional_cp,10,coverage_disparity,10,0.07098169730930554,0.090423001044447,0.04638336735921493,0.07875379233740612,0.02791906364495436,0.10667285598236048,0.006936454516818902,0.12933155390507145,0.04299576004244102,0.09715876216449214,across_seed_bootstrap_exploratory
openml_4534_phishingwebsite,xgboost,class_conditional_cp,10,singleton_rate,10,0.9236996834011759,0.9138398914518318,0.055084675859191086,0.08977838082315692,0.8824061510628675,0.9721845318860244,0.8507462686567164,0.9990954319312528,0.8921754862053369,0.9562189054726368,across_seed_bootstrap_exploratory
openml_4534_phishingwebsite,xgboost,class_conditional_cp,10,average_set_size,10,0.9472184531886023,0.9384893713251923,0.08004676405658802,0.10470375395748532,0.8876074174581637,0.9923111714156491,0.8507462686567164,1.1175938489371324,0.9033921302578019,0.9974683401175937,across_seed_bootstrap_exploratory
openml_4534_phishingwebsite,xgboost,class_conditional_cp,10,empty_rate,10,0.06454093170511081,0.06151062867480778,0.05777604732444665,0.1047037539574853,0.007688828584350972,0.11239258254183628,0.0,0.14925373134328357,0.03156942559927635,0.09900497512437809,across_seed_bootstrap_exploratory
openml_4534_phishingwebsite,xgboost,class_conditional_cp,10,doubleton_rate,10,0.011759384893713252,0.0,0.03718644014671093,0.0,0.0,0.0,0.0,0.11759384893713253,0.0,0.035278154681139755,across_seed_bootstrap_exploratory
openml_4534_phishingwebsite,xgboost,class_conditional_cp,10,coverage_overall,10,0.9075983717774763,0.9174581637268204,0.03505585443607751,0.05099502487562191,0.8815015829941203,0.9324966078697422,0.8480325644504749,0.9525101763907734,0.8864303482587065,0.9273631840796022,across_seed_bootstrap_exploratory
openml_4534_phishingwebsite,xgboost,class_conditional_cp,10,auroc,10,0.9953778245660571,0.9954089921915151,0.0007936140275228052,0.0006024221223825954,0.9951612468708037,0.9957636689931862,0.9936806810457732,0.9967510237238681,0.9948888378869013,0.9958208472869244,across_seed_bootstrap_exploratory
openml_4534_phishingwebsite,xgboost,class_conditional_cp,10,auprc,10,0.994663257192606,0.9946844404159533,0.0007878053834537933,0.0008577091458038533,0.9942627062600329,0.9951204154058367,0.9931124238493122,0.9960598802295106,0.9941927495385782,0.995117210711693,across_seed_bootstrap_exploratory
openml_4534_phishingwebsite,xgboost,class_conditional_cp,10,q_minority,10,0.48189590908586977,0.45691487193107605,0.3880958904456789,0.7272840086370707,0.11388789117336273,0.8411718998104334,0.058674514293670654,0.990484531968832,0.2548093760199845,0.7069687127135693,across_seed_bootstrap_exploratory
openml_4534_phishingwebsite,xgboost,class_conditional_cp,10,q_majority,10,0.12749776840209961,0.11829409003257751,0.0356501525078087,0.0463951975107193,0.10856540501117706,0.15496060252189636,0.0797574520111084,0.18423354625701904,0.10755152374505997,0.14926241204142568,across_seed_bootstrap_exploratory
openml_4534_phishingwebsite,xgboost,class_conditional_cp,10,threshold_gap,10,0.39095133282244204,0.32108840346336365,0.3585135549589927,0.6506410632282495,0.07110007107257843,0.721741134300828,0.007843255996704102,0.871192391961813,0.18749784789979457,0.6004242414515464,across_seed_bootstrap_exploratory
openml_4534_phishingwebsite,xgboost,class_conditional_cp,10,threshold_sum,10,0.6093936774879694,0.5938087105751038,0.38075533366432196,0.7135928608477116,0.2563001960515976,0.9698930568993092,0.17602843046188354,1.109776671975851,0.38746791407465936,0.8304368184134363,across_seed_bootstrap_exploratory
openml_4534_phishingwebsite,xgboost,class_conditional_cp,20,coverage_minority,10,0.9262244897959183,0.9239795918367346,0.04710374736058955,0.06173469387755104,0.9025510204081633,0.9642857142857143,0.8387755102040816,0.9928571428571429,0.8974489795918368,0.9529591836734694,across_seed_bootstrap_exploratory
openml_4534_phishingwebsite,xgboost,class_conditional_cp,20,coverage_majority,10,0.8989439480097481,0.8984565393988627,0.021489970116247797,0.03269699431356621,0.8840373679935012,0.9167343623070674,0.8635255889520714,0.925264012997563,0.8861088545897644,0.9111291632818845,across_seed_bootstrap_exploratory
openml_4534_phishingwebsite,xgboost,class_conditional_cp,20,coverage_disparity,10,0.04942978166083656,0.0461193819526185,0.03779242331864965,0.04201702614433267,0.02168305177473101,0.06370007791906368,0.006936454516818902,0.12933155390507145,0.028756672855982334,0.07344611979641566,across_seed_bootstrap_exploratory
openml_4534_phishingwebsite,xgboost,class_conditional_cp,20,singleton_rate,10,0.9294889190411577,0.9289914066033469,0.0351836088649917,0.03833107191316154,0.9041157847127996,0.9424468566259612,0.8751696065128901,0.9968340117593849,0.9092718227046586,0.950836725463591,across_seed_bootstrap_exploratory
openml_4534_phishingwebsite,xgboost,class_conditional_cp,20,average_set_size,10,0.9294889190411577,0.9289914066033469,0.0351836088649917,0.03833107191316154,0.9041157847127996,0.9424468566259612,0.8751696065128901,0.9968340117593849,0.908955223880597,0.9506558118498416,across_seed_bootstrap_exploratory
openml_4534_phishingwebsite,xgboost,class_conditional_cp,20,empty_rate,10,0.07051108095884215,0.07100859339665311,0.0351836088649917,0.03833107191316147,0.0575531433740389,0.09588421528720037,0.003165988240615106,0.1248303934871099,0.04943464495703302,0.09081976481230204,across_seed_bootstrap_exploratory
openml_4534_phishingwebsite,xgboost,class_conditional_cp,20,doubleton_rate,10,0.0,0.0,0.0,0.0,0.0,0.0,0.0,0.0,0.0,0.0,across_seed_bootstrap_exploratory
openml_4534_phishingwebsite,xgboost,class_conditional_cp,20,coverage_overall,10,0.9110357304387156,0.9163274536408865,0.02054789192722103,0.02351876978742662,0.897105382180009,0.9206241519674356,0.8710990502035278,0.939846223428313,0.8984170058796925,0.9223428312980552,across_seed_bootstrap_exploratory
openml_4534_phishingwebsite,xgboost,class_conditional_cp,20,auroc,10,0.9953778245660571,0.9954089921915151,0.0007936140275228052,0.0006024221223825954,0.9951612468708037,0.9957636689931862,0.9936806810457732,0.9967510237238681,0.9948949999171073,0.9958288899434674,across_seed_bootstrap_exploratory
openml_4534_phishingwebsite,xgboost,class_conditional_cp,20,auprc,10,0.994663257192606,0.9946844404159533,0.0007878053834537933,0.0008577091458038533,0.9942627062600329,0.9951204154058367,0.9931124238493122,0.9960598802295106,0.994192497466592,0.9951169413827321,across_seed_bootstrap_exploratory
openml_4534_phishingwebsite,xgboost,class_conditional_cp,20,q_minority,10,0.39135005325078964,0.3114143908023834,0.25804524547054875,0.3301016613841057,0.19723370671272278,0.5273353680968285,0.11836028099060059,0.9152997583150864,0.24857954278588296,0.5508837768435477,across_seed_bootstrap_exploratory
openml_4534_phishingwebsite,xgboost,class_conditional_cp,20,q_majority,10,0.12749776840209961,0.11829409003257751,0.0356501525078087,0.0463951975107193,0.10856540501117706,0.15496060252189636,0.0797574520111084,0.18423354625701904,0.10745003193616867,0.1490685836970806,across_seed_bootstrap_exploratory
openml_4534_phishingwebsite,xgboost,class_conditional_cp,20,threshold_gap,10,0.26385228484869006,0.15312275290489197,0.27497975165002353,0.36555445939302444,0.05321550369262695,0.4187699630856514,0.0010063648223876953,0.835542306303978,0.11648039914667606,0.43704271823167784,across_seed_bootstrap_exploratory
openml_4534_phishingwebsite,xgboost,class_conditional_cp,20,threshold_sum,10,0.5188478216528892,0.49060025811195374,0.24515852085959192,0.32199016958475113,0.3139106035232544,0.6359007731080055,0.23571419715881348,0.9950572103261948,0.3822481453418732,0.6676394248008727,across_seed_bootstrap_exploratory
openml_4534_phishingwebsite,xgboost,class_conditional_cp,50,coverage_minority,10,0.9029591836734694,0.9005102040816326,0.04988405734495428,0.05204081632653046,0.8903061224489797,0.9423469387755101,0.786734693877551,0.9571428571428572,0.8708163265306123,0.9293877551020409,across_seed_bootstrap_exploratory
openml_4534_phishingwebsite,xgboost,class_conditional_cp,50,coverage_majority,10,0.8989439480097481,0.8984565393988627,0.021489970116247797,0.03269699431356621,0.8840373679935012,0.9167343623070674,0.8635255889520714,0.925264012997563,0.8859463850528027,0.9112916328188465,across_seed_bootstrap_exploratory
openml_4534_phishingwebsite,xgboost,class_conditional_cp,50,coverage_disparity,10,0.03599404830981947,0.0293638820272219,0.03330838901643755,0.018998367015368306,0.017826058124305766,0.03682442513967407,0.0002752035013843246,0.11009715015169352,0.018470973076476747,0.0571064071851324,across_seed_bootstrap_exploratory
openml_4534_phishingwebsite,xgboost,class_conditional_cp,50,singleton_rate,10,0.9102668475802803,0.9111261872455902,0.03191600221600684,0.041270918136589785,0.8895296246042514,0.9308005427408412,0.8507462686567164,0.9565807327001357,0.8912709181365898,0.9283593396653098,across_seed_bootstrap_exploratory
openml_4534_phishingwebsite,xgboost,class_conditional_cp,50,average_set_size,10,0.9102668475802803,0.9111261872455902,0.03191600221600684,0.041270918136589785,0.8895296246042514,0.9308005427408412,0.8507462686567164,0.9565807327001357,0.8911352329262776,0.9288104929895974,across_seed_bootstrap_exploratory
openml_4534_phishingwebsite,xgboost,class_conditional_cp,50,empty_rate,10,0.08973315241971959,0.08887381275440978,0.031916002216006836,0.041270918136589785,0.06919945725915874,0.11047037539574853,0.04341926729986431,0.14925373134328357,0.07159656264133876,0.10886476707372231,across_seed_bootstrap_exploratory
openml_4534_phishingwebsite,xgboost,class_conditional_cp,50,doubleton_rate,10,0.0,0.0,0.0,0.0,0.0,0.0,0.0,0.0,0.0,0.0,across_seed_bootstrap_exploratory
openml_4534_phishingwebsite,xgboost,class_conditional_cp,50,coverage_overall,10,0.9007236544549977,0.9027589326096789,0.02711965706087259,0.036295793758480355,0.8842152872003618,0.9205110809588422,0.8480325644504749,0.9335142469470827,0.8845318860244233,0.9161013116236998,across_seed_bootstrap_exploratory
openml_4534_phishingwebsite,xgboost,class_conditional_cp,50,auroc,10,0.9953778245660571,0.9954089921915151,0.0007936140275228052,0.0006024221223825954,0.9951612468708037,0.9957636689931862,0.9936806810457732,0.9967510237238681,0.9948865562675111,0.9958281853561897,across_seed_bootstrap_exploratory
openml_4534_phishingwebsite,xgboost,class_conditional_cp,50,auprc,10,0.994663257192606,0.9946844404159533,0.0007878053834537933,0.0008577091458038533,0.9942627062600329,0.9951204154058367,0.9931124238493122,0.9960598802295106,0.9941910566948898,0.9951065073579389,across_seed_bootstrap_exploratory
openml_4534_phishingwebsite,xgboost,class_conditional_cp,50,q_minority,10,0.27213048934936523,0.23693838715553284,0.16174144938928348,0.21780315041542053,0.16399426758289337,0.3817974179983139,0.058674514293670654,0.5609568357467651,0.1818714201450348,0.3715650504827498,across_seed_bootstrap_exploratory
openml_4534_phishingwebsite,xgboost,class_conditional_cp,50,q_majority,10,0.12749776840209961,0.11829409003257751,0.0356501525078087,0.0463951975107193,0.10856540501117706,0.15496060252189636,0.0797574520111084,0.18423354625701904,0.10768832162022592,0.14897785469889638,across_seed_bootstrap_exploratory
openml_4534_phishingwebsite,xgboost,class_conditional_cp,50,threshold_gap,10,0.15636860132217406,0.06370842456817627,0.14337152776446627,0.21372602880001068,0.05641736090183258,0.27014338970184326,0.046428382396698,0.39410674571990967,0.07988618671894074,0.2442291648685931,across_seed_bootstrap_exploratory
openml_4534_phishingwebsite,xgboost,class_conditional_cp,50,threshold_sum,10,0.3996282577514648,0.36608442664146423,0.17430446764487925,0.23766912519931793,0.2788894772529602,0.5165586024522781,0.17602843046188354,0.7278069257736206,0.3021515071392059,0.5043747806549073,across_seed_bootstrap_exploratory
openml_4534_phishingwebsite,xgboost,class_conditional_cp,100,coverage_minority,10,0.9025510204081633,0.9015306122448979,0.01983462797804958,0.0267857142857143,0.8908163265306123,0.9176020408163266,0.8673469387755102,0.9306122448979591,0.8909183673469387,0.9140816326530612,across_seed_bootstrap_exploratory
openml_4534_phishingwebsite,xgboost,class_conditional_cp,100,coverage_majority,10,0.8989439480097481,0.8984565393988627,0.021489970116247797,0.03269699431356621,0.8840373679935012,0.9167343623070674,0.8635255889520714,0.925264012997563,0.8861088545897644,0.9112916328188465,across_seed_bootstrap_exploratory
openml_4534_phishingwebsite,xgboost,class_conditional_cp,100,coverage_disparity,10,0.01608523019280823,0.013315041694988261,0.013302337444517757,0.020299988395033053,0.0066564846897329555,0.02695647308476601,0.00024619108406964685,0.037346441419784715,0.008509174140818006,0.024284178699912132,across_seed_bootstrap_exploratory
openml_4534_phishingwebsite,xgboost,class_conditional_cp,100,singleton_rate,10,0.9087743102668476,0.897105382180009,0.020964014162273985,0.03437358661239254,0.8941655359565808,0.9285391225689733,0.8842152872003618,0.9389416553595658,0.8969696969696971,0.9213930348258706,across_seed_bootstrap_exploratory
openml_4534_phishingwebsite,xgboost,class_conditional_cp,100,average_set_size,10,0.9087743102668476,0.897105382180009,0.020964014162273985,0.03437358661239254,0.8941655359565808,0.9285391225689733,0.8842152872003618,0.9389416553595658,0.8970601537765717,0.9214382632293079,across_seed_bootstrap_exploratory
openml_4534_phishingwebsite,xgboost,class_conditional_cp,100,empty_rate,10,0.09122568973315241,0.10289461781999096,0.02096401416227401,0.03437358661239259,0.07146087743102668,0.10583446404341927,0.06105834464043419,0.11578471279963817,0.07847127996381728,0.10298620533695152,across_seed_bootstrap_exploratory
openml_4534_phishingwebsite,xgboost,class_conditional_cp,100,doubleton_rate,10,0.0,0.0,0.0,0.0,0.0,0.0,0.0,0.0,0.0,0.0,across_seed_bootstrap_exploratory
openml_4534_phishingwebsite,xgboost,class_conditional_cp,100,coverage_overall,10,0.9005427408412483,0.8912256897331525,0.017901219500146635,0.029624604251469955,0.8896426956128448,0.9192672998643148,0.8769787426503844,0.9253731343283582,0.8903663500678425,0.9112166440524649,across_seed_bootstrap_exploratory
openml_4534_phishingwebsite,xgboost,class_conditional_cp,100,auroc,10,0.9953778245660571,0.9954089921915151,0.0007936140275228052,0.0006024221223825954,0.9951612468708037,0.9957636689931862,0.9936806810457732,0.9967510237238681,0.994895426814105,0.9958188982741757,across_seed_bootstrap_exploratory
openml_4534_phishingwebsite,xgboost,class_conditional_cp,100,auprc,10,0.994663257192606,0.9946844404159533,0.0007878053834537933,0.0008577091458038533,0.9942627062600329,0.9951204154058367,0.9931124238493122,0.9960598802295106,0.9941943166205861,0.9951148357123707,across_seed_bootstrap_exploratory
openml_4534_phishingwebsite,xgboost,class_conditional_cp,100,q_minority,10,0.23225013613700868,0.22296768426895142,0.06882037281427926,0.04632590711116791,0.19391870498657227,0.24024461209774017,0.14098167419433594,0.351757287979126,0.1941539500653744,0.2744464382529258,across_seed_bootstrap_exploratory
openml_4534_phishingwebsite,xgboost,class_conditional_cp,100,q_majority,10,0.12749776840209961,0.11829409003257751,0.0356501525078087,0.0463951975107193,0.10856540501117706,0.15496060252189636,0.0797574520111084,0.18423354625701904,0.10748673573136329,0.1490912616252899,across_seed_bootstrap_exploratory
openml_4534_phishingwebsite,xgboost,class_conditional_cp,100,threshold_gap,10,0.10475236773490906,0.10446852445602417,0.04999246216892072,0.06231740117073059,0.07544106245040894,0.13775846362113953,0.0217474102973938,0.1849071979522705,0.07548667192459106,0.13399212658405302,across_seed_bootstrap_exploratory
openml_4534_phishingwebsite,xgboost,class_conditional_cp,100,threshold_sum,10,0.35974790453910827,0.33295127749443054,0.09754541456440607,0.11719672381877899,0.2843562215566635,0.4015529453754425,0.2602159380912781,0.528371274471283,0.3062386691570282,0.4207025322318077,across_seed_bootstrap_exploratory
openml_4534_phishingwebsite,tabpfn,global_split_cp,10,coverage_minority,10,0.8611224489795918,0.8642857142857143,0.026943628024440974,0.024489795918367308,0.8459183673469388,0.8704081632653061,0.813265306122449,0.9142857142857143,0.8458163265306122,0.8773469387755102,across_seed_bootstrap_exploratory
openml_4534_phishingwebsite,tabpfn,global_split_cp,10,coverage_majority,10,0.8948009748172219,0.8858651502843217,0.028472757381514027,0.0331031681559707,0.8785540211210399,0.9116571892770106,0.8529650690495532,0.9528838342810723,0.8787956945572704,0.9122664500406173,across_seed_bootstrap_exploratory
openml_4534_phishingwebsite,tabpfn,global_split_cp,10,coverage_disparity,10,0.03367852583762994,0.03632023077305657,0.014431101921380588,0.019004169498831186,0.020663058074570195,0.03966722757340138,0.014862646927170542,0.056827865183441406,0.025305971169946446,0.04216465168520698,across_seed_bootstrap_exploratory
openml_4534_phishingwebsite,tabpfn,global_split_cp,10,singleton_rate,10,0.8825418362731796,0.8760741745816373,0.027897815535180292,0.025214834916327367,0.8697421981004071,0.8949570330167345,0.8371777476255088,0.9412030755314338,0.866847580280416,0.8996834011759385,across_seed_bootstrap_exploratory
openml_4534_phishingwebsite,tabpfn,global_split_cp,10,average_set_size,10,0.8825418362731796,0.8760741745816373,0.027897815535180292,0.025214834916327367,0.8697421981004071,0.8949570330167345,0.8371777476255088,0.9412030755314338,0.8668928086838534,0.9000452284034374,across_seed_bootstrap_exploratory
openml_4534_phishingwebsite,tabpfn,global_split_cp,10,empty_rate,10,0.11745816372682046,0.12392582541836272,0.027897815535180275,0.02521483491632745,0.10504296698326548,0.13025780189959293,0.05879692446856626,0.1628222523744912,0.09990841248303933,0.13274536408864765,across_seed_bootstrap_exploratory
openml_4534_phishingwebsite,tabpfn,global_split_cp,10,doubleton_rate,10,0.0,0.0,0.0,0.0,0.0,0.0,0.0,0.0,0.0,0.0,across_seed_bootstrap_exploratory
openml_4534_phishingwebsite,tabpfn,global_split_cp,10,coverage_overall,10,0.8798733604703755,0.8740388964269561,0.026865316309672316,0.022274988692899234,0.8686114880144731,0.8908864767073723,0.8353686114880144,0.9357756671189507,0.864676616915423,0.8965174129353233,across_seed_bootstrap_exploratory
openml_4534_phishingwebsite,tabpfn,global_split_cp,10,auroc,10,0.9975363484142641,0.9975907259735739,0.000622607181272445,0.0007787761733449861,0.9972121139276182,0.9979908901009632,0.9965437921716209,0.9984370596329515,0.9971563686400637,0.9978916738506938,across_seed_bootstrap_exploratory
openml_4534_phishingwebsite,tabpfn,global_split_cp,10,auprc,10,0.9970507506582713,0.9970748401640355,0.000711725611639488,0.0007867825731996403,0.9967558066243044,0.997542589197504,0.9957887654372044,0.9980853849213093,0.9966175632660044,0.9974573057488267,across_seed_bootstrap_exploratory
openml_4534_phishingwebsite,tabpfn,global_split_cp,10,q_global,10,0.03750137686729431,0.028582781553268433,0.027317139090013386,0.013244569301605225,0.023920804262161255,0.03716537356376648,0.014757752418518066,0.10610753297805786,0.024232467859983443,0.055710208266973475,across_seed_bootstrap_exploratory
openml_4534_phishingwebsite,tabpfn,global_split_cp,20,coverage_minority,10,0.8637755102040817,0.8653061224489795,0.026527341504301784,0.027040816326530548,0.849234693877551,0.8762755102040816,0.8193877551020409,0.9142857142857143,0.8484693877551021,0.8792857142857142,across_seed_bootstrap_exploratory
openml_4534_phishingwebsite,tabpfn,global_split_cp,20,coverage_majority,10,0.8965069049553207,0.88748984565394,0.02784508574730688,0.03452477660438669,0.8797725426482534,0.9142973192526401,0.8562144597887896,0.9528838342810723,0.881072298943948,0.9135662063363119,across_seed_bootstrap_exploratory
openml_4534_phishingwebsite,tabpfn,global_split_cp,20,coverage_disparity,10,0.03273139475123924,0.03771241234105338,0.012478541836530486,0.017598932343042745,0.021740454914703528,0.03933938725774627,0.015090601634642486,0.05238979426051493,0.025148543576650806,0.03986117972778061,across_seed_bootstrap_exploratory
openml_4534_phishingwebsite,tabpfn,global_split_cp,20,singleton_rate,10,0.8848032564450475,0.8817277250113071,0.027605427323508423,0.03301673450927178,0.8680461329715061,0.9010628674807779,0.8417005879692447,0.9412030755314338,0.8694255992763456,0.9018543645409316,across_seed_bootstrap_exploratory
openml_4534_phishingwebsite,tabpfn,global_split_cp,20,average_set_size,10,0.8848032564450475,0.8817277250113071,0.027605427323508423,0.03301673450927178,0.8680461329715061,0.9010628674807779,0.8417005879692447,0.9412030755314338,0.8690185436454094,0.9016734509271822,across_seed_bootstrap_exploratory
openml_4534_phishingwebsite,tabpfn,global_split_cp,20,empty_rate,10,0.1151967435549525,0.1182722749886929,0.027605427323508427,0.033016734509271825,0.09893713251922208,0.1319538670284939,0.05879692446856626,0.15829941203075532,0.09832654907281772,0.13057440072365445,across_seed_bootstrap_exploratory
openml_4534_phishingwebsite,tabpfn,global_split_cp,20,doubleton_rate,10,0.0,0.0,0.0,0.0,0.0,0.0,0.0,0.0,0.0,0.0,across_seed_bootstrap_exploratory
openml_4534_phishingwebsite,tabpfn,global_split_cp,20,coverage_overall,10,0.8819990954319312,0.8799185888738128,0.026554932258612808,0.03075531433740397,0.8655585707824514,0.8963138851198553,0.8398914518317503,0.9357756671189507,0.8671189507010404,0.8982813206693804,across_seed_bootstrap_exploratory
openml_4534_phishingwebsite,tabpfn,global_split_cp,20,auroc,10,0.9975363484142641,0.9975907259735739,0.000622607181272445,0.0007787761733449861,0.9972121139276182,0.9979908901009632,0.9965437921716209,0.9984370596329515,0.9971639118685655,0.997890757887233,across_seed_bootstrap_exploratory
openml_4534_phishingwebsite,tabpfn,global_split_cp,20,auprc,10,0.9970507506582713,0.9970748401640355,0.000711725611639488,0.0007867825731996403,0.9967558066243044,0.997542589197504,0.9957887654372044,0.9980853849213093,0.9966145503618317,0.9974501394759014,across_seed_bootstrap_exploratory
openml_4534_phishingwebsite,tabpfn,global_split_cp,20,q_global,10,0.03847223520278931,0.028908908367156982,0.027010694567354755,0.015521377325057983,0.024268686771392822,0.039790064096450806,0.01618248224258423,0.10610753297805786,0.025212019234895706,0.05619926005601881,across_seed_bootstrap_exploratory
openml_4534_phishingwebsite,tabpfn,global_split_cp,50,coverage_minority,10,0.8676530612244898,0.8668367346938776,0.024804525255206815,0.02678571428571419,0.8553571428571429,0.8821428571428571,0.8306122448979592,0.9142857142857143,0.853265306122449,0.8824489795918368,across_seed_bootstrap_exploratory
openml_4534_phishingwebsite,tabpfn,global_split_cp,50,coverage_majority,10,0.8992688870836718,0.88748984565394,0.027978535289660416,0.035540211210398076,0.8832250203086921,0.9187652315190902,0.8627132412672623,0.9528838342810723,0.883834281072299,0.9166531275385864,across_seed_bootstrap_exploratory
openml_4534_phishingwebsite,tabpfn,global_split_cp,50,coverage_disparity,10,0.031615825859182003,0.035567565775294685,0.012657004832670543,0.01932268439463522,0.01945448366186439,0.03877716805649961,0.015090601634642486,0.05240968848953065,0.02416974129213016,0.03893690213697176,across_seed_bootstrap_exploratory
openml_4534_phishingwebsite,tabpfn,global_split_cp,50,singleton_rate,10,0.8881953867028495,0.88082315694256,0.02708741294956452,0.03437358661239254,0.8722297602894618,0.9066033469018543,0.8530076888285844,0.9412030755314338,0.8731795567616464,0.9047489823609226,across_seed_bootstrap_exploratory
openml_4534_phishingwebsite,tabpfn,global_split_cp,50,average_set_size,10,0.8881953867028495,0.88082315694256,0.02708741294956452,0.03437358661239254,0.8722297602894618,0.9066033469018543,0.8530076888285844,0.9412030755314338,0.873270013568521,0.9049298959746721,across_seed_bootstrap_exploratory
openml_4534_phishingwebsite,tabpfn,global_split_cp,50,empty_rate,10,0.1118046132971506,0.11917684305744007,0.0270874129495645,0.03437358661239258,0.09339665309814564,0.12777023971053822,0.05879692446856626,0.14699231117141565,0.09520578923563998,0.12686567164179102,across_seed_bootstrap_exploratory
openml_4534_phishingwebsite,tabpfn,global_split_cp,50,doubleton_rate,10,0.0,0.0,0.0,0.0,0.0,0.0,0.0,0.0,0.0,0.0,across_seed_bootstrap_exploratory
openml_4534_phishingwebsite,tabpfn,global_split_cp,50,coverage_overall,10,0.8852555404794211,0.8790140208050656,0.025865172741945497,0.030981456354590597,0.8708729081863411,0.9018543645409317,0.85119855269109,0.9357756671189507,0.8709633649932156,0.9012211668928087,across_seed_bootstrap_exploratory
openml_4534_phishingwebsite,tabpfn,global_split_cp,50,auroc,10,0.9975363484142641,0.9975907259735739,0.000622607181272445,0.0007787761733449861,0.9972121139276182,0.9979908901009632,0.9965437921716209,0.9984370596329515,0.9971637450471661,0.9978896782108457,across_seed_bootstrap_exploratory
openml_4534_phishingwebsite,tabpfn,global_split_cp,50,auprc,10,0.9970507506582713,0.9970748401640355,0.000711725611639488,0.0007867825731996403,0.9967558066243044,0.997542589197504,0.9957887654372044,0.9980853849213093,0.9966146268221652,0.99745147107059,across_seed_bootstrap_exploratory
openml_4534_phishingwebsite,tabpfn,global_split_cp,50,q_global,10,0.04194192886352539,0.02944663166999817,0.02800733212560995,0.021359026432037354,0.02427506446838379,0.04563409090042114,0.022479116916656494,0.10610753297805786,0.02746497854590416,0.06030860751867294,across_seed_bootstrap_exploratory
openml_4534_phishingwebsite,tabpfn,global_split_cp,100,coverage_minority,10,0.8696938775510205,0.8714285714285714,0.023164488964452015,0.031632653061224425,0.851530612244898,0.8831632653061224,0.8418367346938775,0.9163265306122449,0.8569362244897959,0.8837755102040816,across_seed_bootstrap_exploratory
openml_4534_phishingwebsite,tabpfn,global_split_cp,100,coverage_majority,10,0.9020308692120228,0.89642567018684,0.026409838440913262,0.03269699431356621,0.8868805848903331,0.9195775792038993,0.8700243704305443,0.9553208773354996,0.8872461413484972,0.9183590576766856,across_seed_bootstrap_exploratory
openml_4534_phishingwebsite,tabpfn,global_split_cp,100,coverage_disparity,10,0.03233699166100236,0.03458694607006085,0.011805708080679761,0.016157429665611123,0.021715587128433883,0.037873016794045006,0.017279795752582094,0.05580745702017609,0.02567953505528942,0.039496379664782276,across_seed_bootstrap_exploratory
openml_4534_phishingwebsite,tabpfn,global_split_cp,100,singleton_rate,10,0.8907281772953415,0.8855721393034826,0.02569868525936956,0.031094527363184077,0.8757349615558571,0.9068294889190411,0.8611488014473089,0.9439167797376753,0.876797829036635,0.906829488919041,across_seed_bootstrap_exploratory
openml_4534_phishingwebsite,tabpfn,global_split_cp,100,average_set_size,10,0.8907281772953415,0.8855721393034826,0.02569868525936956,0.031094527363184077,0.8757349615558571,0.9068294889190411,0.8611488014473089,0.9439167797376753,0.8767526006331977,0.9067853912256896,across_seed_bootstrap_exploratory
openml_4534_phishingwebsite,tabpfn,global_split_cp,100,empty_rate,10,0.10927182270465854,0.11442786069651742,0.025698685259369553,0.03109452736318409,0.09317051108095883,0.12426503844414293,0.05608322026232474,0.1388511985526911,0.09339665309814564,0.12342831298055179,across_seed_bootstrap_exploratory
openml_4534_phishingwebsite,tabpfn,global_split_cp,100,doubleton_rate,10,0.0,0.0,0.0,0.0,0.0,0.0,0.0,0.0,0.0,0.0,across_seed_bootstrap_exploratory
openml_4534_phishingwebsite,tabpfn,global_split_cp,100,coverage_overall,10,0.8876978742650385,0.8837630031659882,0.02432640697788718,0.031094527363184077,0.8718905472636816,0.9029850746268657,0.8593396653098145,0.9380370872908186,0.8742650384441429,0.9028505201266394,across_seed_bootstrap_exploratory
openml_4534_phishingwebsite,tabpfn,global_split_cp,100,auroc,10,0.9975363484142641,0.9975907259735739,0.000622607181272445,0.0007787761733449861,0.9972121139276182,0.9979908901009632,0.9965437921716209,0.9984370596329515,0.9971637025646979,0.9978935327177176,across_seed_bootstrap_exploratory
openml_4534_phishingwebsite,tabpfn,global_split_cp,100,auprc,10,0.9970507506582713,0.9970748401640355,0.000711725611639488,0.0007867825731996403,0.9967558066243044,0.997542589197504,0.9957887654372044,0.9980853849213093,0.996623090277118,0.9974476930600309,across_seed_bootstrap_exploratory
openml_4534_phishingwebsite,tabpfn,global_split_cp,100,q_global,10,0.04420049786567688,0.0376165509223938,0.028718966147962467,0.022615820169448853,0.025289103388786316,0.04790492355823517,0.01913595199584961,0.11557555198669434,0.029907349199056625,0.06314091071486473,across_seed_bootstrap_exploratory
openml_4534_phishingwebsite,tabpfn,class_conditional_cp,10,coverage_minority,10,0.9013265306122451,0.9168367346938775,0.08288446373289231,0.1188775510204082,0.8528061224489796,0.9716836734693878,0.7755102040816326,1.0,0.8513265306122448,0.9483673469387754,across_seed_bootstrap_exploratory
openml_4534_phishingwebsite,tabpfn,class_conditional_cp,10,coverage_majority,10,0.8943135662063362,0.8907392363931763,0.03059351663974388,0.037571080422420744,0.8767262388302194,0.9142973192526401,0.851340373679935,0.9528838342810723,0.8768480909829407,0.9128350934199837,across_seed_bootstrap_exploratory
openml_4534_phishingwebsite,tabpfn,class_conditional_cp,10,coverage_disparity,10,0.08144539863061391,0.09493940549412294,0.04913086686742577,0.08249639417099089,0.04060142741093187,0.12309782158192276,0.007985875097398787,0.13335350387108547,0.05177411139110395,0.10963560196621296,across_seed_bootstrap_exploratory
openml_4534_phishingwebsite,tabpfn,class_conditional_cp,10,singleton_rate,10,0.9085029398462234,0.912483039348711,0.04305288426269864,0.05823156942559926,0.8813885119855269,0.9396200814111262,0.845771144278607,0.9665309814563546,0.8829477611940298,0.9331071913161466,across_seed_bootstrap_exploratory
openml_4534_phishingwebsite,tabpfn,class_conditional_cp,10,average_set_size,10,0.9151967435549524,0.912483039348711,0.056256510458819214,0.05823156942559926,0.8813885119855269,0.9396200814111262,0.845771144278607,1.0334690185436455,0.8844414292175486,0.9498880597014923,across_seed_bootstrap_exploratory
openml_4534_phishingwebsite,tabpfn,class_conditional_cp,10,empty_rate,10,0.08815015829941203,0.08751696065128901,0.048960753527113855,0.058231569425599275,0.060379918588873815,0.11861148801447309,0.0,0.15422885572139303,0.059158751696065125,0.11664405246494798,across_seed_bootstrap_exploratory
openml_4534_phishingwebsite,tabpfn,class_conditional_cp,10,doubleton_rate,10,0.003346901854364541,0.0,0.010583832964833109,0.0,0.0,0.0,0.0,0.03346901854364541,0.0,0.010040705563093623,across_seed_bootstrap_exploratory
openml_4534_phishingwebsite,tabpfn,class_conditional_cp,10,coverage_overall,10,0.8974219810040704,0.9077340569877883,0.03413258155030147,0.03392130257801895,0.8792401628222524,0.9131614654002713,0.8448665762098598,0.9493441881501583,0.876796698326549,0.916915422885572,across_seed_bootstrap_exploratory
openml_4534_phishingwebsite,tabpfn,class_conditional_cp,10,auroc,10,0.9975363484142641,0.9975907259735739,0.000622607181272445,0.0007787761733449861,0.9972121139276182,0.9979908901009632,0.9965437921716209,0.9984370596329515,0.9971602200384624,0.9978876079676389,across_seed_bootstrap_exploratory
openml_4534_phishingwebsite,tabpfn,class_conditional_cp,10,auprc,10,0.9970507506582713,0.9970748401640355,0.000711725611639488,0.0007867825731996403,0.9967558066243044,0.997542589197504,0.9957887654372044,0.9980853849213093,0.996623807540131,0.9974541299777668,across_seed_bootstrap_exploratory
openml_4534_phishingwebsite,tabpfn,class_conditional_cp,10,q_minority,10,0.31085610087029636,0.14088428020477295,0.36757965990713637,0.5371671766042709,0.024708569049835205,0.5618757456541061,0.004890918731689453,0.9955691690556705,0.11264060348272324,0.5399973356979898,across_seed_bootstrap_exploratory
openml_4534_phishingwebsite,tabpfn,class_conditional_cp,10,q_majority,10,0.03750669360160828,0.03327682614326477,0.028132428036692494,0.022319257259368896,0.01715467870235443,0.03947393596172333,0.013063967227935791,0.10610753297805786,0.023395299613475803,0.05619415909051895,across_seed_bootstrap_exploratory
openml_4534_phishingwebsite,tabpfn,class_conditional_cp,10,threshold_gap,10,0.28879839475266633,0.10929793119430542,0.3657098399369163,0.504005566239357,0.020231619477272034,0.524237185716629,0.0006737709045410156,0.9793866868130863,0.09221326708793641,0.5177281256846615,across_seed_bootstrap_exploratory
openml_4534_phishingwebsite,tabpfn,class_conditional_cp,10,threshold_sum,10,0.34836279447190466,0.18069887161254883,0.35835627695670574,0.5360694825649261,0.0634448230266571,0.5995143055915833,0.03527134656906128,1.0117516512982547,0.1516149525344372,0.5713676919613498,across_seed_bootstrap_exploratory
openml_4534_phishingwebsite,tabpfn,class_conditional_cp,20,coverage_minority,10,0.9051020408163266,0.9301020408163265,0.06722313915102286,0.07704081632653059,0.8734693877551021,0.9505102040816327,0.7704081632653061,0.9724489795918367,0.8633673469387755,0.9419413265306121,across_seed_bootstrap_exploratory
openml_4534_phishingwebsite,tabpfn,class_conditional_cp,20,coverage_majority,10,0.8943135662063362,0.8907392363931763,0.03059351663974388,0.037571080422420744,0.8767262388302194,0.9142973192526401,0.851340373679935,0.9528838342810723,0.8773354995938261,0.9131600324939072,across_seed_bootstrap_exploratory
openml_4534_phishingwebsite,tabpfn,class_conditional_cp,20,coverage_disparity,10,0.07620915466105208,0.07481100482435049,0.03969022593937245,0.044598924053780686,0.06258931679901861,0.1071882408527993,0.0024387009068452814,0.12723602844874748,0.05213185107511729,0.09864820786153616,across_seed_bootstrap_exploratory
openml_4534_phishingwebsite,tabpfn,class_conditional_cp,20,singleton_rate,10,0.9055630936227951,0.9158751696065129,0.02712849757436621,0.027928539122568985,0.8952962460425147,0.9232247851650837,0.8421528720036183,0.9294436906377205,0.8881942559927634,0.9192220714608774,across_seed_bootstrap_exploratory
openml_4534_phishingwebsite,tabpfn,class_conditional_cp,20,average_set_size,10,0.9055630936227951,0.9158751696065129,0.02712849757436621,0.027928539122568985,0.8952962460425147,0.9232247851650837,0.8421528720036183,0.9294436906377205,0.8880597014925373,0.9193588873812755,across_seed_bootstrap_exploratory
openml_4534_phishingwebsite,tabpfn,class_conditional_cp,20,empty_rate,10,0.0944369063772049,0.08412483039348712,0.02712849757436621,0.027928539122568957,0.07677521483491634,0.1047037539574853,0.07055630936227951,0.15784712799638173,0.08046132971506106,0.11166892808683852,across_seed_bootstrap_exploratory
openml_4534_phishingwebsite,tabpfn,class_conditional_cp,20,doubleton_rate,10,0.0,0.0,0.0,0.0,0.0,0.0,0.0,0.0,0.0,0.0,across_seed_bootstrap_exploratory
openml_4534_phishingwebsite,tabpfn,class_conditional_cp,20,coverage_overall,10,0.8990954319312529,0.9088647670737222,0.023973850803069345,0.018995929443690662,0.8921302578018996,0.9111261872455902,0.841248303934871,0.9203980099502488,0.8834464043419267,0.9111714156490276,across_seed_bootstrap_exploratory
openml_4534_phishingwebsite,tabpfn,class_conditional_cp,20,auroc,10,0.9975363484142641,0.9975907259735739,0.000622607181272445,0.0007787761733449861,0.9972121139276182,0.9979908901009632,0.9965437921716209,0.9984370596329515,0.9971629140486414,0.9978878980918117,across_seed_bootstrap_exploratory
openml_4534_phishingwebsite,tabpfn,class_conditional_cp,20,auprc,10,0.9970507506582713,0.9970748401640355,0.000711725611639488,0.0007867825731996403,0.9967558066243044,0.997542589197504,0.9957887654372044,0.9980853849213093,0.99661815376191,0.9974499277135281,across_seed_bootstrap_exploratory
openml_4534_phishingwebsite,tabpfn,class_conditional_cp,20,q_minority,10,0.1906053304672241,0.15889021754264832,0.19858239151067825,0.18158577382564545,0.0383165180683136,0.21990229189395905,0.00504070520401001,0.6010281443595886,0.08554575890302658,0.3171195562183856,across_seed_bootstrap_exploratory
openml_4534_phishingwebsite,tabpfn,class_conditional_cp,20,q_majority,10,0.03750669360160828,0.03327682614326477,0.028132428036692494,0.022319257259368896,0.01715467870235443,0.03947393596172333,0.013063967227935791,0.10610753297805786,0.023214050382375718,0.05601735427975654,across_seed_bootstrap_exploratory
openml_4534_phishingwebsite,tabpfn,class_conditional_cp,20,threshold_gap,10,0.18015246987342834,0.12100830674171448,0.19208391083889384,0.15741634368896484,0.04533126950263977,0.20274761319160461,0.005711197853088379,0.5879641771316528,0.07825772166252136,0.30258914157748196,across_seed_bootstrap_exploratory
openml_4534_phishingwebsite,tabpfn,class_conditional_cp,20,threshold_sum,10,0.2281120240688324,0.18926078081130981,0.18313684558996213,0.1437532752752304,0.09705936908721924,0.24081264436244965,0.04416465759277344,0.6140921115875244,0.13095444351434707,0.3456765592098236,across_seed_bootstrap_exploratory
openml_4534_phishingwebsite,tabpfn,class_conditional_cp,50,coverage_minority,10,0.8998979591836737,0.911734693877551,0.05395087517208555,0.03801020408163258,0.8841836734693878,0.9221938775510203,0.7704081632653061,0.960204081632653,0.8658163265306122,0.9279591836734694,across_seed_bootstrap_exploratory
openml_4534_phishingwebsite,tabpfn,class_conditional_cp,50,coverage_majority,10,0.8943135662063362,0.8907392363931763,0.03059351663974388,0.037571080422420744,0.8767262388302194,0.9142973192526401,0.851340373679935,0.9528838342810723,0.8767668562144598,0.9130787977254264,across_seed_bootstrap_exploratory
openml_4534_phishingwebsite,tabpfn,class_conditional_cp,50,coverage_disparity,10,0.04935037053001541,0.03848621495714455,0.03413403216568212,0.025609260763606756,0.03159120675077509,0.05720046751438185,0.011385301480462129,0.12723602844874748,0.03151497247964985,0.07153525630398379,across_seed_bootstrap_exploratory
openml_4534_phishingwebsite,tabpfn,class_conditional_cp,50,singleton_rate,10,0.9007236544549977,0.905924920850294,0.032258876700453264,0.03606965174129351,0.8819538670284939,0.9180235187697874,0.8421528720036183,0.9484396200814111,0.8811849841700589,0.9191316146540027,across_seed_bootstrap_exploratory
openml_4534_phishingwebsite,tabpfn,class_conditional_cp,50,average_set_size,10,0.9007236544549977,0.905924920850294,0.032258876700453264,0.03606965174129351,0.8819538670284939,0.9180235187697874,0.8421528720036183,0.9484396200814111,0.8813658977838082,0.9192672998643149,across_seed_bootstrap_exploratory
openml_4534_phishingwebsite,tabpfn,class_conditional_cp,50,empty_rate,10,0.09927634554500227,0.094075079149706,0.032258876700453284,0.036069651741293535,0.08197648123021256,0.1180461329715061,0.051560379918588875,0.15784712799638173,0.0806863410221619,0.1185447761194029,across_seed_bootstrap_exploratory
openml_4534_phishingwebsite,tabpfn,class_conditional_cp,50,doubleton_rate,10,0.0,0.0,0.0,0.0,0.0,0.0,0.0,0.0,0.0,0.0,across_seed_bootstrap_exploratory
openml_4534_phishingwebsite,tabpfn,class_conditional_cp,50,coverage_overall,10,0.8967887833559475,0.9018543645409317,0.029401786527268846,0.03143374038896418,0.8810492989597467,0.9124830393487109,0.841248303934871,0.9357756671189507,0.8788772048846676,0.9132971506105834,across_seed_bootstrap_exploratory
openml_4534_phishingwebsite,tabpfn,class_conditional_cp,50,auroc,10,0.9975363484142641,0.9975907259735739,0.000622607181272445,0.0007787761733449861,0.9972121139276182,0.9979908901009632,0.9965437921716209,0.9984370596329515,0.9971607961421773,0.9978876908602596,across_seed_bootstrap_exploratory
openml_4534_phishingwebsite,tabpfn,class_conditional_cp,50,auprc,10,0.9970507506582713,0.9970748401640355,0.000711725611639488,0.0007867825731996403,0.9967558066243044,0.997542589197504,0.9957887654372044,0.9980853849213093,0.9966191908799735,0.9974557731510979,across_seed_bootstrap_exploratory
openml_4534_phishingwebsite,tabpfn,class_conditional_cp,50,q_minority,10,0.13132795691490173,0.08800828456878662,0.1345924489312943,0.05470965802669525,0.06325291097164154,0.11796256899833679,0.00504070520401001,0.4479350447654724,0.0642606095969677,0.2175654979050159,across_seed_bootstrap_exploratory
openml_4534_phishingwebsite,tabpfn,class_conditional_cp,50,q_majority,10,0.03750669360160828,0.03327682614326477,0.028132428036692494,0.022319257259368896,0.01715467870235443,0.03947393596172333,0.013063967227935791,0.10610753297805786,0.02328229308128357,0.055901994854211774,across_seed_bootstrap_exploratory
openml_4534_phishingwebsite,tabpfn,class_conditional_cp,50,threshold_gap,10,0.10441654920578003,0.05999371409416199,0.1318291024126911,0.06746873259544373,0.022690698504447937,0.09015943109989166,0.003683328628540039,0.40834444761276245,0.03786360859870911,0.19059628248214722,across_seed_bootstrap_exploratory
openml_4534_phishingwebsite,tabpfn,class_conditional_cp,50,threshold_sum,10,0.16883465051651,0.1248103678226471,0.13453790111517927,0.10113275051116943,0.08292677998542786,0.1840595304965973,0.04416465759277344,0.4875256419181824,0.10072798728942871,0.25551474422216386,across_seed_bootstrap_exploratory
openml_4534_phishingwebsite,tabpfn,class_conditional_cp,100,coverage_minority,10,0.8972448979591837,0.8872448979591836,0.026578754506636843,0.04005102040816322,0.8841836734693878,0.924234693877551,0.8540816326530613,0.9306122448979591,0.8814285714285715,0.9129591836734694,across_seed_bootstrap_exploratory
openml_4534_phishingwebsite,tabpfn,class_conditional_cp,100,coverage_majority,10,0.8943135662063362,0.8907392363931763,0.03059351663974388,0.037571080422420744,0.8767262388302194,0.9142973192526401,0.851340373679935,0.9528838342810723,0.8772542648253452,0.9130787977254263,across_seed_bootstrap_exploratory
openml_4534_phishingwebsite,tabpfn,class_conditional_cp,100,coverage_disparity,10,0.02261567665246439,0.023444105505727897,0.017781605003600903,0.02684581143586598,0.007041313682255995,0.033887125118121975,0.00016081168454373795,0.05081980802068997,0.012154532568510729,0.033189857258906795,across_seed_bootstrap_exploratory
openml_4534_phishingwebsite,tabpfn,class_conditional_cp,100,singleton_rate,10,0.8989597467209407,0.8939393939393939,0.026810267671508296,0.03143374038896429,0.8822930800542741,0.9137268204432384,0.8661239258254184,0.9493441881501583,0.8843057440072364,0.915151515151515,across_seed_bootstrap_exploratory
openml_4534_phishingwebsite,tabpfn,class_conditional_cp,100,average_set_size,10,0.8989597467209407,0.8939393939393939,0.026810267671508296,0.03143374038896429,0.8822930800542741,0.9137268204432384,0.8661239258254184,0.9493441881501583,0.8837630031659882,0.915377657168702,across_seed_bootstrap_exploratory
openml_4534_phishingwebsite,tabpfn,class_conditional_cp,100,empty_rate,10,0.10104025327905926,0.10606060606060606,0.026810267671508303,0.03143374038896428,0.08627317955676164,0.11770691994572592,0.0506558118498417,0.13387607417458164,0.08475802804161015,0.11605608322026233,across_seed_bootstrap_exploratory
openml_4534_phishingwebsite,tabpfn,class_conditional_cp,100,doubleton_rate,10,0.0,0.0,0.0,0.0,0.0,0.0,0.0,0.0,0.0,0.0,across_seed_bootstrap_exploratory
openml_4534_phishingwebsite,tabpfn,class_conditional_cp,100,coverage_overall,10,0.8956128448665762,0.8909995477159656,0.024865843323794455,0.031207598371777445,0.8793532338308457,0.9105608322026232,0.8656716417910447,0.9430122116689281,0.8816813658977838,0.9107643600180912,across_seed_bootstrap_exploratory
openml_4534_phishingwebsite,tabpfn,class_conditional_cp,100,auroc,10,0.9975363484142641,0.9975907259735739,0.000622607181272445,0.0007787761733449861,0.9972121139276182,0.9979908901009632,0.9965437921716209,0.9984370596329515,0.9971544621097831,0.9978927037915085,across_seed_bootstrap_exploratory
openml_4534_phishingwebsite,tabpfn,class_conditional_cp,100,auprc,10,0.9970507506582713,0.9970748401640355,0.000711725611639488,0.0007867825731996403,0.9967558066243044,0.997542589197504,0.9957887654372044,0.9980853849213093,0.9966103826982493,0.9974501452539621,across_seed_bootstrap_exploratory
openml_4534_phishingwebsite,tabpfn,class_conditional_cp,100,q_minority,10,0.08732261657714843,0.06891807913780212,0.050685168408882146,0.08244962990283966,0.04877309501171112,0.13122272491455078,0.02831047773361206,0.17472577095031738,0.05933810129761696,0.11822200670838347,across_seed_bootstrap_exploratory
openml_4534_phishingwebsite,tabpfn,class_conditional_cp,100,q_majority,10,0.03750669360160828,0.03327682614326477,0.028132428036692494,0.022319257259368896,0.01715467870235443,0.03947393596172333,0.013063967227935791,0.10610753297805786,0.02334926500916481,0.0556965996325016,across_seed_bootstrap_exploratory
openml_4534_phishingwebsite,tabpfn,class_conditional_cp,100,threshold_gap,10,0.04981592297554016,0.03388100862503052,0.04122830402665705,0.07500699162483215,0.014453351497650146,0.0894603431224823,0.00921940803527832,0.11014896631240845,0.026552277356386187,0.07481189370155335,across_seed_bootstrap_exploratory
openml_4534_phishingwebsite,tabpfn,class_conditional_cp,100,threshold_sum,10,0.12482931017875672,0.11136466264724731,0.07085948457926002,0.08009776473045349,0.07795590162277222,0.1580536663532257,0.043126046657562256,0.28083330392837524,0.0870861855149269,0.16924886047840115,across_seed_bootstrap_exploratory
openml_23512_higgs,logistic_regression,global_split_cp,10,coverage_minority,10,0.7437533802055165,0.751487290427258,0.023724919351428713,0.023147647376960512,0.7373445105462413,0.7604921579232018,0.6885884261763116,0.7648458626284478,0.7286316928069227,0.756073553272039,across_seed_bootstrap_exploratory
openml_23512_higgs,logistic_regression,global_split_cp,10,coverage_majority,10,0.8900916546068499,0.8943077665219489,0.011599806846068548,0.010805595754944552,0.8856488181379643,0.8964544138929088,0.8668596237337193,0.9037144235407621,0.8829134105161602,0.8963627592860588,across_seed_bootstrap_exploratory
openml_23512_higgs,logistic_regression,global_split_cp,10,coverage_disparity,10,0.14633827440133348,0.14368995691860398,0.013653776520009169,0.013331021814114635,0.13849784384304947,0.1518288656571641,0.13001570319884515,0.17827119755740772,0.13916359529420602,0.1552220345960855,across_seed_bootstrap_exploratory
openml_23512_higgs,logistic_regression,global_split_cp,10,singleton_rate,10,0.5889393166751657,0.57766445690974,0.04007749951471635,0.04034931157572663,0.5625318714941356,0.6028811830698623,0.5489546149923509,0.6740948495665476,0.5675930647628761,0.6146570627231004,across_seed_bootstrap_exploratory
openml_23512_higgs,logistic_regression,global_split_cp,10,average_set_size,10,1.4110606833248345,1.4223355430902602,0.04007749951471638,0.04034931157572674,1.3971188169301376,1.4374681285058644,1.3259051504334523,1.4510453850076492,1.385757266700663,1.4324790922998467,across_seed_bootstrap_exploratory
openml_23512_higgs,logistic_regression,global_split_cp,10,empty_rate,10,0.0,0.0,0.0,0.0,0.0,0.0,0.0,0.0,0.0,0.0,across_seed_bootstrap_exploratory
openml_23512_higgs,logistic_regression,global_split_cp,10,doubleton_rate,10,0.4110606833248343,0.42233554309026006,0.04007749951471636,0.04034931157572663,0.39711881693013773,0.43746812850586436,0.3259051504334523,0.4510453850076492,0.3856806476287608,0.43235594084650686,across_seed_bootstrap_exploratory
openml_23512_higgs,logistic_regression,global_split_cp,10,coverage_overall,10,0.8211014788373279,0.8270015298317185,0.017030206010174312,0.014520652728199912,0.8163564507904131,0.830877103518613,0.7828148903620602,0.8382457929627741,0.8101324579296277,0.8299542325344212,across_seed_bootstrap_exploratory
openml_23512_higgs,logistic_regression,global_split_cp,10,auroc,10,0.6808194455641137,0.6804429924833884,0.0036992405135108093,0.0027064472340949663,0.6794747737854936,0.6821812210195886,0.6733834197283208,0.686135575559154,0.6785923851095376,0.6829778368093521,across_seed_bootstrap_exploratory
openml_23512_higgs,logistic_regression,global_split_cp,10,auprc,10,0.6608653937224654,0.6597877013250103,0.0036743647849694586,0.006177716471662098,0.6582496119742491,0.6644273284459112,0.6558416427755593,0.6660330785860884,0.6587632727416266,0.6630367094200302,across_seed_bootstrap_exploratory
openml_23512_higgs,logistic_regression,global_split_cp,10,q_global,10,0.5837359751117018,0.5863148540290365,0.00872457314702145,0.009237677467603178,0.5802416131168926,0.5894792905844958,0.5647462335510165,0.5929577384344163,0.5781707459363251,0.5884125165304528,across_seed_bootstrap_exploratory
openml_23512_higgs,logistic_regression,global_split_cp,20,coverage_minority,10,0.7594050838290969,0.7611141157382368,0.0302477730967323,0.025932936722552813,0.7403731746890211,0.7663061114115739,0.7080584099513251,0.813953488372093,0.7417728501892914,0.7775232558139534,across_seed_bootstrap_exploratory
openml_23512_higgs,logistic_regression,global_split_cp,20,coverage_majority,10,0.8978581765557164,0.8972021225277376,0.014097685796966797,0.0158948383984564,0.887867824409069,0.9037626628075254,0.8776652194886637,0.9263868789194404,0.8898984563434637,0.9064351181862037,across_seed_bootstrap_exploratory
openml_23512_higgs,logistic_regression,global_split_cp,20,coverage_disparity,10,0.13845309272661951,0.13761731416598638,0.01718095096542934,0.010910227220252061,0.13514229279226042,0.14605252001251248,0.11243339054734736,0.16960680953733864,0.12828028448905376,0.14855229159997566,across_seed_bootstrap_exploratory
openml_23512_higgs,logistic_regression,global_split_cp,20,singleton_rate,10,0.558556858745538,0.5626721060683325,0.05503061657958494,0.05744518103008667,0.5399031106578277,0.5973482916879144,0.4510453850076492,0.6372259051504334,0.5248646098929117,0.5889655787863335,across_seed_bootstrap_exploratory
openml_23512_higgs,logistic_regression,global_split_cp,20,average_set_size,10,1.441443141254462,1.4373278939316676,0.055030616579584905,0.05744518103008667,1.4026517083120857,1.4600968893421724,1.3627740948495666,1.5489546149923508,1.4107594339622642,1.4749524477307496,across_seed_bootstrap_exploratory
openml_23512_higgs,logistic_regression,global_split_cp,20,empty_rate,10,0.0,0.0,0.0,0.0,0.0,0.0,0.0,0.0,0.0,0.0,across_seed_bootstrap_exploratory
openml_23512_higgs,logistic_regression,global_split_cp,20,doubleton_rate,10,0.44144314125446205,0.4373278939316675,0.055030616579584954,0.05744518103008678,0.40265170831208563,0.4600968893421724,0.3627740948495666,0.5489546149923509,0.41084612442631313,0.4747835288118307,across_seed_bootstrap_exploratory
openml_23512_higgs,logistic_regression,global_split_cp,20,coverage_overall,10,0.8325854156042837,0.8325854156042836,0.02151345569798206,0.019938806731259473,0.8185619581845998,0.8385007649158592,0.7977052524222336,0.8733809280979092,0.8202396736359001,0.8457522947475778,across_seed_bootstrap_exploratory
openml_23512_higgs,logistic_regression,global_split_cp,20,auroc,10,0.6808194455641137,0.6804429924833884,0.0036992405135108093,0.0027064472340949663,0.6794747737854936,0.6821812210195886,0.6733834197283208,0.686135575559154,0.6785848924478284,0.6829159018694869,across_seed_bootstrap_exploratory
openml_23512_higgs,logistic_regression,global_split_cp,20,auprc,10,0.6608653937224654,0.6597877013250103,0.0036743647849694586,0.006177716471662098,0.6582496119742491,0.6644273284459112,0.6558416427755593,0.6660330785860884,0.6587631498340186,0.6630400715680015,across_seed_bootstrap_exploratory
openml_23512_higgs,logistic_regression,global_split_cp,20,q_global,10,0.5907774564897236,0.589949485122539,0.012309803238161998,0.012670472674353506,0.5824869245475996,0.5951573972219532,0.5729492938630028,0.6153877235885704,0.5839199180059234,0.5982698325866576,across_seed_bootstrap_exploratory
openml_23512_higgs,logistic_regression,global_split_cp,50,coverage_minority,10,0.7924391563007032,0.7974580854515955,0.037166145176565725,0.04943212547322884,0.7702541914548404,0.8196863169280693,0.725797728501893,0.8504056246619794,0.770059221200649,0.8137271498107085,across_seed_bootstrap_exploratory
openml_23512_higgs,logistic_regression,global_split_cp,50,coverage_majority,10,0.9131500241196333,0.920598166907863,0.01730431547058786,0.021056439942112926,0.9004582730342499,0.9215147129763628,0.8855764592378196,0.9414375301495417,0.9029136517124939,0.9233574529667148,across_seed_bootstrap_exploratory
openml_23512_higgs,logistic_regression,global_split_cp,50,coverage_disparity,10,0.1207108678189303,0.12400838825800414,0.020760619092430287,0.026061687821241825,0.10491570912113482,0.13097739694237664,0.09103190548756224,0.15977873073592663,0.1087375635178609,0.1330833662711777,across_seed_bootstrap_exploratory
openml_23512_higgs,logistic_regression,global_split_cp,50,singleton_rate,10,0.49260071392146854,0.478556858745538,0.06969627833432991,0.08838602753697089,0.4504334523202448,0.5388194798572157,0.37644059153493115,0.6077001529831718,0.4523049464558898,0.5333816930137685,across_seed_bootstrap_exploratory
openml_23512_higgs,logistic_regression,global_split_cp,50,average_set_size,10,1.5073992860785312,1.521443141254462,0.06969627833432988,0.08838602753697078,1.4611805201427843,1.549566547679755,1.3922998470168282,1.6235594084650689,1.4660428352881183,1.548690336562978,across_seed_bootstrap_exploratory
openml_23512_higgs,logistic_regression,global_split_cp,50,empty_rate,10,0.0,0.0,0.0,0.0,0.0,0.0,0.0,0.0,0.0,0.0,across_seed_bootstrap_exploratory
openml_23512_higgs,logistic_regression,global_split_cp,50,doubleton_rate,10,0.5073992860785314,0.521443141254462,0.06969627833432991,0.08838602753697095,0.46118052014278427,0.5495665476797552,0.39229984701682813,0.6235594084650689,0.46576721060683324,0.5481744008159103,across_seed_bootstrap_exploratory
openml_23512_higgs,logistic_regression,global_split_cp,50,coverage_overall,10,0.8562417134115247,0.8630035696073433,0.026496911416531918,0.03384752677205516,0.8390744518103008,0.872921978582356,0.8102498725140235,0.898521162672106,0.8403722590515045,0.8714534676185619,across_seed_bootstrap_exploratory
openml_23512_higgs,logistic_regression,global_split_cp,50,auroc,10,0.6808194455641137,0.6804429924833884,0.0036992405135108093,0.0027064472340949663,0.6794747737854936,0.6821812210195886,0.6733834197283208,0.686135575559154,0.6785754418823803,0.6829239048134127,across_seed_bootstrap_exploratory
openml_23512_higgs,logistic_regression,global_split_cp,50,auprc,10,0.6608653937224654,0.6597877013250103,0.0036743647849694586,0.006177716471662098,0.6582496119742491,0.6644273284459112,0.6558416427755593,0.6660330785860884,0.6587762928770188,0.6630669259605309,across_seed_bootstrap_exploratory
openml_23512_higgs,logistic_regression,global_split_cp,50,q_global,10,0.6066854399961283,0.6088804917880782,0.01680555075549133,0.01921782128740135,0.5966433245284628,0.6158611458158642,0.5796121489951517,0.6364082127269595,0.5968645397507574,0.6166736651580684,across_seed_bootstrap_exploratory
openml_23512_higgs,logistic_regression,global_split_cp,100,coverage_minority,10,0.8149486208761492,0.8217955651703623,0.03489660071660583,0.0539751216873986,0.7851270957274202,0.8391022174148188,0.76625202812331,0.8665224445646296,0.7941371011357489,0.8349053542455381,across_seed_bootstrap_exploratory
openml_23512_higgs,logistic_regression,global_split_cp,100,coverage_majority,10,0.9237433671008202,0.9282682103232031,0.01507723493824089,0.022648335745296677,0.9109261939218524,0.933574529667149,0.9005306319343946,0.9414375301495417,0.91475156777617,0.932272069464544,across_seed_bootstrap_exploratory
openml_23512_higgs,logistic_regression,global_split_cp,100,coverage_disparity,10,0.10879474622467078,0.1071479948875248,0.02044686708467303,0.03166446080944396,0.09413463738498823,0.1257990981944322,0.07472212851785953,0.13736591688392596,0.09691463554307785,0.12059091340751588,across_seed_bootstrap_exploratory
openml_23512_higgs,logistic_regression,global_split_cp,100,singleton_rate,10,0.4471290158082611,0.435772565017848,0.06650402300739063,0.10574961754207035,0.39868689444161143,0.5044365119836818,0.35150433452320246,0.5419683834778174,0.40854156042835293,0.48674171341152467,across_seed_bootstrap_exploratory
openml_23512_higgs,logistic_regression,global_split_cp,100,average_set_size,10,1.552870984191739,1.5642274349821519,0.06650402300739067,0.10574961754207024,1.4955634880163182,1.6013131055583885,1.4580316165221825,1.6484956654767975,1.5136051759306475,1.5910967618561958,across_seed_bootstrap_exploratory
openml_23512_higgs,logistic_regression,global_split_cp,100,empty_rate,10,0.0,0.0,0.0,0.0,0.0,0.0,0.0,0.0,0.0,0.0,across_seed_bootstrap_exploratory
openml_23512_higgs,logistic_regression,global_split_cp,100,doubleton_rate,10,0.552870984191739,0.564227434982152,0.06650402300739065,0.10574961754207035,0.4955634880163182,0.6013131055583886,0.45803161652218255,0.6484956654767976,0.5136300356960734,0.5918670321264661,across_seed_bootstrap_exploratory
openml_23512_higgs,logistic_regression,global_split_cp,100,coverage_overall,10,0.8724528301886793,0.8784293727689954,0.024291687638378034,0.03723865374808766,0.8516190719020907,0.8888577256501784,0.8385007649158592,0.9060173380928098,0.8579245283018869,0.8863131055583885,across_seed_bootstrap_exploratory
openml_23512_higgs,logistic_regression,global_split_cp,100,auroc,10,0.6808194455641137,0.6804429924833884,0.0036992405135108093,0.0027064472340949663,0.6794747737854936,0.6821812210195886,0.6733834197283208,0.686135575559154,0.6786521406468133,0.6829431464368295,across_seed_bootstrap_exploratory
openml_23512_higgs,logistic_regression,global_split_cp,100,auprc,10,0.6608653937224654,0.6597877013250103,0.0036743647849694586,0.006177716471662098,0.6582496119742491,0.6644273284459112,0.6558416427755593,0.6660330785860884,0.6587334595187182,0.6630636669787736,across_seed_bootstrap_exploratory
openml_23512_higgs,logistic_regression,global_split_cp,100,q_global,10,0.6180918996947186,0.6203135780024086,0.016781345280543182,0.026973258486126528,0.6036944288428792,0.6306676873290057,0.5942992850007096,0.6416590721459421,0.6080851223311363,0.6277560540745419,across_seed_bootstrap_exploratory
openml_23512_higgs,logistic_regression,class_conditional_cp,10,coverage_minority,10,0.8151757706868578,0.8202812330989724,0.09908541303429959,0.1429421308815576,0.7515413737155219,0.8944835045970795,0.644889129259059,0.9482963764196863,0.7549142779881016,0.8720075716603569,across_seed_bootstrap_exploratory
openml_23512_higgs,logistic_regression,class_conditional_cp,10,coverage_majority,10,0.8863772310660878,0.8840810419681622,0.01316577944821189,0.021104679208876043,0.8760250844187168,0.8971297636275929,0.8687891944042451,0.9081524360829716,0.8789095513748191,0.8940376266280753,across_seed_bootstrap_exploratory
openml_23512_higgs,logistic_regression,class_conditional_cp,10,coverage_disparity,10,0.08873542418856153,0.07102124536619969,0.08094654776342652,0.12398552091494427,0.024159550135573443,0.14814507105051772,0.008033546770565114,0.22390006514518612,0.04326415316345493,0.13820707598819396,across_seed_bootstrap_exploratory
openml_23512_higgs,logistic_regression,class_conditional_cp,10,singleton_rate,10,0.49406425293217754,0.5073686894441611,0.1328872578045116,0.18969913309535952,0.38060938296787356,0.5703085160632331,0.30311065782763896,0.7203977562468129,0.416785951045385,0.5727955124936255,across_seed_bootstrap_exploratory
openml_23512_higgs,logistic_regression,class_conditional_cp,10,average_set_size,10,1.5059357470678225,1.4926313105558389,0.1328872578045116,0.18969913309535968,1.429691483936767,1.6193906170321266,1.279602243753187,1.696889342172361,1.4268560683324836,1.5826315655277918,across_seed_bootstrap_exploratory
openml_23512_higgs,logistic_regression,class_conditional_cp,10,empty_rate,10,0.0,0.0,0.0,0.0,0.0,0.0,0.0,0.0,0.0,0.0,across_seed_bootstrap_exploratory
openml_23512_higgs,logistic_regression,class_conditional_cp,10,doubleton_rate,10,0.5059357470678225,0.49263131055583886,0.1328872578045116,0.18969913309535946,0.4296914839367669,0.6193906170321264,0.27960224375318715,0.6968893421723611,0.42636359000509944,0.5827386537480878,across_seed_bootstrap_exploratory
openml_23512_higgs,logistic_regression,class_conditional_cp,10,coverage_overall,10,0.8528097909229985,0.8500254971953085,0.04807315368741021,0.06234064252932181,0.829844467108618,0.8921851096379398,0.7632330443651199,0.91907190209077,0.8239260581336054,0.8801478837327894,across_seed_bootstrap_exploratory
openml_23512_higgs,logistic_regression,class_conditional_cp,10,auroc,10,0.6808194455641137,0.6804429924833884,0.0036992405135108093,0.0027064472340949663,0.6794747737854936,0.6821812210195886,0.6733834197283208,0.686135575559154,0.6785732156232609,0.6829232317334542,across_seed_bootstrap_exploratory
openml_23512_higgs,logistic_regression,class_conditional_cp,10,auprc,10,0.6608653937224654,0.6597877013250103,0.0036743647849694586,0.006177716471662098,0.6582496119742491,0.6644273284459112,0.6558416427755593,0.6660330785860884,0.6587313059913206,0.6630450482304184,across_seed_bootstrap_exploratory
openml_23512_higgs,logistic_regression,class_conditional_cp,10,q_minority,10,0.6267216915390882,0.6193734881770032,0.055835412084328316,0.08195161044509958,0.5861302978858853,0.6680819083309849,0.5471794968117955,0.7186943575356031,0.5944188753996928,0.6597964900857191,across_seed_bootstrap_exploratory
openml_23512_higgs,logistic_regression,class_conditional_cp,10,q_majority,10,0.5806299351194633,0.5790950745792489,0.010303208264754915,0.0148711577644014,0.574710705451476,0.5895818632158774,0.5665909317817033,0.5965819172730844,0.5747723171698744,0.5867737060318884,across_seed_bootstrap_exploratory
openml_23512_higgs,logistic_regression,class_conditional_cp,10,threshold_gap,10,0.05873980937158761,0.04761420525332832,0.041959590129632775,0.05908356320502886,0.025507374069105304,0.08459093727413416,0.015929831124519733,0.13798709798680853,0.03525860221953868,0.08414432626176198,across_seed_bootstrap_exploratory
openml_23512_higgs,logistic_regression,class_conditional_cp,10,threshold_sum,10,1.2073516266585516,1.1920513233564605,0.056689085164274025,0.07573814141591972,1.177571151519683,1.2533092929356027,1.1137704285934986,1.2994016170843976,1.1743931803171404,1.240518044573421,across_seed_bootstrap_exploratory
openml_23512_higgs,logistic_regression,class_conditional_cp,20,coverage_minority,10,0.883677663601947,0.8888047593293672,0.04806922877252564,0.06387236343969704,0.8531909140075717,0.9170632774472688,0.8054083288263927,0.9482963764196863,0.854947539210384,0.9108818280151433,across_seed_bootstrap_exploratory
openml_23512_higgs,logistic_regression,class_conditional_cp,20,coverage_majority,10,0.8863772310660878,0.8840810419681622,0.01316577944821189,0.021104679208876043,0.8760250844187168,0.8971297636275929,0.8687891944042451,0.9081524360829716,0.8788326097443319,0.8942498794018331,across_seed_bootstrap_exploratory
openml_23512_higgs,logistic_regression,class_conditional_cp,20,coverage_disparity,10,0.034232749113808913,0.02551478915735733,0.02124036973801863,0.03545489576378885,0.01812687631572013,0.05358177207950898,0.00876519739095738,0.06888014198885095,0.022183616546616325,0.047150509903920654,across_seed_bootstrap_exploratory
openml_23512_higgs,logistic_regression,class_conditional_cp,20,singleton_rate,10,0.40208057113717494,0.38819479857215705,0.07876259965855613,0.11577001529831715,0.34106323304436514,0.4568332483426823,0.30311065782763896,0.5305456399796022,0.357194798572157,0.4498833503314635,across_seed_bootstrap_exploratory
openml_23512_higgs,logistic_regression,class_conditional_cp,20,average_set_size,10,1.597919428862825,1.611805201427843,0.0787625996585561,0.11577001529831721,1.5431667516573178,1.658936766955635,1.4694543600203978,1.696889342172361,1.550775114737379,1.642391636919939,across_seed_bootstrap_exploratory
openml_23512_higgs,logistic_regression,class_conditional_cp,20,empty_rate,10,0.0,0.0,0.0,0.0,0.0,0.0,0.0,0.0,0.0,0.0,across_seed_bootstrap_exploratory
openml_23512_higgs,logistic_regression,class_conditional_cp,20,doubleton_rate,10,0.5979194288628251,0.611805201427843,0.07876259965855613,0.11577001529831721,0.5431667516573176,0.6589367669556349,0.46945436002039775,0.6968893421723611,0.5503663946965834,0.6422233554309026,across_seed_bootstrap_exploratory
openml_23512_higgs,logistic_regression,class_conditional_cp,20,coverage_overall,10,0.8851045385007648,0.8907955124936258,0.027314757109700376,0.037531871494135616,0.8667516573176951,0.9042835288118307,0.8418154003059664,0.91907190209077,0.868556858745538,0.9004436511983682,across_seed_bootstrap_exploratory
openml_23512_higgs,logistic_regression,class_conditional_cp,20,auroc,10,0.6808194455641137,0.6804429924833884,0.0036992405135108093,0.0027064472340949663,0.6794747737854936,0.6821812210195886,0.6733834197283208,0.686135575559154,0.6785842282382597,0.6829485380162729,across_seed_bootstrap_exploratory
openml_23512_higgs,logistic_regression,class_conditional_cp,20,auprc,10,0.6608653937224654,0.6597877013250103,0.0036743647849694586,0.006177716471662098,0.6582496119742491,0.6644273284459112,0.6558416427755593,0.6660330785860884,0.6587473180299562,0.6630679174505508,across_seed_bootstrap_exploratory
openml_23512_higgs,logistic_regression,class_conditional_cp,20,q_minority,10,0.664158488476543,0.6647469962334972,0.034166153759492425,0.0461803159681442,0.6395956668745376,0.6857759828426818,0.6133564356479331,0.7186943575356031,0.644237622382852,0.6842636780336246,across_seed_bootstrap_exploratory
openml_23512_higgs,logistic_regression,class_conditional_cp,20,q_majority,10,0.5806299351194633,0.5790950745792489,0.010303208264754915,0.0148711577644014,0.574710705451476,0.5895818632158774,0.5665909317817033,0.5965819172730844,0.5747189252818692,0.5868463133133037,across_seed_bootstrap_exploratory
openml_23512_higgs,logistic_regression,class_conditional_cp,20,threshold_gap,10,0.08352855335707972,0.0783092730488803,0.031466443512902315,0.038669243114652224,0.062409404284396924,0.10107864739904915,0.03881306995014844,0.13798709798680853,0.06575879594258247,0.10247415204409874,across_seed_bootstrap_exploratory
openml_23512_higgs,logistic_regression,class_conditional_cp,20,threshold_sum,10,1.2447884235960067,1.2511847194181143,0.039456650379596496,0.058639356458281,1.2145665015953155,1.2732058580535965,1.1878998013457176,1.2994016170843976,1.2213209738888704,1.267348285947905,across_seed_bootstrap_exploratory
openml_23512_higgs,logistic_regression,class_conditional_cp,50,coverage_minority,10,0.8834288804759328,0.887398593834505,0.03320669074372133,0.024229313142239084,0.8729583558680367,0.8971876690102758,0.8307193077339102,0.930881557598702,0.8631692806922662,0.9021095186587347,across_seed_bootstrap_exploratory
openml_23512_higgs,logistic_regression,class_conditional_cp,50,coverage_majority,10,0.8863772310660878,0.8840810419681622,0.01316577944821189,0.021104679208876043,0.8760250844187168,0.8971297636275929,0.8687891944042451,0.9081524360829716,0.8787168355041004,0.8941246985045828,across_seed_bootstrap_exploratory
openml_23512_higgs,logistic_regression,class_conditional_cp,50,coverage_disparity,10,0.019511486763421758,0.013952523064970135,0.016788786338284935,0.03014758502333814,0.006159220365788837,0.03630680538912698,0.0010864140327478955,0.043569163081333406,0.010215761926043412,0.02975683561367573,across_seed_bootstrap_exploratory
openml_23512_higgs,logistic_regression,class_conditional_cp,50,singleton_rate,10,0.4027078021417644,0.38946965833758285,0.0598921414678283,0.05707547169811317,0.37280724120346764,0.4298827129015808,0.30800611932687405,0.4969403365629781,0.36938245792962776,0.43864431412544613,across_seed_bootstrap_exploratory
openml_23512_higgs,logistic_regression,class_conditional_cp,50,average_set_size,10,1.5972921978582355,1.6105303416624173,0.059892141467828335,0.057075471698113445,1.570117287098419,1.6271927587965325,1.503059663437022,1.691993880673126,1.5612289648138706,1.6313054563997962,across_seed_bootstrap_exploratory
openml_23512_higgs,logistic_regression,class_conditional_cp,50,empty_rate,10,0.0,0.0,0.0,0.0,0.0,0.0,0.0,0.0,0.0,0.0,across_seed_bootstrap_exploratory
openml_23512_higgs,logistic_regression,class_conditional_cp,50,doubleton_rate,10,0.5972921978582355,0.6105303416624172,0.05989214146782829,0.05707547169811311,0.5701172870984192,0.6271927587965324,0.5030596634370219,0.691993880673126,0.5610395206527282,0.6308822029576746,across_seed_bootstrap_exploratory
openml_23512_higgs,logistic_regression,class_conditional_cp,50,coverage_overall,10,0.8849872514023458,0.8889087200407955,0.020934136951819563,0.02266700662927079,0.8732151963284038,0.8958822029576746,0.8526262111167772,0.9188679245283019,0.8722740948495664,0.8969560173380927,across_seed_bootstrap_exploratory
openml_23512_higgs,logistic_regression,class_conditional_cp,50,auroc,10,0.6808194455641137,0.6804429924833884,0.0036992405135108093,0.0027064472340949663,0.6794747737854936,0.6821812210195886,0.6733834197283208,0.686135575559154,0.6785752535953123,0.6829311505391239,across_seed_bootstrap_exploratory
openml_23512_higgs,logistic_regression,class_conditional_cp,50,auprc,10,0.6608653937224654,0.6597877013250103,0.0036743647849694586,0.006177716471662098,0.6582496119742491,0.6644273284459112,0.6558416427755593,0.6660330785860884,0.6587524817878397,0.6630849243151935,across_seed_bootstrap_exploratory
openml_23512_higgs,logistic_regression,class_conditional_cp,50,q_minority,10,0.6614951992026274,0.6637586652854831,0.02225020737066158,0.015236277423868572,0.6546027247107501,0.6698390021346187,0.6262228845101911,0.6970191819937006,0.6480394520046937,0.6742435908876573,across_seed_bootstrap_exploratory
openml_23512_higgs,logistic_regression,class_conditional_cp,50,q_majority,10,0.5806299351194633,0.5790950745792489,0.010303208264754915,0.0148711577644014,0.574710705451476,0.5895818632158774,0.5665909317817033,0.5965819172730844,0.5746964551038054,0.5868435704643262,across_seed_bootstrap_exploratory
openml_23512_higgs,logistic_regression,class_conditional_cp,50,threshold_gap,10,0.08086526408316404,0.08280997660685835,0.017972054001219796,0.023558834676547707,0.06969380903646,0.0932526437130077,0.05282490099512793,0.10702678395730059,0.07027013748095934,0.09135179590421795,across_seed_bootstrap_exploratory
openml_23512_higgs,logistic_regression,class_conditional_cp,50,threshold_sum,10,1.242125134322091,1.2476582472043152,0.029655706569662998,0.033402589502818714,1.2246297690297765,1.2580323585325952,1.1951980846597563,1.293601099266785,1.2243582759679061,1.2593800803182866,across_seed_bootstrap_exploratory
openml_23512_higgs,logistic_regression,class_conditional_cp,100,coverage_minority,10,0.8949702541914549,0.8996214169821526,0.021628627579362316,0.03396430502974579,0.8775013520822066,0.9114656571119524,0.8647917793401839,0.9275283937263386,0.8822065981611683,0.9074743104380746,across_seed_bootstrap_exploratory
openml_23512_higgs,logistic_regression,class_conditional_cp,100,coverage_majority,10,0.8863772310660878,0.8840810419681622,0.01316577944821189,0.021104679208876043,0.8760250844187168,0.8971297636275929,0.8687891944042451,0.9081524360829716,0.8788519054510371,0.8943077665219489,across_seed_bootstrap_exploratory
openml_23512_higgs,logistic_regression,class_conditional_cp,100,coverage_disparity,10,0.019879143548213296,0.012090967412536013,0.01814631929836129,0.031525704432872836,0.00558311463909128,0.037108819071964116,0.0027831108822201633,0.04629346849720206,0.009816709048867212,0.030652540701392138,across_seed_bootstrap_exploratory
openml_23512_higgs,logistic_regression,class_conditional_cp,100,singleton_rate,10,0.38693523712391636,0.37728199898011217,0.034768708660091775,0.051185619581845976,0.3581463539010709,0.4093319734829169,0.34614992350841406,0.444416114227435,0.3676693013768485,0.4080370984191739,across_seed_bootstrap_exploratory
openml_23512_higgs,logistic_regression,class_conditional_cp,100,average_set_size,10,1.6130647628760837,1.6227180010198876,0.034768708660091775,0.05118561958184609,1.5906680265170832,1.6418536460989293,1.555583885772565,1.653850076491586,1.5921876593574706,1.6324838092809788,across_seed_bootstrap_exploratory
openml_23512_higgs,logistic_regression,class_conditional_cp,100,empty_rate,10,0.0,0.0,0.0,0.0,0.0,0.0,0.0,0.0,0.0,0.0,across_seed_bootstrap_exploratory
openml_23512_higgs,logistic_regression,class_conditional_cp,100,doubleton_rate,10,0.6130647628760836,0.6227180010198878,0.03476870866009176,0.051185619581845976,0.5906680265170832,0.6418536460989291,0.555583885772565,0.6538500764915859,0.5918304436511983,0.6327895206527282,across_seed_bootstrap_exploratory
openml_23512_higgs,logistic_regression,class_conditional_cp,100,coverage_overall,10,0.8904283528811832,0.8922233554309026,0.011880028344919939,0.014737378888322383,0.8849694033656297,0.8997067822539521,0.869811320754717,0.90464048954615,0.8831820499745028,0.897037353391127,across_seed_bootstrap_exploratory
openml_23512_higgs,logistic_regression,class_conditional_cp,100,auroc,10,0.6808194455641137,0.6804429924833884,0.0036992405135108093,0.0027064472340949663,0.6794747737854936,0.6821812210195886,0.6733834197283208,0.686135575559154,0.678592666953128,0.6829017651032083,across_seed_bootstrap_exploratory
openml_23512_higgs,logistic_regression,class_conditional_cp,100,auprc,10,0.6608653937224654,0.6597877013250103,0.0036743647849694586,0.006177716471662098,0.6582496119742491,0.6644273284459112,0.6558416427755593,0.6660330785860884,0.6587729135222885,0.663056707857054,across_seed_bootstrap_exploratory
openml_23512_higgs,logistic_regression,class_conditional_cp,100,q_minority,10,0.6685347511029716,0.6698425192010729,0.015194518029937964,0.025089841706185667,0.6566291150286538,0.6817189567348395,0.6484625761544635,0.6891558522260076,0.6596517874846638,0.6774559267557082,across_seed_bootstrap_exploratory
openml_23512_higgs,logistic_regression,class_conditional_cp,100,q_majority,10,0.5806299351194633,0.5790950745792489,0.010303208264754915,0.0148711577644014,0.574710705451476,0.5895818632158774,0.5665909317817033,0.5965819172730844,0.5748444701192341,0.5867879657504982,across_seed_bootstrap_exploratory
openml_23512_higgs,logistic_regression,class_conditional_cp,100,threshold_gap,10,0.0879048159835081,0.08114953718785545,0.018735411117880907,0.0312246208932416,0.07446967528040113,0.10569429617364273,0.06379660034918344,0.11711119826300642,0.07746264988488856,0.09927500413829875,across_seed_bootstrap_exploratory
openml_23512_higgs,logistic_regression,class_conditional_cp,100,threshold_sum,10,1.249164686222435,1.2502907553115283,0.017973406122992756,0.024536452270579767,1.2406005680689243,1.265137020339504,1.2174377763040285,1.2687271752396452,1.238124541079226,1.2591880242479918,across_seed_bootstrap_exploratory
openml_23512_higgs,xgboost,global_split_cp,10,coverage_minority,10,0.8544835045970794,0.8495943753380206,0.02523366759890684,0.02009194159004868,0.8421849648458626,0.8622769064359113,0.8100594916170903,0.9016765819361817,0.8399348296376419,0.869735262303948,across_seed_bootstrap_exploratory
openml_23512_higgs,xgboost,global_split_cp,10,coverage_majority,10,0.8919633381572598,0.8888084901109503,0.02048617910134923,0.01447178002894356,0.8819585142305837,0.8964302942595272,0.8602026049204052,0.9296671490593343,0.8804725036179448,0.9044189580318379,across_seed_bootstrap_exploratory
openml_23512_higgs,xgboost,global_split_cp,10,coverage_disparity,10,0.03747983356018051,0.036863435392385624,0.006964718280448196,0.004400874307359526,0.035342972316296156,0.03974384662365568,0.0276871476139825,0.05014311330331489,0.03347630314504888,0.04171131877389299,across_seed_bootstrap_exploratory
openml_23512_higgs,xgboost,global_split_cp,10,singleton_rate,10,0.6508873023967363,0.6608363080061193,0.06453034022423502,0.04264405915349312,0.6321774604793473,0.6748215196328404,0.5355940846506885,0.7626721060683325,0.6120193778684345,0.6876092554818969,across_seed_bootstrap_exploratory
openml_23512_higgs,xgboost,global_split_cp,10,average_set_size,10,1.3491126976032635,1.3391636919938805,0.06453034022423505,0.04264405915349312,1.3251784803671596,1.3678225395206527,1.2373278939316674,1.4644059153493116,1.3121876593574706,1.387624043855176,across_seed_bootstrap_exploratory
openml_23512_higgs,xgboost,global_split_cp,10,empty_rate,10,0.0,0.0,0.0,0.0,0.0,0.0,0.0,0.0,0.0,0.0,across_seed_bootstrap_exploratory
openml_23512_higgs,xgboost,global_split_cp,10,doubleton_rate,10,0.34911269760326363,0.33916369199388063,0.06453034022423504,0.042644059153493175,0.3251784803671596,0.36782253952065275,0.2373278939316675,0.4644059153493116,0.3118813105558389,0.38773623151453335,across_seed_bootstrap_exploratory
openml_23512_higgs,xgboost,global_split_cp,10,coverage_overall,10,0.8742937276899541,0.8696838347781743,0.022581521126990006,0.015170831208567104,0.8647373788883223,0.8799082100968894,0.8365629780724121,0.9164711881693014,0.861519505354411,0.8881592299847018,across_seed_bootstrap_exploratory
openml_23512_higgs,xgboost,global_split_cp,10,auroc,10,0.805036492000865,0.8047824132521537,0.002943483152870007,0.005511989766701086,0.8021669827395259,0.807678972506227,0.8018375325497649,0.8091687270755863,0.803321713801048,0.8067745782194884,across_seed_bootstrap_exploratory
openml_23512_higgs,xgboost,global_split_cp,10,auprc,10,0.7863452600885061,0.7860657224410845,0.0037059576081560487,0.006320043250505503,0.7832831866922505,0.789603229942756,0.7815258016958756,0.7917362269459758,0.7841858677686514,0.7885196232725287,across_seed_bootstrap_exploratory
openml_23512_higgs,xgboost,global_split_cp,10,q_global,10,0.6473278939723969,0.6436793804168701,0.027172235406195816,0.017814546823501587,0.6366666853427887,0.6544812321662903,0.6010279059410095,0.6947959065437317,0.6317499440908432,0.6637687921524048,across_seed_bootstrap_exploratory
openml_23512_higgs,xgboost,global_split_cp,20,coverage_minority,10,0.8578799351000541,0.8579772850189291,0.025407172741344766,0.0212276906435912,0.8446727961060032,0.8659004867495944,0.8121146565711195,0.9016765819361817,0.8431043807463494,0.8730018929150891,across_seed_bootstrap_exploratory
openml_23512_higgs,xgboost,global_split_cp,20,coverage_majority,10,0.8950699469368064,0.8913169319826338,0.020520096789967596,0.015484804630969684,0.8860829715388325,0.9015677761698022,0.8622286541244573,0.9296671490593343,0.8833960443801253,0.9077088760250843,across_seed_bootstrap_exploratory
openml_23512_higgs,xgboost,global_split_cp,20,coverage_disparity,10,0.03719001183675245,0.0358814310652007,0.006964476185339072,0.004836475668912182,0.0349073709547435,0.03974384662365568,0.0276871476139825,0.050113997553337786,0.033211661066580855,0.04134672018642425,across_seed_bootstrap_exploratory
openml_23512_higgs,xgboost,global_split_cp,20,singleton_rate,10,0.6419122896481386,0.6462264150943395,0.06546458816442147,0.05281744008159106,0.6176695563488016,0.6704869964303927,0.5355940846506885,0.757113717491076,0.6029933707292198,0.679887939826619,across_seed_bootstrap_exploratory
openml_23512_higgs,xgboost,global_split_cp,20,average_set_size,10,1.3580877103518614,1.3537735849056602,0.06546458816442151,0.05281744008159128,1.3295130035696072,1.3823304436511985,1.242886282508924,1.4644059153493116,1.3207740948495663,1.3964612442631312,across_seed_bootstrap_exploratory
openml_23512_higgs,xgboost,global_split_cp,20,empty_rate,10,0.0,0.0,0.0,0.0,0.0,0.0,0.0,0.0,0.0,0.0,across_seed_bootstrap_exploratory
openml_23512_higgs,xgboost,global_split_cp,20,doubleton_rate,10,0.35808771035186127,0.35377358490566035,0.06546458816442148,0.052817440081591005,0.32951300356960733,0.38233044365119834,0.24288628250892402,0.4644059153493116,0.31996902090770013,0.3966803926568078,across_seed_bootstrap_exploratory
openml_23512_higgs,xgboost,global_split_cp,20,coverage_overall,10,0.8775369709331974,0.875395206527282,0.022689279043779754,0.01809026007139214,0.8666624171341153,0.8847526772055074,0.8386027536970934,0.9164711881693014,0.8646402345741968,0.8910555838857727,across_seed_bootstrap_exploratory
openml_23512_higgs,xgboost,global_split_cp,20,auroc,10,0.805036492000865,0.8047824132521537,0.002943483152870007,0.005511989766701086,0.8021669827395259,0.807678972506227,0.8018375325497649,0.8091687270755863,0.8033391683539974,0.8068019007679931,across_seed_bootstrap_exploratory
openml_23512_higgs,xgboost,global_split_cp,20,auprc,10,0.7863452600885061,0.7860657224410845,0.0037059576081560487,0.006320043250505503,0.7832831866922505,0.789603229942756,0.7815258016958756,0.7917362269459758,0.7841950745316366,0.7885244738732119,across_seed_bootstrap_exploratory
openml_23512_higgs,xgboost,global_split_cp,20,q_global,10,0.6511240690946579,0.6502317786216736,0.027516136877544565,0.022089309990406036,0.6384685412049294,0.6605578511953354,0.603293240070343,0.6947959065437317,0.6354218035191298,0.6675265549123287,across_seed_bootstrap_exploratory
openml_23512_higgs,xgboost,global_split_cp,50,coverage_minority,10,0.8621308815575986,0.861817198485668,0.023385014579911587,0.024553812871822678,0.8443753380205516,0.8689291508923743,0.8325581395348837,0.9085992428339643,0.8490532720389399,0.8765713899405083,across_seed_bootstrap_exploratory
openml_23512_higgs,xgboost,global_split_cp,50,coverage_majority,10,0.8987747226242162,0.8943077665219488,0.01890223248091267,0.015701881331403822,0.888205499276411,0.9039073806078148,0.8746743849493488,0.9351664254703328,0.8884804630969609,0.9103432223830197,across_seed_bootstrap_exploratory
openml_23512_higgs,xgboost,global_split_cp,50,coverage_disparity,10,0.0366438410666174,0.03591714742874791,0.006880337527807702,0.004014973217945306,0.03447463942517784,0.038489612643123144,0.02656718263636848,0.04858030716072659,0.032686052120844945,0.04077801640865573,across_seed_bootstrap_exploratory
openml_23512_higgs,xgboost,global_split_cp,50,singleton_rate,10,0.6305252422233554,0.6356450790413054,0.061821039075413496,0.05608108108108112,0.612200407955125,0.6682814890362061,0.5115757266700663,0.706425293217746,0.5929110147883733,0.6647891381947985,across_seed_bootstrap_exploratory
openml_23512_higgs,xgboost,global_split_cp,50,average_set_size,10,1.3694747577766446,1.3643549209586945,0.06182103907541351,0.05608108108108123,1.331718510963794,1.3877995920448751,1.293574706782254,1.4884242733299338,1.3346802651708312,1.4071650943396226,across_seed_bootstrap_exploratory
openml_23512_higgs,xgboost,global_split_cp,50,empty_rate,10,0.0,0.0,0.0,0.0,0.0,0.0,0.0,0.0,0.0,0.0,across_seed_bootstrap_exploratory
openml_23512_higgs,xgboost,global_split_cp,50,doubleton_rate,10,0.3694747577766445,0.36435492095869454,0.06182103907541352,0.05608108108108101,0.331718510963794,0.387799592044875,0.29357470678225395,0.4884242733299337,0.33525624681285054,0.4078790158082611,across_seed_bootstrap_exploratory
openml_23512_higgs,xgboost,global_split_cp,50,coverage_overall,10,0.8814992350841407,0.879296277409485,0.020853467969867902,0.01956909739928603,0.8676185619581847,0.8871876593574707,0.8576746557878633,0.9226415094339623,0.8699898011218765,0.8942429882712901,across_seed_bootstrap_exploratory
openml_23512_higgs,xgboost,global_split_cp,50,auroc,10,0.805036492000865,0.8047824132521537,0.002943483152870007,0.005511989766701086,0.8021669827395259,0.807678972506227,0.8018375325497649,0.8091687270755863,0.8033219899832428,0.8067699187211401,across_seed_bootstrap_exploratory
openml_23512_higgs,xgboost,global_split_cp,50,auprc,10,0.7863452600885061,0.7860657224410845,0.0037059576081560487,0.006320043250505503,0.7832831866922505,0.789603229942756,0.7815258016958756,0.7917362269459758,0.7841726655781596,0.7884829227379058,across_seed_bootstrap_exploratory
openml_23512_higgs,xgboost,global_split_cp,50,q_global,10,0.6559372425079346,0.653148889541626,0.025818266735632752,0.024333178997039795,0.6397171467542648,0.6640503257513046,0.6243021488189697,0.7038688659667969,0.6415314690768719,0.6718616366386414,across_seed_bootstrap_exploratory
openml_23512_higgs,xgboost,global_split_cp,100,coverage_minority,10,0.8687074094104922,0.861817198485668,0.019411860977258097,0.01819902650081129,0.8576257436452136,0.8758247701460249,0.8464034613304489,0.9105462412114657,0.8584856679286101,0.8807355327203894,across_seed_bootstrap_exploratory
openml_23512_higgs,xgboost,global_split_cp,100,coverage_majority,10,0.905383502170767,0.898986975397974,0.014865213548565704,0.009551374819102731,0.8972262421611191,0.9067776169802219,0.8909792571152918,0.937867824409069,0.8975687409551375,0.9150414857694164,across_seed_bootstrap_exploratory
openml_23512_higgs,xgboost,global_split_cp,100,coverage_disparity,10,0.03667609276027485,0.035402116944609874,0.0067113576193296755,0.004247390474819007,0.03432052944747643,0.03856791992229544,0.02732158319760336,0.04824198005884206,0.03286901499800284,0.04076799378133499,across_seed_bootstrap_exploratory
openml_23512_higgs,xgboost,global_split_cp,100,singleton_rate,10,0.6113513513513513,0.6275879653238143,0.05092681907619879,0.0458439571647119,0.6002677205507394,0.6461116777154513,0.5012748597654259,0.6694543600203977,0.5788164201937787,0.6380572412034676,across_seed_bootstrap_exploratory
openml_23512_higgs,xgboost,global_split_cp,100,average_set_size,10,1.3886486486486485,1.3724120346761857,0.05092681907619881,0.04584395716471179,1.3538883222845488,1.3997322794492606,1.3305456399796023,1.4987251402345743,1.3617336817950025,1.4209690209077,across_seed_bootstrap_exploratory
openml_23512_higgs,xgboost,global_split_cp,100,empty_rate,10,0.0,0.0,0.0,0.0,0.0,0.0,0.0,0.0,0.0,0.0,across_seed_bootstrap_exploratory
openml_23512_higgs,xgboost,global_split_cp,100,doubleton_rate,10,0.3886486486486487,0.3724120346761856,0.05092681907619881,0.0458439571647119,0.3538883222845487,0.3997322794492606,0.33054563997960223,0.4987251402345742,0.3614787098419174,0.4206786078531361,across_seed_bootstrap_exploratory
openml_23512_higgs,xgboost,global_split_cp,100,coverage_overall,10,0.888092809790923,0.8812085670576237,0.016829234860233064,0.015068842427332974,0.876580826109128,0.891649668536461,0.8719020907700153,0.9249872514023457,0.8792859510453851,0.8988120856705764,across_seed_bootstrap_exploratory
openml_23512_higgs,xgboost,global_split_cp,100,auroc,10,0.805036492000865,0.8047824132521537,0.002943483152870007,0.005511989766701086,0.8021669827395259,0.807678972506227,0.8018375325497649,0.8091687270755863,0.8033387324786974,0.8067737124433567,across_seed_bootstrap_exploratory
openml_23512_higgs,xgboost,global_split_cp,100,auprc,10,0.7863452600885061,0.7860657224410845,0.0037059576081560487,0.006320043250505503,0.7832831866922505,0.789603229942756,0.7815258016958756,0.7917362269459758,0.7841867336866515,0.7885167510925422,across_seed_bootstrap_exploratory
openml_23512_higgs,xgboost,global_split_cp,100,q_global,10,0.664340490102768,0.6582632660865784,0.02069245910347522,0.0188494473695755,0.6497797518968582,0.6686291992664337,0.6420775651931763,0.7078977823257446,0.6531967708468437,0.6774409472942352,across_seed_bootstrap_exploratory
openml_23512_higgs,xgboost,class_conditional_cp,10,coverage_minority,10,0.8839264467279611,0.9185505678745267,0.0806728255020495,0.12071389940508381,0.8151162790697675,0.9358301784748513,0.7520822065981612,0.9712276906435912,0.8348945375878853,0.9286425094645754,across_seed_bootstrap_exploratory
openml_23512_higgs,xgboost,class_conditional_cp,10,coverage_majority,10,0.890217076700434,0.890689821514713,0.017801644615447004,0.021972986010612594,0.876917510853835,0.8988904968644476,0.8622286541244573,0.9210805595754945,0.8798936324167873,0.9007814761215629,across_seed_bootstrap_exploratory
openml_23512_higgs,xgboost,class_conditional_cp,10,coverage_disparity,10,0.0596284506794588,0.06347134355358774,0.04694723481568471,0.08205496667472828,0.013744760273802836,0.09579972694853112,7.743328488529766e-05,0.12319291245420982,0.03218778249908621,0.08646735553070103,across_seed_bootstrap_exploratory
openml_23512_higgs,xgboost,class_conditional_cp,10,singleton_rate,10,0.5931616522182559,0.5471953085160632,0.12922478868204568,0.2030724120346762,0.5015680775114737,0.7046404895461499,0.44829168791432944,0.8215196328403875,0.5205453850076491,0.6718925293217746,across_seed_bootstrap_exploratory
openml_23512_higgs,xgboost,class_conditional_cp,10,average_set_size,10,1.4068383477817439,1.4528046914839368,0.12922478868204565,0.20307241203467585,1.2953595104538502,1.498431922488526,1.1784803671596125,1.5517083120856705,1.3278987761346253,1.4799759051504333,across_seed_bootstrap_exploratory
openml_23512_higgs,xgboost,class_conditional_cp,10,empty_rate,10,0.0,0.0,0.0,0.0,0.0,0.0,0.0,0.0,0.0,0.0,across_seed_bootstrap_exploratory
openml_23512_higgs,xgboost,class_conditional_cp,10,doubleton_rate,10,0.40683834778174405,0.45280469148393676,0.1292247886820457,0.2030724120346762,0.29535951045385006,0.49843192248852625,0.17848036715961244,0.5517083120856706,0.3278530086690463,0.4802558643549209,across_seed_bootstrap_exploratory
openml_23512_higgs,xgboost,class_conditional_cp,10,coverage_overall,10,0.887251402345742,0.9075216726160122,0.041388544752292054,0.06687914329423772,0.85326364099949,0.9201427842937278,0.8103008669046405,0.9252422233554309,0.8621412544620092,0.909908592554819,across_seed_bootstrap_exploratory
openml_23512_higgs,xgboost,class_conditional_cp,10,auroc,10,0.805036492000865,0.8047824132521537,0.002943483152870007,0.005511989766701086,0.8021669827395259,0.807678972506227,0.8018375325497649,0.8091687270755863,0.8033291217374903,0.8067737818932907,across_seed_bootstrap_exploratory
openml_23512_higgs,xgboost,class_conditional_cp,10,auprc,10,0.7863452600885061,0.7860657224410845,0.0037059576081560487,0.006320043250505503,0.7832831866922505,0.789603229942756,0.7815258016958756,0.7917362269459758,0.7842337039999911,0.7885243171414892,across_seed_bootstrap_exploratory
openml_23512_higgs,xgboost,class_conditional_cp,10,q_minority,10,0.6984723672270775,0.7268762290477753,0.1012093284242567,0.15434036776423454,0.6059339046478271,0.7602742724120617,0.546955794095993,0.8244520127773285,0.6376822621002793,0.75639435429126,across_seed_bootstrap_exploratory
openml_23512_higgs,xgboost,class_conditional_cp,10,q_majority,10,0.6449275851249695,0.6482954025268555,0.023693901012997846,0.031230628490447998,0.6272161155939102,0.6584467440843582,0.603293240070343,0.6843565106391907,0.6308151584863663,0.6588608600199223,across_seed_bootstrap_exploratory
openml_23512_higgs,xgboost,class_conditional_cp,10,threshold_gap,10,0.09505175799131393,0.07559871673583984,0.05264653194440646,0.06856619194149971,0.05530649423599243,0.12387268617749214,0.04505851864814758,0.1921156942844391,0.06613584380596876,0.12734223991632454,across_seed_bootstrap_exploratory
openml_23512_higgs,xgboost,class_conditional_cp,10,threshold_sum,10,1.343399952352047,1.3806946650147438,0.10947464338310327,0.17477727681398392,1.2474347949028015,1.4222120717167854,1.150249034166336,1.4668358266353607,1.2771616517752409,1.4045480732619762,across_seed_bootstrap_exploratory
openml_23512_higgs,xgboost,class_conditional_cp,20,coverage_minority,10,0.9023472147106544,0.9180638182801515,0.06920376628718698,0.08934559221200655,0.8656030286641427,0.9549486208761493,0.7877771768523526,0.9884261763115197,0.8605078420767983,0.9410927528393727,across_seed_bootstrap_exploratory
openml_23512_higgs,xgboost,class_conditional_cp,20,coverage_majority,10,0.890217076700434,0.890689821514713,0.017801644615447004,0.021972986010612594,0.876917510853835,0.8988904968644476,0.8622286541244573,0.9210805595754945,0.8801061263868789,0.9008104196816209,across_seed_bootstrap_exploratory
openml_23512_higgs,xgboost,class_conditional_cp,20,coverage_disparity,10,0.05673997522030526,0.05528193881674742,0.03614937435309364,0.05858958976273526,0.029098178778531686,0.08768776854126695,0.005065670887145934,0.11140275561267388,0.03594125845263356,0.07802205218032875,across_seed_bootstrap_exploratory
openml_23512_higgs,xgboost,class_conditional_cp,20,singleton_rate,10,0.5640693523712391,0.5563488016318205,0.12777415262311576,0.19303926568077506,0.47732024477307494,0.67035951045385,0.3311575726670066,0.7189189189189189,0.48854105048444674,0.6360141509433961,across_seed_bootstrap_exploratory
openml_23512_higgs,xgboost,class_conditional_cp,20,average_set_size,10,1.4359306476287608,1.4436511983681797,0.12777415262311576,0.19303926568077512,1.32964048954615,1.5226797552269251,1.281081081081081,1.6688424273329934,1.3632729474757777,1.514044365119837,across_seed_bootstrap_exploratory
openml_23512_higgs,xgboost,class_conditional_cp,20,empty_rate,10,0.0,0.0,0.0,0.0,0.0,0.0,0.0,0.0,0.0,0.0,across_seed_bootstrap_exploratory
openml_23512_higgs,xgboost,class_conditional_cp,20,doubleton_rate,10,0.43593064762876077,0.4436511983681795,0.12777415262311578,0.19303926568077523,0.3296404895461499,0.5226797552269251,0.2810810810810811,0.6688424273329934,0.3622181285058643,0.5132840387557369,across_seed_bootstrap_exploratory
openml_23512_higgs,xgboost,class_conditional_cp,20,coverage_overall,10,0.8959357470678226,0.9044875063742988,0.03534202776896774,0.05008924018357985,0.8691356450790413,0.9192248852626211,0.8466598674145844,0.9528301886792453,0.8750534166241712,0.9165071392146864,across_seed_bootstrap_exploratory
openml_23512_higgs,xgboost,class_conditional_cp,20,auroc,10,0.805036492000865,0.8047824132521537,0.002943483152870007,0.005511989766701086,0.8021669827395259,0.807678972506227,0.8018375325497649,0.8091687270755863,0.803340442846383,0.8067759759581129,across_seed_bootstrap_exploratory
openml_23512_higgs,xgboost,class_conditional_cp,20,auprc,10,0.7863452600885061,0.7860657224410845,0.0037059576081560487,0.006320043250505503,0.7832831866922505,0.789603229942756,0.7815258016958756,0.7917362269459758,0.784152743993088,0.7885327543926802,across_seed_bootstrap_exploratory
openml_23512_higgs,xgboost,class_conditional_cp,20,q_minority,10,0.7230652317404747,0.7265937030315399,0.09915631895355527,0.13895157724618912,0.6586044505238533,0.7975560277700424,0.5838647186756134,0.8796558231115341,0.6652620153874159,0.7810466559976339,across_seed_bootstrap_exploratory
openml_23512_higgs,xgboost,class_conditional_cp,20,q_majority,10,0.6449275851249695,0.6482954025268555,0.023693901012997846,0.031230628490447998,0.6272161155939102,0.6584467440843582,0.603293240070343,0.6843565106391907,0.6310227708518504,0.658668206334114,across_seed_bootstrap_exploratory
openml_23512_higgs,xgboost,class_conditional_cp,20,threshold_gap,10,0.10499574989080429,0.09042324125766754,0.061408268589533015,0.09091579914093018,0.06297579407691956,0.15389159321784973,0.019001513719558716,0.19529931247234344,0.07005152553319931,0.14186903461813924,across_seed_bootstrap_exploratory
openml_23512_higgs,xgboost,class_conditional_cp,20,threshold_sum,10,1.3679928168654443,1.372643917798996,0.10747394608290838,0.16271523386240005,1.278559796512127,1.441275030374527,1.2348564565181732,1.5640123337507248,1.3066194477304816,1.4319202773272992,across_seed_bootstrap_exploratory
openml_23512_higgs,xgboost,class_conditional_cp,50,coverage_minority,10,0.8968199026500813,0.9053001622498648,0.040334304518619205,0.06051919956733376,0.8680908599242834,0.9286100594916171,0.8298539751216873,0.9452677122769064,0.8725148729042725,0.9195565170362359,across_seed_bootstrap_exploratory
openml_23512_higgs,xgboost,class_conditional_cp,50,coverage_majority,10,0.890217076700434,0.890689821514713,0.017801644615447004,0.021972986010612594,0.876917510853835,0.8988904968644476,0.8622286541244573,0.9210805595754945,0.8800289435600579,0.9008781958514231,across_seed_bootstrap_exploratory
openml_23512_higgs,xgboost,class_conditional_cp,50,coverage_disparity,10,0.030800487454007673,0.03186280533381752,0.020067894191455386,0.022315826575531328,0.01816231874075941,0.04047814531629074,0.0003905058652843296,0.06847079958997926,0.01924559200329141,0.042766717749676025,across_seed_bootstrap_exploratory
openml_23512_higgs,xgboost,class_conditional_cp,50,singleton_rate,10,0.5869505354411015,0.566649668536461,0.0780883314014747,0.11829423763386038,0.5236741458439571,0.6419683834778175,0.500101988781234,0.7133605303416625,0.5421111677715451,0.6340489546149924,across_seed_bootstrap_exploratory
openml_23512_higgs,xgboost,class_conditional_cp,50,average_set_size,10,1.4130494645588985,1.4333503314635392,0.07808833140147467,0.11829423763386027,1.3580316165221826,1.476325854156043,1.2866394696583376,1.4998980112187659,1.36649668536461,1.4574045130035695,across_seed_bootstrap_exploratory
openml_23512_higgs,xgboost,class_conditional_cp,50,empty_rate,10,0.0,0.0,0.0,0.0,0.0,0.0,0.0,0.0,0.0,0.0,across_seed_bootstrap_exploratory
openml_23512_higgs,xgboost,class_conditional_cp,50,doubleton_rate,10,0.41304946455889846,0.433350331463539,0.07808833140147468,0.11829423763386032,0.3580316165221825,0.47632585415604284,0.2866394696583376,0.4998980112187659,0.3662056348801632,0.45742580316165216,across_seed_bootstrap_exploratory
openml_23512_higgs,xgboost,class_conditional_cp,50,coverage_overall,10,0.8933299337072922,0.9006629270780214,0.024156332235961354,0.035084140744518155,0.8773329933707292,0.9124171341152474,0.8540540540540541,0.9212646608873024,0.8788271290158084,0.9067111167771545,across_seed_bootstrap_exploratory
openml_23512_higgs,xgboost,class_conditional_cp,50,auroc,10,0.805036492000865,0.8047824132521537,0.002943483152870007,0.005511989766701086,0.8021669827395259,0.807678972506227,0.8018375325497649,0.8091687270755863,0.8033394544892913,0.8067613408585546,across_seed_bootstrap_exploratory
openml_23512_higgs,xgboost,class_conditional_cp,50,auprc,10,0.7863452600885061,0.7860657224410845,0.0037059576081560487,0.006320043250505503,0.7832831866922505,0.789603229942756,0.7815258016958756,0.7917362269459758,0.7841977506224306,0.788537457019258,across_seed_bootstrap_exploratory
openml_23512_higgs,xgboost,class_conditional_cp,50,q_minority,10,0.7044204443693161,0.7086736708879471,0.053718879832441585,0.07992206513881683,0.6664097011089325,0.7463317662477493,0.6138971447944641,0.7743758857250214,0.6725909528136254,0.7352175045013427,across_seed_bootstrap_exploratory
openml_23512_higgs,xgboost,class_conditional_cp,50,q_majority,10,0.6449275851249695,0.6482954025268555,0.023693901012997846,0.031230628490447998,0.6272161155939102,0.6584467440843582,0.603293240070343,0.6843565106391907,0.6311093007028102,0.658989617228508,across_seed_bootstrap_exploratory
openml_23512_higgs,xgboost,class_conditional_cp,50,threshold_gap,10,0.061815306544303894,0.052231788635253906,0.04632431642906769,0.07905475795269012,0.01952558010816574,0.09858033806085587,0.011612236499786377,0.14203956723213196,0.035556266978383065,0.08993564695119857,across_seed_bootstrap_exploratory
openml_23512_higgs,xgboost,class_conditional_cp,50,threshold_sum,10,1.3493480294942857,1.3662061542272568,0.06659775026849128,0.10013310611248016,1.3045082092285156,1.4046413153409958,1.2394065260887146,1.4236758649349213,1.3096897197514772,1.3871982591599226,across_seed_bootstrap_exploratory
openml_23512_higgs,xgboost,class_conditional_cp,100,coverage_minority,10,0.900605732828556,0.9001622498647918,0.0186245165148622,0.027312060573282837,0.8856949702541914,0.9130070308274743,0.8745267712276906,0.927203893996755,0.8898647917793403,0.9115630070308274,across_seed_bootstrap_exploratory
openml_23512_higgs,xgboost,class_conditional_cp,100,coverage_majority,10,0.890217076700434,0.890689821514713,0.017801644615447004,0.021972986010612594,0.876917510853835,0.8988904968644476,0.8622286541244573,0.9210805595754945,0.8799421128798842,0.9010711529184756,across_seed_bootstrap_exploratory
openml_23512_higgs,xgboost,class_conditional_cp,100,coverage_disparity,10,0.019024575414879875,0.017245237839934868,0.0096649493237674,0.011480632417048164,0.012904656093683797,0.02438528851073196,0.006423988455970475,0.03771726258727881,0.01359094810639354,0.024884768418907823,across_seed_bootstrap_exploratory
openml_23512_higgs,xgboost,class_conditional_cp,100,singleton_rate,10,0.5845334013258543,0.6061703212646609,0.04773930875255274,0.07383987761346256,0.541598674145844,0.6154385517593065,0.5133095359510453,0.6379398266190719,0.5549458184599694,0.6110710096889342,across_seed_bootstrap_exploratory
openml_23512_higgs,xgboost,class_conditional_cp,100,average_set_size,10,1.415466598674146,1.3938296787353393,0.047739308752552743,0.07383987761346233,1.3845614482406936,1.458401325854156,1.362060173380928,1.4866904640489547,1.388842299847017,1.4441770780214176,across_seed_bootstrap_exploratory
openml_23512_higgs,xgboost,class_conditional_cp,100,empty_rate,10,0.0,0.0,0.0,0.0,0.0,0.0,0.0,0.0,0.0,0.0,across_seed_bootstrap_exploratory
openml_23512_higgs,xgboost,class_conditional_cp,100,doubleton_rate,10,0.41546659867414587,0.39382967873533914,0.04773930875255274,0.07383987761346256,0.3845614482406935,0.45840132585415605,0.3620601733809281,0.4866904640489546,0.38887238653748085,0.44459510453850076,across_seed_bootstrap_exploratory
openml_23512_higgs,xgboost,class_conditional_cp,100,coverage_overall,10,0.8951147373788885,0.8877358490566037,0.015408592670551797,0.023406425293217792,0.8847399286078531,0.9081463539010709,0.8792962774094849,0.9184089750127487,0.8865985466598674,0.9046611422743498,across_seed_bootstrap_exploratory
openml_23512_higgs,xgboost,class_conditional_cp,100,auroc,10,0.805036492000865,0.8047824132521537,0.002943483152870007,0.005511989766701086,0.8021669827395259,0.807678972506227,0.8018375325497649,0.8091687270755863,0.8033347950561666,0.8067857072974871,across_seed_bootstrap_exploratory
openml_23512_higgs,xgboost,class_conditional_cp,100,auprc,10,0.7863452600885061,0.7860657224410845,0.0037059576081560487,0.006320043250505503,0.7832831866922505,0.789603229942756,0.7815258016958756,0.7917362269459758,0.7842076048264982,0.7885457915450469,across_seed_bootstrap_exploratory
openml_23512_higgs,xgboost,class_conditional_cp,100,q_minority,10,0.7063182294368744,0.7067514210939407,0.023193745774385877,0.04033021628856659,0.6842609792947769,0.7245911955833435,0.6771006286144257,0.7389948666095734,0.6927279711514711,0.7197885013371706,across_seed_bootstrap_exploratory
openml_23512_higgs,xgboost,class_conditional_cp,100,q_majority,10,0.6449275851249695,0.6482954025268555,0.023693901012997846,0.031230628490447998,0.6272161155939102,0.6584467440843582,0.603293240070343,0.6843565106391907,0.6309226484596729,0.6588343913853167,across_seed_bootstrap_exploratory
openml_23512_higgs,xgboost,class_conditional_cp,100,threshold_gap,10,0.061390644311904906,0.06572403013706207,0.025728609987579785,0.026127316057682037,0.046439290046691895,0.07256660610437393,0.017751723527908325,0.10741826891899109,0.04633741497993469,0.07642259076237679,across_seed_bootstrap_exploratory
openml_23512_higgs,xgboost,class_conditional_cp,100,threshold_sum,10,1.3512458145618438,1.3357885926961899,0.039201278099421394,0.06249883025884628,1.3242553174495697,1.386754147708416,1.3045324683189392,1.4127941727638245,1.329302803426981,1.3747731003165244,across_seed_bootstrap_exploratory
openml_23512_higgs,tabpfn,global_split_cp,10,coverage_minority,10,0.8623904813412656,0.8669010275824771,0.0198080932347133,0.03036776636019478,0.8452677122769064,0.8756354786371012,0.8332071389940509,0.8906435911303408,0.8505021633315306,0.8736830719307734,across_seed_bootstrap_exploratory
openml_23512_higgs,tabpfn,global_split_cp,10,coverage_majority,10,0.8972310660877956,0.9005306319343946,0.017234485772622852,0.0222141823444284,0.886227689339122,0.9084418716835504,0.869464544138929,0.9246502653159672,0.887100820067535,0.9071203569705742,across_seed_bootstrap_exploratory
openml_23512_higgs,tabpfn,global_split_cp,10,coverage_disparity,10,0.03484058474652989,0.03383231884772586,0.004269227829605631,0.006326701151611436,0.03153915350913922,0.03786585466075065,0.030155203122794627,0.04342061014193399,0.032487623719109175,0.03750521096265378,across_seed_bootstrap_exploratory
openml_23512_higgs,tabpfn,global_split_cp,10,singleton_rate,10,0.6653850076491586,0.6567312595614483,0.0536723641975456,0.08383477817440077,0.6271927587965324,0.7110275369709331,0.5852116267210606,0.7419683834778175,0.6348954614992351,0.6966956909739929,across_seed_bootstrap_exploratory
openml_23512_higgs,tabpfn,global_split_cp,10,average_set_size,10,1.3346149923508412,1.3432687404385517,0.05367236419754559,0.08383477817440066,1.2889724630290669,1.3728072412034675,1.2580316165221825,1.4147883732789392,1.3026664966853643,1.3644214686384497,across_seed_bootstrap_exploratory
openml_23512_higgs,tabpfn,global_split_cp,10,empty_rate,10,0.0,0.0,0.0,0.0,0.0,0.0,0.0,0.0,0.0,0.0,across_seed_bootstrap_exploratory
openml_23512_higgs,tabpfn,global_split_cp,10,doubleton_rate,10,0.33461499235084136,0.3432687404385517,0.053672364197545584,0.08383477817440083,0.2889724630290668,0.37280724120346764,0.25803161652218254,0.4147883732789393,0.30250777664456907,0.36564112697603246,across_seed_bootstrap_exploratory
openml_23512_higgs,tabpfn,global_split_cp,10,coverage_overall,10,0.8808057113717492,0.8840132585415604,0.018369265171433845,0.025701172870984168,0.8672616012238654,0.8929627740948496,0.852371239163692,0.9086180520142785,0.8699692758796532,0.8912646608873024,across_seed_bootstrap_exploratory
openml_23512_higgs,tabpfn,global_split_cp,10,auroc,10,0.821785285432185,0.8217501879087719,0.0031321256033133614,0.004226655938712964,0.8200171915980712,0.8242438475367841,0.8160006908468274,0.8262054533590992,0.8199070680961561,0.8235779664735792,across_seed_bootstrap_exploratory
openml_23512_higgs,tabpfn,global_split_cp,10,auprc,10,0.8056224742032871,0.8060093732179082,0.0033034700002688992,0.004932684402337184,0.8035212092279247,0.8084538936302619,0.7993138233537822,0.8096443205116812,0.8035983363674684,0.8074742714106854,across_seed_bootstrap_exploratory
openml_23512_higgs,tabpfn,global_split_cp,10,q_global,10,0.6720464527606964,0.6768178343772888,0.02700702225584746,0.03914513438940048,0.6513877883553505,0.690532922744751,0.6327659487724304,0.7117823660373688,0.6556177086383105,0.6876086421310902,across_seed_bootstrap_exploratory
openml_23512_higgs,tabpfn,global_split_cp,20,coverage_minority,10,0.8653109789075175,0.8672255273120606,0.01723075419289489,0.017712276906435842,0.858896700919416,0.8766089778258518,0.8361276365603029,0.8908599242833964,0.854808004326663,0.8751974040021633,across_seed_bootstrap_exploratory
openml_23512_higgs,tabpfn,global_split_cp,20,coverage_majority,10,0.8996333815726002,0.9019295706705258,0.014858045686014634,0.018740955137481863,0.8904245055475157,0.9091654606849976,0.8746743849493488,0.9252291365171249,0.8908152436082972,0.9082778581765556,across_seed_bootstrap_exploratory
openml_23512_higgs,tabpfn,global_split_cp,20,coverage_disparity,10,0.034322402665082505,0.032599465115496384,0.00426883042849141,0.005290013480383549,0.031525078287712116,0.036815091768095665,0.030155203122794627,0.04342061014193399,0.032058354120048184,0.037008533054072555,across_seed_bootstrap_exploratory
openml_23512_higgs,tabpfn,global_split_cp,20,singleton_rate,10,0.6577715451300357,0.6550484446710862,0.047618170406156374,0.04806221315655279,0.6271927587965324,0.6752549719530851,0.5840387557368689,0.7369199388067312,0.630290668026517,0.6861754207037225,across_seed_bootstrap_exploratory
openml_23512_higgs,tabpfn,global_split_cp,20,average_set_size,10,1.3422284548699643,1.344951555328914,0.04761817040615638,0.04806221315655268,1.3247450280469149,1.3728072412034675,1.2630800611932687,1.415961244263131,1.3135385007649159,1.3693577256501785,across_seed_bootstrap_exploratory
openml_23512_higgs,tabpfn,global_split_cp,20,empty_rate,10,0.0,0.0,0.0,0.0,0.0,0.0,0.0,0.0,0.0,0.0,across_seed_bootstrap_exploratory
openml_23512_higgs,tabpfn,global_split_cp,20,doubleton_rate,10,0.3422284548699643,0.3449515553289138,0.04761817040615637,0.04806221315655279,0.32474502804691485,0.37280724120346764,0.26308006119326877,0.4159612442631311,0.3137072921978582,0.36927090770015303,across_seed_bootstrap_exploratory
openml_23512_higgs,tabpfn,global_split_cp,20,coverage_overall,10,0.883452320244773,0.8855940846506885,0.01587813257687122,0.018243243243243334,0.8755609382967873,0.8938041815400306,0.8565017848036716,0.9090260071392147,0.8739825344212137,0.8926315655277919,across_seed_bootstrap_exploratory
openml_23512_higgs,tabpfn,global_split_cp,20,auroc,10,0.821785285432185,0.8217501879087719,0.0031321256033133614,0.004226655938712964,0.8200171915980712,0.8242438475367841,0.8160006908468274,0.8262054533590992,0.8199478900082102,0.8235876367116214,across_seed_bootstrap_exploratory
openml_23512_higgs,tabpfn,global_split_cp,20,auprc,10,0.8056224742032871,0.8060093732179082,0.0033034700002688992,0.004932684402337184,0.8035212092279247,0.8084538936302619,0.7993138233537822,0.8096443205116812,0.8036048633543083,0.8074800561763393,across_seed_bootstrap_exploratory
openml_23512_higgs,tabpfn,global_split_cp,20,q_global,10,0.6757861614227295,0.6792857795953751,0.0238973060037291,0.024933047592639923,0.665599875152111,0.690532922744751,0.6339142620563507,0.7122752368450165,0.661416288241744,0.6894903445988894,across_seed_bootstrap_exploratory
openml_23512_higgs,tabpfn,global_split_cp,50,coverage_minority,10,0.8678420767982693,0.869875608436993,0.016956664867431984,0.019037317468902137,0.8598972417522985,0.8789345592212007,0.8319091400757166,0.8928069226608978,0.8572306652244456,0.8772633856138453,across_seed_bootstrap_exploratory
openml_23512_higgs,tabpfn,global_split_cp,50,coverage_majority,10,0.9017655571635311,0.9005306319343946,0.015261021478955555,0.012855764592378138,0.8971056439942113,0.9099614085865895,0.8712976362759286,0.9271587071876507,0.8927641099855282,0.9105646406174626,across_seed_bootstrap_exploratory
openml_23512_higgs,tabpfn,global_split_cp,50,coverage_disparity,10,0.03392348036526177,0.03289962345195391,0.004521590801431137,0.005926307410662773,0.03129935295724445,0.037225660367907226,0.02644821505581696,0.041062182215025,0.03128946899498744,0.03660251248572583,across_seed_bootstrap_exploratory
openml_23512_higgs,tabpfn,global_split_cp,50,singleton_rate,10,0.65092809790923,0.6557113717491077,0.04780970050523727,0.048814380418154,0.623521162672106,0.67233554309026,0.5780214176440591,0.7465068842427333,0.6235693523712391,0.6803372004079551,across_seed_bootstrap_exploratory
openml_23512_higgs,tabpfn,global_split_cp,50,average_set_size,10,1.34907190209077,1.3442886282508923,0.04780970050523727,0.048814380418154,1.3276644569097398,1.3764788373278938,1.2534931157572666,1.4219785823559408,1.320412799592045,1.3755636155022946,across_seed_bootstrap_exploratory
openml_23512_higgs,tabpfn,global_split_cp,50,empty_rate,10,0.0,0.0,0.0,0.0,0.0,0.0,0.0,0.0,0.0,0.0,across_seed_bootstrap_exploratory
openml_23512_higgs,tabpfn,global_split_cp,50,doubleton_rate,10,0.34907190209077,0.3442886282508924,0.04780970050523727,0.04881438041815406,0.3276644569097399,0.37647883732789394,0.2534931157572667,0.4219785823559408,0.32021927587965326,0.3759411014788373,across_seed_bootstrap_exploratory
openml_23512_higgs,tabpfn,global_split_cp,50,coverage_overall,10,0.8857725650178481,0.8857980622131565,0.015923537733181933,0.01639469658337578,0.8787480877103518,0.8951427842937276,0.8527281998980112,0.9109637939826619,0.8759765425803161,0.8947577766445691,across_seed_bootstrap_exploratory
openml_23512_higgs,tabpfn,global_split_cp,50,auroc,10,0.821785285432185,0.8217501879087719,0.0031321256033133614,0.004226655938712964,0.8200171915980712,0.8242438475367841,0.8160006908468274,0.8262054533590992,0.8199235335876005,0.8235689495266995,across_seed_bootstrap_exploratory
openml_23512_higgs,tabpfn,global_split_cp,50,auprc,10,0.8056224742032871,0.8060093732179082,0.0033034700002688992,0.004932684402337184,0.8035212092279247,0.8084538936302619,0.7993138233537822,0.8096443205116812,0.803577088779984,0.8074853056399334,across_seed_bootstrap_exploratory
openml_23512_higgs,tabpfn,global_split_cp,50,q_global,10,0.6792416572570801,0.6764210164546967,0.024305057487398987,0.02493404597043991,0.667836457490921,0.6927705034613609,0.629064530134201,0.7155160903930664,0.6643897327780723,0.6928532214462757,across_seed_bootstrap_exploratory
openml_23512_higgs,tabpfn,global_split_cp,100,coverage_minority,10,0.8755002704164413,0.8771768523526231,0.010545239621529276,0.007030827474310497,0.8730935640886965,0.880124391563007,0.8533261222282315,0.8908599242833964,0.8689667387777177,0.8812439156300703,across_seed_bootstrap_exploratory
openml_23512_higgs,tabpfn,global_split_cp,100,coverage_majority,10,0.9080656054027978,0.908972503617945,0.008987355014889144,0.005788712011577379,0.9057163531114327,0.9115050651230101,0.8895320791123975,0.9252291365171249,0.9026338639652678,0.9132563917028461,across_seed_bootstrap_exploratory
openml_23512_higgs,tabpfn,global_split_cp,100,coverage_disparity,10,0.03256533498635654,0.0324916116115489,0.0041064216623827214,0.005366951067016568,0.03037981965454009,0.03574677072155666,0.024750265916022918,0.037630384946218065,0.030082189118275388,0.034912541739749545,across_seed_bootstrap_exploratory
openml_23512_higgs,tabpfn,global_split_cp,100,singleton_rate,10,0.6305915349311575,0.6304691483936766,0.03065400074741336,0.02593064762876074,0.6139087200407956,0.6398393676695563,0.5840387557368689,0.6955634880163182,0.6135133860275369,0.6498063488016318,across_seed_bootstrap_exploratory
openml_23512_higgs,tabpfn,global_split_cp,100,average_set_size,10,1.3694084650688425,1.3695308516063234,0.030654000747413354,0.02593064762876085,1.3601606323304436,1.3860912799592044,1.3044365119836818,1.415961244263131,1.3507598164201937,1.38649668536461,across_seed_bootstrap_exploratory
openml_23512_higgs,tabpfn,global_split_cp,100,empty_rate,10,0.0,0.0,0.0,0.0,0.0,0.0,0.0,0.0,0.0,0.0,across_seed_bootstrap_exploratory
openml_23512_higgs,tabpfn,global_split_cp,100,doubleton_rate,10,0.3694084650688424,0.36953085160632326,0.030654000747413375,0.02593064762876085,0.36016063233044365,0.3860912799592045,0.30443651198368177,0.4159612442631311,0.3498873023967364,0.3864918408975012,across_seed_bootstrap_exploratory
openml_23512_higgs,tabpfn,global_split_cp,100,coverage_overall,10,0.8927129015808261,0.892988271290158,0.00953501019336876,0.005494645588985159,0.8915221825599184,0.8970168281489036,0.8724630290668026,0.9090260071392147,0.8868587455379908,0.8981847271800102,across_seed_bootstrap_exploratory
openml_23512_higgs,tabpfn,global_split_cp,100,auroc,10,0.821785285432185,0.8217501879087719,0.0031321256033133614,0.004226655938712964,0.8200171915980712,0.8242438475367841,0.8160006908468274,0.8262054533590992,0.8198970168879176,0.8235727761345816,across_seed_bootstrap_exploratory
openml_23512_higgs,tabpfn,global_split_cp,100,auprc,10,0.8056224742032871,0.8060093732179082,0.0033034700002688992,0.004932684402337184,0.8035212092279247,0.8084538936302619,0.7993138233537822,0.8096443205116812,0.8035860598947807,0.8074761387987152,across_seed_bootstrap_exploratory
openml_23512_higgs,tabpfn,global_split_cp,100,q_global,10,0.6895983427762985,0.690219447016716,0.01606884620828762,0.013544179499149323,0.6844173073768616,0.6979614868760109,0.6537677347660065,0.7122752368450165,0.6792705041170121,0.6983867884427308,across_seed_bootstrap_exploratory
openml_23512_higgs,tabpfn,class_conditional_cp,10,coverage_minority,10,0.87914548404543,0.8991346673877771,0.10254983847087268,0.15205516495402915,0.8070578691184425,0.9591130340724716,0.6798269334775554,0.9989183342347214,0.8154875608436993,0.9355005408328826,across_seed_bootstrap_exploratory
openml_23512_higgs,tabpfn,class_conditional_cp,10,coverage_majority,10,0.8965653642064642,0.8994211287988423,0.017611580142270693,0.012711046792088787,0.8919440424505547,0.9046550892426435,0.86579835986493,0.9252291365171249,0.8860200192957066,0.9065123010130245,across_seed_bootstrap_exploratory
openml_23512_higgs,tabpfn,class_conditional_cp,10,coverage_disparity,10,0.09006851854315846,0.07772097249735643,0.06092994140104015,0.029925603519144556,0.06603255119975929,0.09595815471890384,0.01191418576213732,0.2454022030395695,0.05958506012428456,0.13024166672536772,across_seed_bootstrap_exploratory
openml_23512_higgs,tabpfn,class_conditional_cp,10,singleton_rate,10,0.6073482916879144,0.630979092299847,0.16132293680506113,0.22489801121876596,0.5010326364099948,0.7259306476287608,0.32070372259051505,0.8255481896991331,0.5120442376338603,0.6986844722080571,across_seed_bootstrap_exploratory
openml_23512_higgs,tabpfn,class_conditional_cp,10,average_set_size,10,1.3926517083120857,1.369020907700153,0.1613229368050611,0.22489801121876596,1.2740693523712392,1.4989673635900052,1.174451810300867,1.679296277409485,1.3008704742478328,1.491317950025497,across_seed_bootstrap_exploratory
openml_23512_higgs,tabpfn,class_conditional_cp,10,empty_rate,10,0.0,0.0,0.0,0.0,0.0,0.0,0.0,0.0,0.0,0.0,across_seed_bootstrap_exploratory
openml_23512_higgs,tabpfn,class_conditional_cp,10,doubleton_rate,10,0.3926517083120856,0.369020907700153,0.16132293680506113,0.22489801121876585,0.2740693523712392,0.49896736359000504,0.1744518103008669,0.679296277409485,0.3005553289138195,0.48977613462519104,across_seed_bootstrap_exploratory
openml_23512_higgs,tabpfn,class_conditional_cp,10,coverage_overall,10,0.8883528811830699,0.8875573686894441,0.04510778666979754,0.07009178990311071,0.8569224885262621,0.9270142784293728,0.809535951045385,0.947679755226925,0.8613661397246303,0.9145437276899541,across_seed_bootstrap_exploratory
openml_23512_higgs,tabpfn,class_conditional_cp,10,auroc,10,0.821785285432185,0.8217501879087719,0.0031321256033133614,0.004226655938712964,0.8200171915980712,0.8242438475367841,0.8160006908468274,0.8262054533590992,0.8198956062350492,0.8235413068484365,across_seed_bootstrap_exploratory
openml_23512_higgs,tabpfn,class_conditional_cp,10,auprc,10,0.8056224742032871,0.8060093732179082,0.0033034700002688992,0.004932684402337184,0.8035212092279247,0.8084538936302619,0.7993138233537822,0.8096443205116812,0.8035687057564458,0.8074867229280366,across_seed_bootstrap_exploratory
openml_23512_higgs,tabpfn,class_conditional_cp,10,q_minority,10,0.7253404388204217,0.726188912987709,0.15831204506002763,0.22605044022202492,0.6031121835112572,0.8291626237332821,0.4709191918373108,0.9738844130188227,0.6323873067414388,0.8180214386619628,across_seed_bootstrap_exploratory
openml_23512_higgs,tabpfn,class_conditional_cp,10,q_majority,10,0.6709349155426025,0.6764656156301498,0.02759429113175416,0.025577262043952942,0.6592667326331139,0.6848439946770668,0.6258723139762878,0.7122752368450165,0.6544312707334757,0.6866435323655605,across_seed_bootstrap_exploratory
openml_23512_higgs,tabpfn,class_conditional_cp,10,threshold_gap,10,0.14705392811447382,0.1484459713101387,0.08618621916089272,0.13180241361260414,0.07231725007295609,0.20411966368556023,0.031523823738098145,0.29586286284029484,0.09808642201125622,0.19871684622019523,across_seed_bootstrap_exploratory
openml_23512_higgs,tabpfn,class_conditional_cp,10,threshold_sum,10,1.3962753543630242,1.3746114373207092,0.15323660927100072,0.21859098598361015,1.282274104654789,1.5008650906383991,1.1831944286823273,1.6519059631973505,1.308668094240129,1.4854530824860557,across_seed_bootstrap_exploratory
openml_23512_higgs,tabpfn,class_conditional_cp,20,coverage_minority,10,0.9100054083288264,0.9285018929150892,0.05552354258444002,0.0906435911303407,0.8642239048134127,0.9548674959437534,0.8157923201730666,0.9760951865873445,0.8765927528393727,0.9417201189832342,across_seed_bootstrap_exploratory
openml_23512_higgs,tabpfn,class_conditional_cp,20,coverage_majority,10,0.8965653642064642,0.8994211287988423,0.017611580142270693,0.012711046792088787,0.8919440424505547,0.9046550892426435,0.86579835986493,0.9252291365171249,0.8858080077182826,0.9065315967197298,across_seed_bootstrap_exploratory
openml_23512_higgs,tabpfn,class_conditional_cp,20,coverage_disparity,10,0.04883015473351391,0.04846097432883112,0.02233389914901947,0.036480912877901506,0.03361254189628579,0.0700934547741873,0.01191418576213732,0.0753798940092778,0.035812525094724004,0.06198459278519014,across_seed_bootstrap_exploratory
openml_23512_higgs,tabpfn,class_conditional_cp,20,singleton_rate,10,0.5832789393166752,0.5774859765425804,0.10583118440170122,0.14914584395716468,0.5063997960224376,0.6555456399796022,0.44293727689954104,0.7470168281489036,0.5222233554309026,0.6460581336053034,across_seed_bootstrap_exploratory
openml_23512_higgs,tabpfn,class_conditional_cp,20,average_set_size,10,1.416721060683325,1.4225140234574196,0.10583118440170121,0.14914584395716468,1.3444543600203978,1.4936002039775624,1.2529831718510964,1.557062723100459,1.3547572667006627,1.477977434982152,across_seed_bootstrap_exploratory
openml_23512_higgs,tabpfn,class_conditional_cp,20,empty_rate,10,0.0,0.0,0.0,0.0,0.0,0.0,0.0,0.0,0.0,0.0,across_seed_bootstrap_exploratory
openml_23512_higgs,tabpfn,class_conditional_cp,20,doubleton_rate,10,0.4167210606833248,0.4225140234574197,0.10583118440170122,0.14914584395716474,0.34445436002039775,0.4936002039775625,0.25298317185109637,0.5570627231004589,0.3542627485976543,0.4781642019377868,across_seed_bootstrap_exploratory
openml_23512_higgs,tabpfn,class_conditional_cp,20,coverage_overall,10,0.9029015808261092,0.9035951045385007,0.029713406946621765,0.04204487506374288,0.8830698623151454,0.9251147373788883,0.855634880163182,0.9441101478837328,0.885395206527282,0.9199439061703213,across_seed_bootstrap_exploratory
openml_23512_higgs,tabpfn,class_conditional_cp,20,auroc,10,0.821785285432185,0.8217501879087719,0.0031321256033133614,0.004226655938712964,0.8200171915980712,0.8242438475367841,0.8160006908468274,0.8262054533590992,0.8199094317680489,0.8235983268096835,across_seed_bootstrap_exploratory
openml_23512_higgs,tabpfn,class_conditional_cp,20,auprc,10,0.8056224742032871,0.8060093732179082,0.0033034700002688992,0.004932684402337184,0.8035212092279247,0.8084538936302619,0.7993138233537822,0.8096443205116812,0.803649420139682,0.8074810524828236,across_seed_bootstrap_exploratory
openml_23512_higgs,tabpfn,class_conditional_cp,20,q_minority,10,0.7528552033007145,0.7694129943847656,0.09264347686035375,0.16254927217960358,0.6702719181776047,0.8328211903572083,0.6126877665519714,0.8775687590241432,0.6982970833778381,0.807778992243111,across_seed_bootstrap_exploratory
openml_23512_higgs,tabpfn,class_conditional_cp,20,q_majority,10,0.6709349155426025,0.6764656156301498,0.02759429113175416,0.025577262043952942,0.6592667326331139,0.6848439946770668,0.6258723139762878,0.7122752368450165,0.6540775939822198,0.6866068762540818,across_seed_bootstrap_exploratory
openml_23512_higgs,tabpfn,class_conditional_cp,20,threshold_gap,10,0.09767057076096534,0.095369353890419,0.06907683301907996,0.12139371037483215,0.03745650500059128,0.15885021537542343,0.0009892582893371582,0.1995472088456154,0.05713756829500198,0.13812267780303955,across_seed_bootstrap_exploratory
openml_23512_higgs,tabpfn,class_conditional_cp,20,threshold_sum,10,1.423790118843317,1.4292569682002068,0.10379793861021994,0.14948535338044167,1.3530860096216202,1.5025713630020618,1.2685896456241608,1.5621998608112335,1.3632975302450359,1.4840645015239715,across_seed_bootstrap_exploratory
openml_23512_higgs,tabpfn,class_conditional_cp,50,coverage_minority,10,0.910676041103299,0.9170362358031368,0.04274372436534838,0.0597890751757707,0.8845321795565171,0.9443212547322878,0.8393726338561385,0.9652785289345592,0.8845749053542457,0.9347109248242293,across_seed_bootstrap_exploratory
openml_23512_higgs,tabpfn,class_conditional_cp,50,coverage_majority,10,0.8965653642064642,0.8994211287988423,0.017611580142270693,0.012711046792088787,0.8919440424505547,0.9046550892426435,0.86579835986493,0.9252291365171249,0.8859141341051616,0.9066087795465508,across_seed_bootstrap_exploratory
openml_23512_higgs,tabpfn,class_conditional_cp,50,coverage_disparity,10,0.036239565225671844,0.03598719741861223,0.020909523567524787,0.03194150395371542,0.019503391228280237,0.05144489518199566,0.00972278205687116,0.07308752439683308,0.02413734846308754,0.04852827919395287,across_seed_bootstrap_exploratory
openml_23512_higgs,tabpfn,class_conditional_cp,50,singleton_rate,10,0.587440081591025,0.5868179500254972,0.08506714235956973,0.11194543600203988,0.5319989801121876,0.6439444161142275,0.44293727689954104,0.7373278939316675,0.538036206017338,0.6374145843957164,across_seed_bootstrap_exploratory
openml_23512_higgs,tabpfn,class_conditional_cp,50,average_set_size,10,1.412559918408975,1.4131820499745027,0.08506714235956973,0.11194543600203977,1.3560555838857726,1.4680010198878124,1.2626721060683326,1.557062723100459,1.3614482406935238,1.4618111932687408,across_seed_bootstrap_exploratory
openml_23512_higgs,tabpfn,class_conditional_cp,50,empty_rate,10,0.0,0.0,0.0,0.0,0.0,0.0,0.0,0.0,0.0,0.0,across_seed_bootstrap_exploratory
openml_23512_higgs,tabpfn,class_conditional_cp,50,doubleton_rate,10,0.412559918408975,0.4131820499745028,0.08506714235956973,0.11194543600203977,0.3560555838857726,0.46800101988781234,0.26267210606833247,0.5570627231004589,0.36218702192758795,0.46243765935747067,across_seed_bootstrap_exploratory
openml_23512_higgs,tabpfn,class_conditional_cp,50,coverage_overall,10,0.9032177460479346,0.9039265680775115,0.024654526008452762,0.026721060683324915,0.8900050994390617,0.9167261601223866,0.8562468128505865,0.9441101478837328,0.8885411779704232,0.9173842427332994,across_seed_bootstrap_exploratory
openml_23512_higgs,tabpfn,class_conditional_cp,50,auroc,10,0.821785285432185,0.8217501879087719,0.0031321256033133614,0.004226655938712964,0.8200171915980712,0.8242438475367841,0.8160006908468274,0.8262054533590992,0.8198977713667471,0.823597546893707,across_seed_bootstrap_exploratory
openml_23512_higgs,tabpfn,class_conditional_cp,50,auprc,10,0.8056224742032871,0.8060093732179082,0.0033034700002688992,0.004932684402337184,0.8035212092279247,0.8084538936302619,0.7993138233537822,0.8096443205116812,0.8035877316627198,0.8074859002312895,across_seed_bootstrap_exploratory
openml_23512_higgs,tabpfn,class_conditional_cp,50,q_minority,10,0.7493082597851753,0.752499908208847,0.07023720454815366,0.09844646230340004,0.7067764848470688,0.8052229471504688,0.6382800042629242,0.849924623966217,0.7077704658731818,0.7893827326968312,across_seed_bootstrap_exploratory
openml_23512_higgs,tabpfn,class_conditional_cp,50,q_majority,10,0.6709349155426025,0.6764656156301498,0.02759429113175416,0.025577262043952942,0.6592667326331139,0.6848439946770668,0.6258723139762878,0.7122752368450165,0.6544811859726907,0.6866687327623368,across_seed_bootstrap_exploratory
openml_23512_higgs,tabpfn,class_conditional_cp,50,threshold_gap,10,0.08415041714906693,0.0803644210100174,0.05657937977322101,0.10281394049525261,0.03295094519853592,0.13576488569378853,0.009215474128723145,0.16591715812683105,0.05065879832953215,0.11708260882645843,across_seed_bootstrap_exploratory
openml_23512_higgs,tabpfn,class_conditional_cp,50,threshold_sum,10,1.4202431753277778,1.4199761897325516,0.08452785496100898,0.11000071093440056,1.368175320327282,1.4781760312616825,1.2673445343971252,1.5621998608112335,1.369860514588654,1.4693624379485846,across_seed_bootstrap_exploratory
openml_23512_higgs,tabpfn,class_conditional_cp,100,coverage_minority,10,0.9080908599242834,0.9075175770686859,0.019246157852109688,0.026798269334775582,0.8923201730665224,0.919118442401298,0.8819902650081125,0.9388858842617631,0.8970359653866956,0.9197731206057329,across_seed_bootstrap_exploratory
openml_23512_higgs,tabpfn,class_conditional_cp,100,coverage_majority,10,0.8965653642064642,0.8994211287988423,0.017611580142270693,0.012711046792088787,0.8919440424505547,0.9046550892426435,0.86579835986493,0.9252291365171249,0.8858176555716353,0.9065894838398456,across_seed_bootstrap_exploratory
openml_23512_higgs,tabpfn,class_conditional_cp,100,coverage_disparity,10,0.021836311566701284,0.015512537643716628,0.021364841981464832,0.01846211182587315,0.010413837599338588,0.02887594942521174,1.2209830635656616e-05,0.07308752439683308,0.010691795437332398,0.03541809982162682,across_seed_bootstrap_exploratory
openml_23512_higgs,tabpfn,class_conditional_cp,100,singleton_rate,10,0.5973176950535442,0.5965068842427332,0.03632960705475915,0.03193523712391644,0.5738526262111168,0.6057878633350332,0.5464048954614993,0.6664456909739929,0.5769402090770016,0.6193575981642019,across_seed_bootstrap_exploratory
openml_23512_higgs,tabpfn,class_conditional_cp,100,average_set_size,10,1.4026823049464558,1.4034931157572668,0.036329607054759135,0.03193523712391633,1.394212136664967,1.4261473737888832,1.3335543090260071,1.4535951045385007,1.3803258541560428,1.423559408465069,across_seed_bootstrap_exploratory
openml_23512_higgs,tabpfn,class_conditional_cp,100,empty_rate,10,0.0,0.0,0.0,0.0,0.0,0.0,0.0,0.0,0.0,0.0,across_seed_bootstrap_exploratory
openml_23512_higgs,tabpfn,class_conditional_cp,100,doubleton_rate,10,0.4026823049464559,0.4034931157572667,0.036329607054759155,0.03193523712391638,0.39421213666496685,0.42614737378888323,0.33355430902600713,0.45359510453850077,0.3810606833248342,0.423029831718511,across_seed_bootstrap_exploratory
openml_23512_higgs,tabpfn,class_conditional_cp,100,coverage_overall,10,0.9019989801121875,0.901733809280979,0.011383692343553454,0.008210096889342156,0.8982661907190209,0.9064762876083631,0.8799082100968894,0.9194798572157062,0.895048189699133,0.90839380418154,across_seed_bootstrap_exploratory
openml_23512_higgs,tabpfn,class_conditional_cp,100,auroc,10,0.821785285432185,0.8217501879087719,0.0031321256033133614,0.004226655938712964,0.8200171915980712,0.8242438475367841,0.8160006908468274,0.8262054533590992,0.8199254458088321,0.8235543274066085,across_seed_bootstrap_exploratory
openml_23512_higgs,tabpfn,class_conditional_cp,100,auprc,10,0.8056224742032871,0.8060093732179082,0.0033034700002688992,0.004932684402337184,0.8035212092279247,0.8084538936302619,0.7993138233537822,0.8096443205116812,0.803602510773062,0.8074782352635954,across_seed_bootstrap_exploratory
openml_23512_higgs,tabpfn,class_conditional_cp,100,q_minority,10,0.7402896180748939,0.7372899204492569,0.029995307933010078,0.042069755494594574,0.7174356058239937,0.7595053613185883,0.7056849598884583,0.7917894721031189,0.7231702360510827,0.7580286653339863,across_seed_bootstrap_exploratory
openml_23512_higgs,tabpfn,class_conditional_cp,100,q_majority,10,0.6709349155426025,0.6764656156301498,0.02759429113175416,0.025577262043952942,0.6592667326331139,0.6848439946770668,0.6258723139762878,0.7122752368450165,0.654124469384551,0.6865789104253054,across_seed_bootstrap_exploratory
openml_23512_higgs,tabpfn,class_conditional_cp,100,threshold_gap,10,0.06935470253229141,0.06990620493888855,0.044479281004654425,0.04213395714759827,0.03959949314594269,0.08173345029354095,0.008033603429794312,0.16591715812683105,0.04496385667473078,0.09738069176673889,across_seed_bootstrap_exploratory
openml_23512_higgs,tabpfn,class_conditional_cp,100,threshold_sum,10,1.4112245336174964,1.4111810475587845,0.036659519410777816,0.0338842049241066,1.403393067419529,1.4372772723436356,1.3347494900226593,1.4616079330444336,1.388656933568418,1.4312533259391784,across_seed_bootstrap_exploratory
openml_23517_numerai28_6,logistic_regression,global_split_cp,10,coverage_minority,10,0.8363512379353756,0.8243810323122115,0.030850350867605094,0.04080990348300462,0.8118443138900545,0.8526542173730591,0.807595467897608,0.8972933277381452,0.8196178661351239,0.8553926248426353,across_seed_bootstrap_exploratory
openml_23517_numerai28_6,logistic_regression,global_split_cp,10,coverage_majority,10,0.9034730785039045,0.8991985203452528,0.016516300616431064,0.018906699547883266,0.8915433621043978,0.910450061652281,0.886046033703247,0.9360871352240033,0.894482120838471,0.9138000924784218,across_seed_bootstrap_exploratory
openml_23517_numerai28_6,logistic_regression,global_split_cp,10,coverage_disparity,10,0.06712184056852907,0.07158721120058703,0.01510660419170023,0.02017274237866895,0.05728207526976864,0.07745481764843759,0.038793807485858145,0.08405674941991315,0.05790030874003228,0.07555434371754716,across_seed_bootstrap_exploratory
openml_23517_numerai28_6,logistic_regression,global_split_cp,10,singleton_rate,10,0.2859375,0.30424626245847175,0.050734497970298296,0.06549781976744184,0.2607324543189369,0.3262302740863787,0.18552740863787376,0.3320182724252492,0.2543341206395349,0.31326321117109635,across_seed_bootstrap_exploratory
openml_23517_numerai28_6,logistic_regression,global_split_cp,10,average_set_size,10,1.7140625,1.6957537375415281,0.050734497970298276,0.06549781976744184,1.6737697259136213,1.7392675456810631,1.6679817275747508,1.8144725913621262,1.6869026422342195,1.745660558554817,across_seed_bootstrap_exploratory
openml_23517_numerai28_6,logistic_regression,global_split_cp,10,empty_rate,10,0.0,0.0,0.0,0.0,0.0,0.0,0.0,0.0,0.0,0.0,across_seed_bootstrap_exploratory
openml_23517_numerai28_6,logistic_regression,global_split_cp,10,doubleton_rate,10,0.7140625,0.6957537375415282,0.05073449797029829,0.06549781976744184,0.6737697259136213,0.7392675456810631,0.6679817275747508,0.8144725913621262,0.6862227470930232,0.7456296719269103,across_seed_bootstrap_exploratory
openml_23517_numerai28_6,logistic_regression,global_split_cp,10,coverage_overall,10,0.8702605897009967,0.8614254568106312,0.023488198390102556,0.02927740863787387,0.8523151993355481,0.881592607973422,0.8472279900332226,0.9168916112956811,0.8575840946843852,0.8847954734219268,across_seed_bootstrap_exploratory
openml_23517_numerai28_6,logistic_regression,global_split_cp,10,auroc,10,0.5297722328095001,0.5301612376611354,0.0025295766473396727,0.003801750531534198,0.5282358220019563,0.5320375725334905,0.5258060912867708,0.5325520206752896,0.5282471714622898,0.5311983143363846,across_seed_bootstrap_exploratory
openml_23517_numerai28_6,logistic_regression,global_split_cp,10,auprc,10,0.5208172574516631,0.5206323902525719,0.0029600612556096714,0.00499592365569157,0.5184935653666746,0.5234894890223661,0.5160687270975921,0.5242561671337909,0.5190808919006684,0.5225491594867844,across_seed_bootstrap_exploratory
openml_23517_numerai28_6,logistic_regression,global_split_cp,10,q_global,10,0.5329494682905012,0.5319022267637079,0.003995324952410414,0.006366358484601986,0.5296614658889797,0.5360278243735817,0.5287561500745358,0.539909023960858,0.5307453229243507,0.5354094595371995,across_seed_bootstrap_exploratory
openml_23517_numerai28_6,logistic_regression,global_split_cp,20,coverage_minority,10,0.8421527486361728,0.8441040704993705,0.03367675397566885,0.05080255979857329,0.8120016785564415,0.8628042383550147,0.7993075954678976,0.9039026437263953,0.8229542593369704,0.8625159987410826,across_seed_bootstrap_exploratory
openml_23517_numerai28_6,logistic_regression,global_split_cp,20,coverage_majority,10,0.9068228524455403,0.9070078092889438,0.01819402042850626,0.02627928483353892,0.8930846691327579,0.9193639539662968,0.8795725441841348,0.9397862720920674,0.8965577476366626,0.9176633785450061,across_seed_bootstrap_exploratory
openml_23517_numerai28_6,logistic_regression,global_split_cp,20,coverage_disparity,10,0.06467010380936758,0.06454779961982388,0.01616074796928212,0.024431311821525137,0.05438429300986111,0.07881560483138625,0.03588362836567216,0.08481052164435743,0.0549526078811433,0.07386494196372125,across_seed_bootstrap_exploratory
openml_23517_numerai28_6,logistic_regression,global_split_cp,20,singleton_rate,10,0.2759759136212624,0.2696740033222591,0.05555930630254563,0.08306945598006643,0.24190199335548174,0.32497144933554817,0.17410714285714285,0.34738372093023256,0.2427999117524917,0.30772516092192687,across_seed_bootstrap_exploratory
openml_23517_numerai28_6,logistic_regression,global_split_cp,20,average_set_size,10,1.7240240863787375,1.730325996677741,0.055559306302545644,0.08306945598006643,1.6750285506644518,1.7580980066445182,1.6526162790697674,1.8258928571428572,1.6919694767441862,1.7576842815614617,across_seed_bootstrap_exploratory
openml_23517_numerai28_6,logistic_regression,global_split_cp,20,empty_rate,10,0.0,0.0,0.0,0.0,0.0,0.0,0.0,0.0,0.0,0.0,across_seed_bootstrap_exploratory
openml_23517_numerai28_6,logistic_regression,global_split_cp,20,doubleton_rate,10,0.7240240863787376,0.7303259966777409,0.05555930630254561,0.08306945598006643,0.6750285506644518,0.7580980066445182,0.6526162790697675,0.8258928571428571,0.6917718282807308,0.7574595099667774,across_seed_bootstrap_exploratory
openml_23517_numerai28_6,logistic_regression,global_split_cp,20,coverage_overall,10,0.8748235049833888,0.8767130398671097,0.025751092006549823,0.038102159468438535,0.8528602574750831,0.8909624169435216,0.8398567275747508,0.9220307308970099,0.8600133669019934,0.8902461845930233,across_seed_bootstrap_exploratory
openml_23517_numerai28_6,logistic_regression,global_split_cp,20,auroc,10,0.5297722328095001,0.5301612376611354,0.0025295766473396727,0.003801750531534198,0.5282358220019563,0.5320375725334905,0.5258060912867708,0.5325520206752896,0.5282465954933812,0.5311964800322586,across_seed_bootstrap_exploratory
openml_23517_numerai28_6,logistic_regression,global_split_cp,20,auprc,10,0.5208172574516631,0.5206323902525719,0.0029600612556096714,0.00499592365569157,0.5184935653666746,0.5234894890223661,0.5160687270975921,0.5242561671337909,0.5190585499177187,0.5225395633831699,across_seed_bootstrap_exploratory
openml_23517_numerai28_6,logistic_regression,global_split_cp,20,q_global,10,0.5336953351966074,0.5333334679051926,0.00414565936113081,0.006437182654036144,0.5303314424267864,0.5367686250808226,0.5287561500745358,0.5409060440675459,0.5313255850560685,0.5361853200031496,across_seed_bootstrap_exploratory
openml_23517_numerai28_6,logistic_regression,global_split_cp,50,coverage_minority,10,0.855035669324381,0.8510805707091901,0.028501789658210073,0.038370751154007565,0.8359997901804448,0.8743705413344524,0.8126311372219891,0.9047419219471254,0.8388061267310114,0.8719366344943349,across_seed_bootstrap_exploratory
openml_23517_numerai28_6,logistic_regression,global_split_cp,50,coverage_majority,10,0.9140772708590218,0.9089601315248664,0.015475721717301756,0.02214344430743942,0.9038738183312782,0.9260172626387176,0.8945745992601726,0.9398890258939581,0.9053123715577478,0.923448417591451,across_seed_bootstrap_exploratory
openml_23517_numerai28_6,logistic_regression,global_split_cp,50,coverage_disparity,10,0.059041601534640754,0.057314414905277666,0.013719949649196898,0.018204455142683318,0.05070287826205594,0.06890733340473926,0.035147103946832625,0.08194346203818348,0.05096689613578439,0.06706617241354926,across_seed_bootstrap_exploratory
openml_23517_numerai28_6,logistic_regression,global_split_cp,50,singleton_rate,10,0.25445390365448506,0.26437915282392027,0.048151327279384634,0.06304505813953487,0.2206966362126246,0.28374169435215946,0.17265365448504982,0.3211171096345515,0.22619899813122923,0.28230403862126247,across_seed_bootstrap_exploratory
openml_23517_numerai28_6,logistic_regression,global_split_cp,50,average_set_size,10,1.745546096345515,1.7356208471760797,0.04815132727938463,0.06304505813953476,1.7162583056478407,1.7793033637873754,1.6788828903654485,1.8273463455149501,1.718537037998339,1.7746106727574749,across_seed_bootstrap_exploratory
openml_23517_numerai28_6,logistic_regression,global_split_cp,50,empty_rate,10,0.0,0.0,0.0,0.0,0.0,0.0,0.0,0.0,0.0,0.0,across_seed_bootstrap_exploratory
openml_23517_numerai28_6,logistic_regression,global_split_cp,50,doubleton_rate,10,0.7455460963455149,0.7356208471760797,0.04815132727938462,0.06304505813953487,0.7162583056478405,0.7793033637873754,0.6788828903654485,0.8273463455149501,0.7182202553986712,0.7736197051495016,across_seed_bootstrap_exploratory
openml_23517_numerai28_6,logistic_regression,global_split_cp,50,coverage_overall,10,0.8848629568106313,0.8800352990033222,0.021815065974645415,0.028914036544850474,0.8715479651162791,0.9004620016611296,0.8540282392026578,0.9224979235880398,0.8722845722591362,0.8978875103820597,across_seed_bootstrap_exploratory
openml_23517_numerai28_6,logistic_regression,global_split_cp,50,auroc,10,0.5297722328095001,0.5301612376611354,0.0025295766473396727,0.003801750531534198,0.5282358220019563,0.5320375725334905,0.5258060912867708,0.5325520206752896,0.5282434236488801,0.5312264465044649,across_seed_bootstrap_exploratory
openml_23517_numerai28_6,logistic_regression,global_split_cp,50,auprc,10,0.5208172574516631,0.5206323902525719,0.0029600612556096714,0.00499592365569157,0.5184935653666746,0.5234894890223661,0.5160687270975921,0.5242561671337909,0.5190585457028831,0.5225353032814717,across_seed_bootstrap_exploratory
openml_23517_numerai28_6,logistic_regression,global_split_cp,50,q_global,10,0.5351747878928295,0.5356422709426392,0.0038175180490745923,0.005511508606894422,0.5321773325099073,0.5376888411168017,0.529030894949843,0.541073014888873,0.5329301751658411,0.5373907512649136,across_seed_bootstrap_exploratory
openml_23517_numerai28_6,logistic_regression,global_split_cp,100,coverage_minority,10,0.8701531682752831,0.8679710449013849,0.01745948976740959,0.012274443978178784,0.8631451951321863,0.8754196391103651,0.846202266051196,0.9047419219471254,0.860406525388166,0.8807385648342425,across_seed_bootstrap_exploratory
openml_23517_numerai28_6,logistic_regression,global_split_cp,100,coverage_majority,10,0.9223695026715989,0.9182593505959721,0.009041199273181698,0.010326757090012295,0.9166923551171393,0.9270191122071516,0.9139950678175093,0.9398890258939581,0.9175400739827373,0.9280209617755857,across_seed_bootstrap_exploratory
openml_23517_numerai28_6,logistic_regression,global_split_cp,100,coverage_disparity,10,0.05221633439631558,0.05178183630142191,0.009390890932607457,0.006095007984871531,0.04808537284322659,0.05418038082809812,0.035147103946832625,0.06810106317198528,0.04674513210870462,0.057801352689338184,across_seed_bootstrap_exploratory
openml_23517_numerai28_6,logistic_regression,global_split_cp,100,singleton_rate,10,0.22980689368770763,0.2364514119601329,0.03002882053252219,0.030821740033222578,0.21509032392026578,0.24591206395348836,0.17265365448504982,0.2668189368770764,0.21137873754152828,0.24674029277408635,across_seed_bootstrap_exploratory
openml_23517_numerai28_6,logistic_regression,global_split_cp,100,average_set_size,10,1.7701931063122924,1.7635485880398671,0.030028820532522184,0.03082174003322269,1.7540879360465116,1.7849096760797343,1.7331810631229236,1.8273463455149501,1.7533482142857142,1.7884708523671093,across_seed_bootstrap_exploratory
openml_23517_numerai28_6,logistic_regression,global_split_cp,100,empty_rate,10,0.0,0.0,0.0,0.0,0.0,0.0,0.0,0.0,0.0,0.0,across_seed_bootstrap_exploratory
openml_23517_numerai28_6,logistic_regression,global_split_cp,100,doubleton_rate,10,0.7701931063122924,0.7635485880398671,0.030028820532522156,0.030821740033222578,0.7540879360465116,0.7849096760797342,0.7331810631229236,0.8273463455149501,0.7533534053156147,0.7885177014119601,across_seed_bootstrap_exploratory
openml_23517_numerai28_6,logistic_regression,global_split_cp,100,coverage_overall,10,0.8965323920265782,0.8933762458471761,0.013041688251447714,0.01105689368770768,0.8904303363787375,0.9014872300664452,0.8806063122923588,0.9224979235880398,0.8893531976744186,0.9046876297757475,across_seed_bootstrap_exploratory
openml_23517_numerai28_6,logistic_regression,global_split_cp,100,auroc,10,0.5297722328095001,0.5301612376611354,0.0025295766473396727,0.003801750531534198,0.5282358220019563,0.5320375725334905,0.5258060912867708,0.5325520206752896,0.5282552689027756,0.5311962267320635,across_seed_bootstrap_exploratory
openml_23517_numerai28_6,logistic_regression,global_split_cp,100,auprc,10,0.5208172574516631,0.5206323902525719,0.0029600612556096714,0.00499592365569157,0.5184935653666746,0.5234894890223661,0.5160687270975921,0.5242561671337909,0.5190614722948577,0.5225472218552741,across_seed_bootstrap_exploratory
openml_23517_numerai28_6,logistic_regression,global_split_cp,100,q_global,10,0.5369272159770121,0.5371327899518639,0.002742816002560771,0.003293574014008427,0.5355257425895313,0.5388193166035398,0.5323898180965191,0.541073014888873,0.5352867075363317,0.5385199194075262,across_seed_bootstrap_exploratory
openml_23517_numerai28_6,logistic_regression,class_conditional_cp,10,coverage_minority,10,0.892404532102392,0.9199013848090642,0.11174040172438147,0.11448279479647494,0.8548310952580781,0.969313890054553,0.6250524548887957,0.9967477968946706,0.8191775073436844,0.9500007868233318,across_seed_bootstrap_exploratory
openml_23517_numerai28_6,logistic_regression,class_conditional_cp,10,coverage_majority,10,0.9017159884915742,0.8958076448828607,0.02044741850163991,0.02404438964241684,0.8865598027127003,0.9106041923551171,0.8774147143444307,0.9367036580353473,0.8904336210439787,0.9143136046033703,across_seed_bootstrap_exploratory
openml_23517_numerai28_6,logistic_regression,class_conditional_cp,10,coverage_disparity,10,0.08068439378878922,0.07638149748552864,0.07435773703889341,0.03752404559698877,0.051810963533137105,0.08933500913012588,0.002641113352750968,0.2695221443713769,0.04397257225925037,0.1295669769158819,across_seed_bootstrap_exploratory
openml_23517_numerai28_6,logistic_regression,class_conditional_cp,10,singleton_rate,10,0.2260745431893688,0.21563538205980065,0.12005241640222769,0.11633098006644521,0.1489955357142857,0.2653265157807309,0.08009759136212624,0.5085651993355482,0.16403070494186048,0.30439368770764097,across_seed_bootstrap_exploratory
openml_23517_numerai28_6,logistic_regression,class_conditional_cp,10,average_set_size,10,1.773925456810631,1.7843646179401995,0.12005241640222769,0.11633098006644493,1.7346734842192693,1.8510044642857142,1.4914348006644518,1.9199024086378738,1.695395167151163,1.836591569767442,across_seed_bootstrap_exploratory
openml_23517_numerai28_6,logistic_regression,class_conditional_cp,10,empty_rate,10,0.0,0.0,0.0,0.0,0.0,0.0,0.0,0.0,0.0,0.0,across_seed_bootstrap_exploratory
openml_23517_numerai28_6,logistic_regression,class_conditional_cp,10,doubleton_rate,10,0.7739254568106313,0.7843646179401993,0.12005241640222768,0.11633098006644527,0.734673484219269,0.8510044642857143,0.49143480066445183,0.9199024086378738,0.69707135070598,0.8367796148255813,across_seed_bootstrap_exploratory
openml_23517_numerai28_6,logistic_regression,class_conditional_cp,10,coverage_overall,10,0.8971085963455149,0.9041735880398671,0.05677318572135806,0.05281872923588038,0.8799963662790697,0.9328150955149501,0.7612126245847176,0.964233803986711,0.860828228820598,0.9266559385382059,across_seed_bootstrap_exploratory
openml_23517_numerai28_6,logistic_regression,class_conditional_cp,10,auroc,10,0.5297722328095001,0.5301612376611354,0.0025295766473396727,0.003801750531534198,0.5282358220019563,0.5320375725334905,0.5258060912867708,0.5325520206752896,0.5282616167689806,0.5312029583080438,across_seed_bootstrap_exploratory
openml_23517_numerai28_6,logistic_regression,class_conditional_cp,10,auprc,10,0.5208172574516631,0.5206323902525719,0.0029600612556096714,0.00499592365569157,0.5184935653666746,0.5234894890223661,0.5160687270975921,0.5242561671337909,0.5190377133185147,0.5225381662246839,across_seed_bootstrap_exploratory
openml_23517_numerai28_6,logistic_regression,class_conditional_cp,10,q_minority,10,0.5470851811614097,0.5445717529867395,0.019347567925552474,0.0208870305732195,0.5355796472921479,0.5564666778653674,0.513959619200499,0.5818189670375409,0.5357618178708067,0.5587199988118652,across_seed_bootstrap_exploratory
openml_23517_numerai28_6,logistic_regression,class_conditional_cp,10,q_majority,10,0.532743041070764,0.5309745661776906,0.004790404417102881,0.006905803709568614,0.529230441290556,0.5361362450001246,0.5278529468190815,0.5415053185692964,0.5301148865703913,0.5357151682456177,across_seed_bootstrap_exploratory
openml_23517_numerai28_6,logistic_regression,class_conditional_cp,10,threshold_gap,10,0.019579158699681763,0.01791338916830254,0.013199936980095174,0.01778332639771571,0.009296140031385125,0.027079466429100835,0.0040524759614172234,0.0429902871310498,0.012194070371870121,0.027602280749512702,across_seed_bootstrap_exploratory
openml_23517_numerai28_6,logistic_regression,class_conditional_cp,10,threshold_sum,10,1.0798282222321738,1.0762770716817012,0.020565247675133427,0.0160378841994,1.0704804573555082,1.0865183415549082,1.0429855633382674,1.120647646944032,1.0682739164730717,1.0922414630725448,across_seed_bootstrap_exploratory
openml_23517_numerai28_6,logistic_regression,class_conditional_cp,20,coverage_minority,10,0.895950482584977,0.9094104070499371,0.07848796807567864,0.08728493495593781,0.8669744020142678,0.9542593369702056,0.7367813680234998,0.9894041124632815,0.8475443243810324,0.9389640159462861,across_seed_bootstrap_exploratory
openml_23517_numerai28_6,logistic_regression,class_conditional_cp,20,coverage_majority,10,0.9017159884915742,0.8958076448828607,0.02044741850163991,0.02404438964241684,0.8865598027127003,0.9106041923551171,0.8774147143444307,0.9367036580353473,0.8903511611179612,0.9142314015618578,across_seed_bootstrap_exploratory
openml_23517_numerai28_6,logistic_regression,class_conditional_cp,20,coverage_disparity,10,0.06102430146818496,0.0634176802770825,0.04224152669490909,0.03855531345385749,0.0349833899320075,0.07353870338586499,0.002641113352750968,0.15779323123667277,0.03815778117933253,0.0877366780536679,across_seed_bootstrap_exploratory
openml_23517_numerai28_6,logistic_regression,class_conditional_cp,20,singleton_rate,10,0.22307412790697673,0.21825685215946844,0.09120058319951169,0.06872923588039867,0.1716154485049834,0.24034468438538206,0.08819559800664452,0.39867109634551495,0.17222786025747508,0.2782402408637873,across_seed_bootstrap_exploratory
openml_23517_numerai28_6,logistic_regression,class_conditional_cp,20,average_set_size,10,1.7769258720930232,1.7817431478405314,0.09120058319951167,0.06872923588039859,1.759655315614618,1.8283845514950166,1.601328903654485,1.9118044019933556,1.721812188538206,1.8286495535714287,across_seed_bootstrap_exploratory
openml_23517_numerai28_6,logistic_regression,class_conditional_cp,20,empty_rate,10,0.0,0.0,0.0,0.0,0.0,0.0,0.0,0.0,0.0,0.0,across_seed_bootstrap_exploratory
openml_23517_numerai28_6,logistic_regression,class_conditional_cp,20,doubleton_rate,10,0.7769258720930233,0.7817431478405316,0.09120058319951166,0.06872923588039859,0.759655315614618,0.8283845514950166,0.6013289036544851,0.9118044019933554,0.7202652616279069,0.8270721293604649,across_seed_bootstrap_exploratory
openml_23517_numerai28_6,logistic_regression,class_conditional_cp,20,coverage_overall,10,0.8988631644518271,0.9027720099667773,0.04228819583272809,0.02960184800664445,0.8925975913621262,0.9221994393687707,0.8164970930232558,0.9606000830564784,0.8729957433554817,0.9221140469269102,across_seed_bootstrap_exploratory
openml_23517_numerai28_6,logistic_regression,class_conditional_cp,20,auroc,10,0.5297722328095001,0.5301612376611354,0.0025295766473396727,0.003801750531534198,0.5282358220019563,0.5320375725334905,0.5258060912867708,0.5325520206752896,0.5282522996391413,0.5312106961587325,across_seed_bootstrap_exploratory
openml_23517_numerai28_6,logistic_regression,class_conditional_cp,20,auprc,10,0.5208172574516631,0.5206323902525719,0.0029600612556096714,0.00499592365569157,0.5184935653666746,0.5234894890223661,0.5160687270975921,0.5242561671337909,0.5190688836125514,0.5225279296340927,across_seed_bootstrap_exploratory
openml_23517_numerai28_6,logistic_regression,class_conditional_cp,20,q_minority,10,0.5444853066574916,0.5425025789024663,0.013820371566153527,0.01401320457089883,0.5375140351748838,0.5515272397457827,0.5222974521905985,0.5698593823307389,0.5365584997211447,0.5527927818224062,across_seed_bootstrap_exploratory
openml_23517_numerai28_6,logistic_regression,class_conditional_cp,20,q_majority,10,0.532743041070764,0.5309745661776906,0.004790404417102881,0.006905803709568614,0.529230441290556,0.5361362450001246,0.5278529468190815,0.5415053185692964,0.5301137798314668,0.5357272799847875,across_seed_bootstrap_exploratory
openml_23517_numerai28_6,logistic_regression,class_conditional_cp,20,threshold_gap,10,0.014071218871807022,0.012043464478330101,0.010805549485634775,0.017332450700520585,0.0053693288454634835,0.02270177954598407,0.0011670232382638979,0.03103070242424777,0.008008519070889524,0.020583344789075104,across_seed_bootstrap_exploratory
openml_23517_numerai28_6,logistic_regression,class_conditional_cp,20,threshold_sum,10,1.077228347728256,1.0777765003046402,0.01563148003669352,0.009536341336732423,1.0714139726787681,1.0809503140155006,1.0513233963283668,1.10868806223723,1.0683447368733396,1.0865551231455652,across_seed_bootstrap_exploratory
openml_23517_numerai28_6,logistic_regression,class_conditional_cp,50,coverage_minority,10,0.9109315988250106,0.9144460763743181,0.03428287164810869,0.05531368023499783,0.8811634494334872,0.9364771296684851,0.8644565673520772,0.9583508182962652,0.890662242971045,0.9304133445237095,across_seed_bootstrap_exploratory
openml_23517_numerai28_6,logistic_regression,class_conditional_cp,50,coverage_majority,10,0.9017159884915742,0.8958076448828607,0.02044741850163991,0.02404438964241684,0.8865598027127003,0.9106041923551171,0.8774147143444307,0.9367036580353473,0.8904336210439785,0.9141697492807233,across_seed_bootstrap_exploratory
openml_23517_numerai28_6,logistic_regression,class_conditional_cp,50,coverage_disparity,10,0.0359609977096639,0.03605873671207499,0.023674018202543667,0.032226436004863274,0.0200775776112444,0.052304013616107675,0.0019032091094630665,0.07035871468662713,0.022001699253808182,0.0495726703087133,across_seed_bootstrap_exploratory
openml_23517_numerai28_6,logistic_regression,class_conditional_cp,50,singleton_rate,10,0.2089545265780731,0.214078073089701,0.04102764050527582,0.035662375415282416,0.19692171926910298,0.2325840946843854,0.13195598006644518,0.2708160299003322,0.1839437551910299,0.23181063122923593,across_seed_bootstrap_exploratory
openml_23517_numerai28_6,logistic_regression,class_conditional_cp,50,average_set_size,10,1.7910454734219272,1.7859219269102988,0.041027640505275804,0.03566237541528228,1.7674159053156147,1.803078280730897,1.7291839700996678,1.8680440199335548,1.767888289036545,1.8161338507059803,across_seed_bootstrap_exploratory
openml_23517_numerai28_6,logistic_regression,class_conditional_cp,50,empty_rate,10,0.0,0.0,0.0,0.0,0.0,0.0,0.0,0.0,0.0,0.0,across_seed_bootstrap_exploratory
openml_23517_numerai28_6,logistic_regression,class_conditional_cp,50,doubleton_rate,10,0.7910454734219269,0.785921926910299,0.04102764050527583,0.03566237541528228,0.7674159053156147,0.8030782807308969,0.7291839700996677,0.8680440199335548,0.7676806478405316,0.8160092659883722,across_seed_bootstrap_exploratory
openml_23517_numerai28_6,logistic_regression,class_conditional_cp,50,coverage_overall,10,0.9062759551495017,0.9049262873754154,0.017806808967308987,0.016909779900332156,0.8945442275747508,0.911454007475083,0.879671926910299,0.9406665282392026,0.8962209302325581,0.9171305284468436,across_seed_bootstrap_exploratory
openml_23517_numerai28_6,logistic_regression,class_conditional_cp,50,auroc,10,0.5297722328095001,0.5301612376611354,0.0025295766473396727,0.003801750531534198,0.5282358220019563,0.5320375725334905,0.5258060912867708,0.5325520206752896,0.5282663716655895,0.5312076902704611,across_seed_bootstrap_exploratory
openml_23517_numerai28_6,logistic_regression,class_conditional_cp,50,auprc,10,0.5208172574516631,0.5206323902525719,0.0029600612556096714,0.00499592365569157,0.5184935653666746,0.5234894890223661,0.5160687270975921,0.5242561671337909,0.519067963331143,0.5225124276344973,across_seed_bootstrap_exploratory
openml_23517_numerai28_6,logistic_regression,class_conditional_cp,50,q_minority,10,0.5438557342570973,0.5439658610130884,0.006397978303372168,0.006275402793695983,0.5403134199250621,0.5465888227187581,0.5340050498032838,0.5554528295261576,0.540156942496789,0.547695527323086,across_seed_bootstrap_exploratory
openml_23517_numerai28_6,logistic_regression,class_conditional_cp,50,q_majority,10,0.532743041070764,0.5309745661776906,0.004790404417102881,0.006905803709568614,0.529230441290556,0.5361362450001246,0.5278529468190815,0.5415053185692964,0.5300930496214057,0.5356878558687884,across_seed_bootstrap_exploratory
openml_23517_numerai28_6,logistic_regression,class_conditional_cp,50,threshold_gap,10,0.012027573697121263,0.01085817056791416,0.006944967800000758,0.0109723482125538,0.006162286417072282,0.017134634629626083,0.0031193789037449182,0.024178522920291212,0.008026944417704211,0.01620977559293319,across_seed_bootstrap_exploratory
openml_23517_numerai28_6,logistic_regression,class_conditional_cp,50,threshold_sum,10,1.0765987753278616,1.0754058731039189,0.0074838999321377095,0.0038934153645810987,1.0742984200611372,1.0781918354257183,1.063030993941052,1.0896298875953097,1.0722228481648537,1.0810114193294205,across_seed_bootstrap_exploratory
openml_23517_numerai28_6,logistic_regression,class_conditional_cp,100,coverage_minority,10,0.9090117498950901,0.9139215274863617,0.022714631829758865,0.021165547629039105,0.9020404951741502,0.9232060428031893,0.8650860260176249,0.9362148552245069,0.8949535774234159,0.921454049517415,across_seed_bootstrap_exploratory
openml_23517_numerai28_6,logistic_regression,class_conditional_cp,100,coverage_majority,10,0.9017159884915742,0.8958076448828607,0.02044741850163991,0.02404438964241684,0.8865598027127003,0.9106041923551171,0.8774147143444307,0.9367036580353473,0.8905055487053021,0.9141903000411015,across_seed_bootstrap_exploratory
openml_23517_numerai28_6,logistic_regression,class_conditional_cp,100,coverage_disparity,10,0.022982606105481716,0.011705352632247978,0.023774668153176505,0.029638402773861094,0.005817350654269665,0.03545575342813076,0.0019032091094630665,0.07161763201772242,0.009889446524817255,0.03814952271441138,across_seed_bootstrap_exploratory
openml_23517_numerai28_6,logistic_regression,class_conditional_cp,100,singleton_rate,10,0.21112437707641196,0.21550560631229237,0.031698845084435164,0.03432568521594684,0.1951827242524917,0.22950840946843853,0.14612749169435216,0.26380813953488375,0.19163180024916945,0.22906457641196015,across_seed_bootstrap_exploratory
openml_23517_numerai28_6,logistic_regression,class_conditional_cp,100,average_set_size,10,1.7888756229235878,1.7844943936877078,0.031698845084435136,0.03432568521594681,1.7704915905315615,1.8048172757475083,1.7361918604651163,1.8538725083056478,1.770639534883721,1.8083940251245845,across_seed_bootstrap_exploratory
openml_23517_numerai28_6,logistic_regression,class_conditional_cp,100,empty_rate,10,0.0,0.0,0.0,0.0,0.0,0.0,0.0,0.0,0.0,0.0,across_seed_bootstrap_exploratory
openml_23517_numerai28_6,logistic_regression,class_conditional_cp,100,doubleton_rate,10,0.788875622923588,0.7844943936877077,0.03169884508443516,0.03432568521594681,0.7704915905315615,0.8048172757475083,0.7361918604651163,0.8538725083056479,0.77054583679402,0.8082338818521595,across_seed_bootstrap_exploratory
openml_23517_numerai28_6,logistic_regression,class_conditional_cp,100,coverage_overall,10,0.9053259966777409,0.9042514534883721,0.01390330141748857,0.013704318936877069,0.8978015988372093,0.9115059177740864,0.8817483388704319,0.934281561461794,0.8973887821843854,0.9138133305647841,across_seed_bootstrap_exploratory
openml_23517_numerai28_6,logistic_regression,class_conditional_cp,100,auroc,10,0.5297722328095001,0.5301612376611354,0.0025295766473396727,0.003801750531534198,0.5282358220019563,0.5320375725334905,0.5258060912867708,0.5325520206752896,0.5282625998939001,0.5312256581450002,across_seed_bootstrap_exploratory
openml_23517_numerai28_6,logistic_regression,class_conditional_cp,100,auprc,10,0.5208172574516631,0.5206323902525719,0.0029600612556096714,0.00499592365569157,0.5184935653666746,0.5234894890223661,0.5160687270975921,0.5242561671337909,0.5190793815554595,0.5224982021879588,across_seed_bootstrap_exploratory
openml_23517_numerai28_6,logistic_regression,class_conditional_cp,100,q_minority,10,0.5430023399594786,0.5438523204547052,0.004085556582801267,0.0064285879147841785,0.5397735637959196,0.5462021517107037,0.536756395015627,0.547582447324092,0.5405188593956279,0.545326374933217,across_seed_bootstrap_exploratory
openml_23517_numerai28_6,logistic_regression,class_conditional_cp,100,q_majority,10,0.532743041070764,0.5309745661776906,0.004790404417102881,0.006905803709568614,0.529230441290556,0.5361362450001246,0.5278529468190815,0.5415053185692964,0.5301429336768975,0.5356728012719031,across_seed_bootstrap_exploratory
openml_23517_numerai28_6,logistic_regression,class_conditional_cp,100,threshold_gap,10,0.011209083599448267,0.00975492289054053,0.003897745733138318,0.005092353383145315,0.009229124082070467,0.014321477465215782,0.004748923553669404,0.017563542374496866,0.00899769927881963,0.013523137799577123,across_seed_bootstrap_exploratory
openml_23517_numerai28_6,logistic_regression,class_conditional_cp,100,threshold_sum,10,1.0757453810302426,1.0752923325455357,0.006436702369621564,0.00479596008869021,1.0735451166291727,1.078341076717863,1.0651049492812592,1.086411127230583,1.072003530950266,1.0795061879475876,across_seed_bootstrap_exploratory
openml_23517_numerai28_6,xgboost,global_split_cp,10,coverage_minority,10,0.8884179605539234,0.8905266470835081,0.02256734793459465,0.029322282836760416,0.8729018044481746,0.902224087284935,0.8539655895929501,0.9247796894670584,0.875324958036089,0.901720520352497,across_seed_bootstrap_exploratory
openml_23517_numerai28_6,xgboost,global_split_cp,10,coverage_majority,10,0.9123921085080149,0.9066995478832717,0.01813210460738091,0.02735819975339082,0.8988902589395807,0.9262484586929716,0.8908754623921085,0.9451294697903823,0.9022400328812165,0.9234278668310727,across_seed_bootstrap_exploratory
openml_23517_numerai28_6,xgboost,global_split_cp,10,coverage_disparity,10,0.02397414795409115,0.024056527785611126,0.006990003673023403,0.009612654818459077,0.018241559484490633,0.02785421430294971,0.015130982422933759,0.038451179827518445,0.020110289260360598,0.028316431561828424,across_seed_bootstrap_exploratory
openml_23517_numerai28_6,xgboost,global_split_cp,10,singleton_rate,10,0.21233388704318937,0.21389638704318936,0.042197288564974886,0.05795784883720931,0.18485257475083056,0.24281042358803986,0.13886004983388706,0.2696220930232558,0.18717244601328903,0.23689264950166114,across_seed_bootstrap_exploratory
openml_23517_numerai28_6,xgboost,global_split_cp,10,average_set_size,10,1.7876661129568105,1.7861036129568106,0.04219728856497493,0.05795784883720945,1.75718957641196,1.8151474252491695,1.7303779069767442,1.861139950166113,1.763189368770764,1.8127077709717607,across_seed_bootstrap_exploratory
openml_23517_numerai28_6,xgboost,global_split_cp,10,empty_rate,10,0.0,0.0,0.0,0.0,0.0,0.0,0.0,0.0,0.0,0.0,across_seed_bootstrap_exploratory
openml_23517_numerai28_6,xgboost,global_split_cp,10,doubleton_rate,10,0.7876661129568107,0.7861036129568106,0.04219728856497491,0.057957848837209336,0.7571895764119602,0.8151474252491695,0.7303779069767442,0.861139950166113,0.7633928571428572,0.8126764950166112,across_seed_bootstrap_exploratory
openml_23517_numerai28_6,xgboost,global_split_cp,10,coverage_overall,10,0.900529485049834,0.8986970514950166,0.02014642501469986,0.02833004568106312,0.8860309385382059,0.914360984219269,0.873390780730897,0.9350602159468439,0.8889014482973421,0.9126300352990032,across_seed_bootstrap_exploratory
openml_23517_numerai28_6,xgboost,global_split_cp,10,auroc,10,0.519058477542236,0.5196584343752905,0.0024585637788806874,0.0034184328743002146,0.517126240914934,0.5205446737892342,0.5153239638078946,0.5221619210191936,0.5175694441390144,0.5204272095091164,across_seed_bootstrap_exploratory
openml_23517_numerai28_6,xgboost,global_split_cp,10,auprc,10,0.5133854102746174,0.5130567987776316,0.0019366134295345356,0.0020028907426382636,0.5123937731775643,0.5143966639202026,0.5101908128004795,0.5166072823304277,0.5122757956143745,0.5145580608563977,across_seed_bootstrap_exploratory
openml_23517_numerai28_6,xgboost,global_split_cp,10,q_global,10,0.5717089653015137,0.5693489909172058,0.008252409652838008,0.009935960173606873,0.5670725852251053,0.5770085453987122,0.5608252286911011,0.5879272222518921,0.5671223694086075,0.5767023904621601,across_seed_bootstrap_exploratory
openml_23517_numerai28_6,xgboost,global_split_cp,20,coverage_minority,10,0.8917331095258078,0.8965589592950063,0.02215421393734851,0.02662085606378506,0.8789865715484684,0.9056074276122534,0.8517624842635334,0.9189047419219472,0.878052874527906,0.9039341166596728,across_seed_bootstrap_exploratory
openml_23517_numerai28_6,xgboost,global_split_cp,20,coverage_majority,10,0.9152383888203863,0.9170776818742293,0.016349335770851563,0.01903514180024657,0.9058518290176737,0.9248869708179203,0.8907727085902178,0.9409165639128648,0.9057233867653103,0.9247228216194,across_seed_bootstrap_exploratory
openml_23517_numerai28_6,xgboost,global_split_cp,20,coverage_disparity,10,0.023505279294578553,0.023002018510689948,0.008215586483653047,0.010605826584698275,0.018263130021375168,0.028868956606073443,0.011680429553148963,0.03901022432668444,0.01881484140039073,0.028385984631515277,across_seed_bootstrap_exploratory
openml_23517_numerai28_6,xgboost,global_split_cp,20,singleton_rate,10,0.20580876245847177,0.20164555647840532,0.040050671577473204,0.04411077657807305,0.18203644102990035,0.2261472176079734,0.14861918604651161,0.27367109634551495,0.18315497819767443,0.22998896906146174,across_seed_bootstrap_exploratory
openml_23517_numerai28_6,xgboost,global_split_cp,20,average_set_size,10,1.7941912375415285,1.7983544435215948,0.040050671577473225,0.04411077657807305,1.7738527823920267,1.8179635589700998,1.726328903654485,1.8513808139534884,1.7699957174003322,1.8165029329318938,across_seed_bootstrap_exploratory
openml_23517_numerai28_6,xgboost,global_split_cp,20,empty_rate,10,0.0,0.0,0.0,0.0,0.0,0.0,0.0,0.0,0.0,0.0,across_seed_bootstrap_exploratory
openml_23517_numerai28_6,xgboost,global_split_cp,20,doubleton_rate,10,0.7941912375415282,0.7983544435215947,0.04005067157747321,0.04411077657807316,0.7738527823920265,0.8179635589700996,0.7263289036544851,0.8513808139534884,0.7698955305232559,0.8166425716362126,across_seed_bootstrap_exploratory
openml_23517_numerai28_6,xgboost,global_split_cp,20,coverage_overall,10,0.903607765780731,0.9058087624584718,0.019000594787501005,0.02080305232558144,0.8933243355481727,0.9141273878737541,0.8714700996677741,0.9300249169435216,0.8920369601328904,0.9143740915697673,across_seed_bootstrap_exploratory
openml_23517_numerai28_6,xgboost,global_split_cp,20,auroc,10,0.519058477542236,0.5196584343752905,0.0024585637788806874,0.0034184328743002146,0.517126240914934,0.5205446737892342,0.5153239638078946,0.5221619210191936,0.5175635471816524,0.5204564101113794,across_seed_bootstrap_exploratory
openml_23517_numerai28_6,xgboost,global_split_cp,20,auprc,10,0.5133854102746174,0.5130567987776316,0.0019366134295345356,0.0020028907426382636,0.5123937731775643,0.5143966639202026,0.5101908128004795,0.5166072823304277,0.5122741320898886,0.5145250336390553,across_seed_bootstrap_exploratory
openml_23517_numerai28_6,xgboost,global_split_cp,20,q_global,10,0.5728152960538864,0.573269784450531,0.00767728152743466,0.008427150547504425,0.5683908984065056,0.57681804895401,0.5610070824623108,0.5856301188468933,0.5682789918035268,0.5773171638697385,across_seed_bootstrap_exploratory
openml_23517_numerai28_6,xgboost,global_split_cp,50,coverage_minority,10,0.8922681493915231,0.8959819555182542,0.022959584653867854,0.02774863617289136,0.87644250944188,0.9041911456147713,0.8539655895929501,0.9301300881242132,0.8788391733109525,0.9056231640788921,across_seed_bootstrap_exploratory
openml_23517_numerai28_6,xgboost,global_split_cp,50,coverage_majority,10,0.9156905055487051,0.9121454993834772,0.017447734744075634,0.020987464036169245,0.9050811755034937,0.9260686395396629,0.8924167694204685,0.948623099054665,0.905846691327579,0.9263460748047677,across_seed_bootstrap_exploratory
openml_23517_numerai28_6,xgboost,global_split_cp,50,coverage_disparity,10,0.023422356157182023,0.02196587814873785,0.007902934844234134,0.011117482737965034,0.017645324404489293,0.028762807142454327,0.013702476043229272,0.038451179827518445,0.019049403579506095,0.02821067362339658,across_seed_bootstrap_exploratory
openml_23517_numerai28_6,xgboost,global_split_cp,50,singleton_rate,10,0.20513392857142856,0.2035143272425249,0.04156108867410379,0.04613527823920266,0.18437240448504982,0.23050768272425248,0.13003529900332225,0.2696220930232558,0.1805229962624585,0.229163335755814,across_seed_bootstrap_exploratory
openml_23517_numerai28_6,xgboost,global_split_cp,50,average_set_size,10,1.7948660714285716,1.7964856727574752,0.04156108867410379,0.046135278239202604,1.7694923172757475,1.8156275955149501,1.7303779069767442,1.8699647009966778,1.7707070182724256,1.8194611710963458,across_seed_bootstrap_exploratory
openml_23517_numerai28_6,xgboost,global_split_cp,50,empty_rate,10,0.0,0.0,0.0,0.0,0.0,0.0,0.0,0.0,0.0,0.0,across_seed_bootstrap_exploratory
openml_23517_numerai28_6,xgboost,global_split_cp,50,doubleton_rate,10,0.7948660714285715,0.7964856727574751,0.04156108867410381,0.046135278239202715,0.7694923172757475,0.8156275955149502,0.7303779069767442,0.8699647009966778,0.770945675872093,0.8192692327657808,across_seed_bootstrap_exploratory
openml_23517_numerai28_6,xgboost,global_split_cp,50,coverage_overall,10,0.9041009136212625,0.903265157807309,0.019975345664026412,0.023424522425249283,0.8913517441860465,0.9147762666112957,0.873390780730897,0.9394725913621262,0.8926026526162791,0.9160353509136211,across_seed_bootstrap_exploratory
openml_23517_numerai28_6,xgboost,global_split_cp,50,auroc,10,0.519058477542236,0.5196584343752905,0.0024585637788806874,0.0034184328743002146,0.517126240914934,0.5205446737892342,0.5153239638078946,0.5221619210191936,0.5175817856446169,0.5204631004273748,across_seed_bootstrap_exploratory
openml_23517_numerai28_6,xgboost,global_split_cp,50,auprc,10,0.5133854102746174,0.5130567987776316,0.0019366134295345356,0.0020028907426382636,0.5123937731775643,0.5143966639202026,0.5101908128004795,0.5166072823304277,0.5122861116505736,0.5145355982733539,across_seed_bootstrap_exploratory
openml_23517_numerai28_6,xgboost,global_split_cp,50,q_global,10,0.5730131983757019,0.5710327178239822,0.008665788561439788,0.01028316468000412,0.5675269290804863,0.5778100937604904,0.5622640550136566,0.5902193486690521,0.5681973303109407,0.5783056089282036,across_seed_bootstrap_exploratory
openml_23517_numerai28_6,xgboost,global_split_cp,100,coverage_minority,10,0.8890998741082669,0.8865925304238356,0.02657978697532233,0.03435795216114146,0.870095467897608,0.9044534200587495,0.8554343264792279,0.9376835921107848,0.8740033571128828,0.9051198594208982,across_seed_bootstrap_exploratory
openml_23517_numerai28_6,xgboost,global_split_cp,100,coverage_majority,10,0.9135532264693793,0.9139436909165639,0.019912807235179592,0.02666461159062883,0.896321413892314,0.9229860254829428,0.8899506781750924,0.9535552815454171,0.9023939066995478,0.9255651459103985,across_seed_bootstrap_exploratory
openml_23517_numerai28_6,xgboost,global_split_cp,100,coverage_disparity,10,0.024453352361112457,0.02452148550520289,0.008409644779711168,0.011723193331170528,0.018006956988629697,0.029730150319800225,0.011948460452247733,0.037889979352651926,0.019482140781246222,0.029420244659260124,across_seed_bootstrap_exploratory
openml_23517_numerai28_6,xgboost,global_split_cp,100,singleton_rate,10,0.21030419435215947,0.2132734634551495,0.047567046365207664,0.06146179401993354,0.1863969061461794,0.24785870016611294,0.11622715946843853,0.26733803986710963,0.181265573089701,0.23671628426079735,across_seed_bootstrap_exploratory
openml_23517_numerai28_6,xgboost,global_split_cp,100,average_set_size,10,1.7896958056478405,1.7867265365448506,0.047567046365207644,0.06146179401993357,1.752141299833887,1.8136030938538206,1.7326619601328903,1.8837728405315615,1.762837416943522,1.8190155211794017,across_seed_bootstrap_exploratory
openml_23517_numerai28_6,xgboost,global_split_cp,100,empty_rate,10,0.0,0.0,0.0,0.0,0.0,0.0,0.0,0.0,0.0,0.0,across_seed_bootstrap_exploratory
openml_23517_numerai28_6,xgboost,global_split_cp,100,doubleton_rate,10,0.7896958056478406,0.7867265365448506,0.04756704636520768,0.06146179401993357,0.752141299833887,0.8136030938538206,0.7326619601328903,0.8837728405315615,0.7629568106312292,0.8188438278654484,across_seed_bootstrap_exploratory
openml_23517_numerai28_6,xgboost,global_split_cp,100,coverage_overall,10,0.901453488372093,0.9010070598006645,0.023069781526644628,0.030172861295680975,0.8833445805647842,0.9135174418604651,0.8728716777408638,0.9457018272425249,0.8884862956810631,0.915625,across_seed_bootstrap_exploratory
openml_23517_numerai28_6,xgboost,global_split_cp,100,auroc,10,0.519058477542236,0.5196584343752905,0.0024585637788806874,0.0034184328743002146,0.517126240914934,0.5205446737892342,0.5153239638078946,0.5221619210191936,0.5175482061883315,0.5204581062039881,across_seed_bootstrap_exploratory
openml_23517_numerai28_6,xgboost,global_split_cp,100,auprc,10,0.5133854102746174,0.5130567987776316,0.0019366134295345356,0.0020028907426382636,0.5123937731775643,0.5143966639202026,0.5101908128004795,0.5166072823304277,0.5122693187186446,0.5145369531347237,across_seed_bootstrap_exploratory
openml_23517_numerai28_6,xgboost,global_split_cp,100,q_global,10,0.5722976505756379,0.5713597983121872,0.010121675902124356,0.012583240866661072,0.5642796009778976,0.5768628418445587,0.5620273351669312,0.5941661596298218,0.5668266974389553,0.5786512621492147,across_seed_bootstrap_exploratory
openml_23517_numerai28_6,xgboost,class_conditional_cp,10,coverage_minority,10,0.8831514897188416,0.9048468317247167,0.09348071207488524,0.13045530843474606,0.8275545530843474,0.9580098615190935,0.7007973143096936,0.994964330675619,0.8268975556021819,0.9357532522031053,across_seed_bootstrap_exploratory
openml_23517_numerai28_6,xgboost,class_conditional_cp,10,coverage_majority,10,0.912916152897657,0.9137895602137278,0.01954035549753407,0.03110871352240019,0.8951397451705714,0.9262484586929716,0.8895396629675298,0.9451294697903823,0.9015721331689273,0.9244040279490342,across_seed_bootstrap_exploratory
openml_23517_numerai28_6,xgboost,class_conditional_cp,10,coverage_disparity,10,0.07340851048123274,0.05545779643070464,0.05480083816525522,0.06672083986809568,0.033836798934913453,0.10055763880300914,0.018012357707759774,0.19727091421476184,0.044673695341488434,0.10788794044643185,across_seed_bootstrap_exploratory
openml_23517_numerai28_6,xgboost,class_conditional_cp,10,singleton_rate,10,0.2170421511627907,0.1880969684385382,0.10462970997113503,0.15286285299003322,0.1366668397009967,0.2895296926910299,0.08679401993355482,0.42016196013289037,0.15837196324750832,0.2806740552325581,across_seed_bootstrap_exploratory
openml_23517_numerai28_6,xgboost,class_conditional_cp,10,average_set_size,10,1.7829578488372095,1.8119030315614617,0.10462970997113503,0.15286285299003333,1.71047030730897,1.8633331602990033,1.5798380398671097,1.9132059800664452,1.7191439991694353,1.8412274190199338,across_seed_bootstrap_exploratory
openml_23517_numerai28_6,xgboost,class_conditional_cp,10,empty_rate,10,0.0,0.0,0.0,0.0,0.0,0.0,0.0,0.0,0.0,0.0,across_seed_bootstrap_exploratory
openml_23517_numerai28_6,xgboost,class_conditional_cp,10,doubleton_rate,10,0.7829578488372092,0.8119030315614618,0.10462970997113503,0.15286285299003322,0.7104703073089701,0.8633331602990033,0.5798380398671097,0.9132059800664452,0.7189723058554818,0.8411260641611294,across_seed_bootstrap_exploratory
openml_23517_numerai28_6,xgboost,class_conditional_cp,10,coverage_overall,10,0.898188330564784,0.9128945182724253,0.05015464483903393,0.0714285714285714,0.8642545681063123,0.9356831395348837,0.8004568106312292,0.9612749169435216,0.8675716362126245,0.9266421823089699,across_seed_bootstrap_exploratory
openml_23517_numerai28_6,xgboost,class_conditional_cp,10,auroc,10,0.519058477542236,0.5196584343752905,0.0024585637788806874,0.0034184328743002146,0.517126240914934,0.5205446737892342,0.5153239638078946,0.5221619210191936,0.5175753643000649,0.5204309385790119,across_seed_bootstrap_exploratory
openml_23517_numerai28_6,xgboost,class_conditional_cp,10,auprc,10,0.5133854102746174,0.5130567987776316,0.0019366134295345356,0.0020028907426382636,0.5123937731775643,0.5143966639202026,0.5101908128004795,0.5166072823304277,0.5122675882809149,0.5145726077347904,across_seed_bootstrap_exploratory
openml_23517_numerai28_6,xgboost,class_conditional_cp,10,q_minority,10,0.5839949727058411,0.5776211619377136,0.040142230786113065,0.052566707134246826,0.5547483563423157,0.6073150634765625,0.534591019153595,0.6640587449073792,0.5620697210729122,0.6086590383946895,across_seed_bootstrap_exploratory
openml_23517_numerai28_6,xgboost,class_conditional_cp,10,q_majority,10,0.5721248090267181,0.5728940069675446,0.00879553587490562,0.01218588650226593,0.5648226588964462,0.5770085453987122,0.5604337453842163,0.5879272222518921,0.5670649088919163,0.5774066554009915,across_seed_bootstrap_exploratory
openml_23517_numerai28_6,xgboost,class_conditional_cp,10,threshold_gap,10,0.029526561498641968,0.02290014922618866,0.02916723719530485,0.026132412254810333,0.010676831007003784,0.03680924326181412,0.002260953187942505,0.10362499952316284,0.015072249919176103,0.04914590418338773,across_seed_bootstrap_exploratory
openml_23517_numerai28_6,xgboost,class_conditional_cp,10,threshold_sum,10,1.1561197817325592,1.1519541889429092,0.04140848353299107,0.059010326862335205,1.1226180866360664,1.1816284134984016,1.1021189093589783,1.2244924902915955,1.1324717663228512,1.18129571467638,across_seed_bootstrap_exploratory
openml_23517_numerai28_6,xgboost,class_conditional_cp,20,coverage_minority,10,0.909315988250105,0.9135018883759967,0.041189264496355994,0.026122534620226734,0.907967897608057,0.9340904322282837,0.8197650020981956,0.9628619387326899,0.8832878724297105,0.9314519513218631,across_seed_bootstrap_exploratory
openml_23517_numerai28_6,xgboost,class_conditional_cp,20,coverage_majority,10,0.912916152897657,0.9137895602137278,0.01954035549753407,0.03110871352240019,0.8951397451705714,0.9262484586929716,0.8895396629675298,0.9451294697903823,0.9017051993423757,0.9243631833127826,across_seed_bootstrap_exploratory
openml_23517_numerai28_6,xgboost,class_conditional_cp,20,coverage_disparity,10,0.03769771375162365,0.033037546403065055,0.024338693666534707,0.039029876045195394,0.017931185222632096,0.05696106126782749,0.009716076972816845,0.0743985819544144,0.0242128291247825,0.05265540262070054,across_seed_bootstrap_exploratory
openml_23517_numerai28_6,xgboost,class_conditional_cp,20,singleton_rate,10,0.18984115448504985,0.17216050664451826,0.048029900788739546,0.0450840946843854,0.15868978405315615,0.20377387873754155,0.14944975083056478,0.3060112126245847,0.16556789867109636,0.22140300560631224,across_seed_bootstrap_exploratory
openml_23517_numerai28_6,xgboost,class_conditional_cp,20,average_set_size,10,1.81015884551495,1.8278394933554818,0.04802990078873953,0.04508409468438557,1.7962261212624584,1.841310215946844,1.6939887873754154,1.8505502491694352,1.7785078384551494,1.8343594269102994,across_seed_bootstrap_exploratory
openml_23517_numerai28_6,xgboost,class_conditional_cp,20,empty_rate,10,0.0,0.0,0.0,0.0,0.0,0.0,0.0,0.0,0.0,0.0,across_seed_bootstrap_exploratory
openml_23517_numerai28_6,xgboost,class_conditional_cp,20,doubleton_rate,10,0.8101588455149502,0.8278394933554818,0.04802990078873957,0.045084094684385345,0.7962261212624585,0.8413102159468439,0.6939887873754153,0.8505502491694352,0.7792099252491694,0.8344789503737541,across_seed_bootstrap_exploratory
openml_23517_numerai28_6,xgboost,class_conditional_cp,20,coverage_overall,10,0.9111347591362126,0.9209406146179402,0.022207572006549395,0.021296200166113,0.9043552740863787,0.9256514742524917,0.8573504983388704,0.9283118770764119,0.896662037998339,0.9223838507059801,across_seed_bootstrap_exploratory
openml_23517_numerai28_6,xgboost,class_conditional_cp,20,auroc,10,0.519058477542236,0.5196584343752905,0.0024585637788806874,0.0034184328743002146,0.517126240914934,0.5205446737892342,0.5153239638078946,0.5221619210191936,0.5175785477194605,0.5204501229089407,across_seed_bootstrap_exploratory
openml_23517_numerai28_6,xgboost,class_conditional_cp,20,auprc,10,0.5133854102746174,0.5130567987776316,0.0019366134295345356,0.0020028907426382636,0.5123937731775643,0.5143966639202026,0.5101908128004795,0.5166072823304277,0.512267279966878,0.5145358841553466,across_seed_bootstrap_exploratory
openml_23517_numerai28_6,xgboost,class_conditional_cp,20,q_minority,10,0.5807835698127747,0.5815359205007553,0.01365935649065661,0.007602177560329437,0.5790931805968285,0.5866953581571579,0.5551240742206573,0.6047994494438171,0.5724706077575684,0.5885016320645808,across_seed_bootstrap_exploratory
openml_23517_numerai28_6,xgboost,class_conditional_cp,20,q_majority,10,0.5721248090267181,0.5728940069675446,0.00879553587490562,0.01218588650226593,0.5648226588964462,0.5770085453987122,0.5604337453842163,0.5879272222518921,0.5670169210433961,0.5773696474730969,across_seed_bootstrap_exploratory
openml_23517_numerai28_6,xgboost,class_conditional_cp,20,threshold_gap,10,0.013947957754135131,0.011401310563087463,0.012728005506462782,0.010129205882549286,0.006807826459407806,0.016937032341957092,0.0004799067974090576,0.04436570405960083,0.0074284768849611285,0.022296872064471243,across_seed_bootstrap_exploratory
openml_23517_numerai28_6,xgboost,class_conditional_cp,20,threshold_sum,10,1.1529083788394927,1.1593601256608963,0.015264983495343182,0.015222795307636261,1.146703228354454,1.1619260236620903,1.1190449893474579,1.1697096228599548,1.143143833130598,1.1610313855856658,across_seed_bootstrap_exploratory
openml_23517_numerai28_6,xgboost,class_conditional_cp,50,coverage_minority,10,0.9012379353755771,0.9121905161561057,0.034257293313158715,0.036351237935375647,0.8830780528745279,0.9194292908099035,0.8327738145195133,0.9407259756609316,0.879783885858162,0.9200797314309692,across_seed_bootstrap_exploratory
openml_23517_numerai28_6,xgboost,class_conditional_cp,50,coverage_majority,10,0.912916152897657,0.9137895602137278,0.01954035549753407,0.03110871352240019,0.8951397451705714,0.9262484586929716,0.8895396629675298,0.9451294697903823,0.9017257501027538,0.9244453863542952,across_seed_bootstrap_exploratory
openml_23517_numerai28_6,xgboost,class_conditional_cp,50,coverage_disparity,10,0.02994147905797314,0.018427792665508647,0.022052013769228364,0.03624629581814873,0.012407230521578855,0.04865352633972758,0.007550787457188846,0.06346200713748684,0.017630458197442203,0.04314968042403376,across_seed_bootstrap_exploratory
openml_23517_numerai28_6,xgboost,class_conditional_cp,50,singleton_rate,10,0.1982454318936877,0.18965427740863788,0.04402778877576977,0.0393999169435216,0.17953176910299004,0.21893168604651164,0.12583056478405316,0.2916839700996678,0.173297082641196,0.22581538102159465,across_seed_bootstrap_exploratory
openml_23517_numerai28_6,xgboost,class_conditional_cp,50,average_set_size,10,1.8017545681063123,1.8103457225913622,0.04402778877576978,0.03939991694352152,1.7810683139534884,1.82046823089701,1.7083160299003322,1.8741694352159468,1.7753581810631232,1.8262514275332227,across_seed_bootstrap_exploratory
openml_23517_numerai28_6,xgboost,class_conditional_cp,50,empty_rate,10,0.0,0.0,0.0,0.0,0.0,0.0,0.0,0.0,0.0,0.0,across_seed_bootstrap_exploratory
openml_23517_numerai28_6,xgboost,class_conditional_cp,50,doubleton_rate,10,0.8017545681063123,0.8103457225913622,0.044027788775769766,0.03939991694352152,0.7810683139534884,0.8204682308970099,0.7083160299003323,0.8741694352159468,0.7744186046511629,0.8266616486710965,across_seed_bootstrap_exploratory
openml_23517_numerai28_6,xgboost,class_conditional_cp,50,coverage_overall,10,0.907137666112957,0.9110517026578073,0.020997734840159397,0.020919850498338888,0.8960106935215947,0.9169305440199336,0.8637873754152824,0.9413932724252492,0.894320623961794,0.9191081810631229,across_seed_bootstrap_exploratory
openml_23517_numerai28_6,xgboost,class_conditional_cp,50,auroc,10,0.519058477542236,0.5196584343752905,0.0024585637788806874,0.0034184328743002146,0.517126240914934,0.5205446737892342,0.5153239638078946,0.5221619210191936,0.5175926167814421,0.520436911386294,across_seed_bootstrap_exploratory
openml_23517_numerai28_6,xgboost,class_conditional_cp,50,auprc,10,0.5133854102746174,0.5130567987776316,0.0019366134295345356,0.0020028907426382636,0.5123937731775643,0.5143966639202026,0.5101908128004795,0.5166072823304277,0.5122707353304283,0.5145520774754992,across_seed_bootstrap_exploratory
openml_23517_numerai28_6,xgboost,class_conditional_cp,50,q_minority,10,0.5768711805343628,0.5798769891262054,0.011523278902043622,0.014172151684761047,0.5677405893802643,0.5819127410650253,0.557940661907196,0.5941237211227417,0.5699573546648026,0.5834181252866983,across_seed_bootstrap_exploratory
openml_23517_numerai28_6,xgboost,class_conditional_cp,50,q_majority,10,0.5721248090267181,0.5728940069675446,0.00879553587490562,0.01218588650226593,0.5648226588964462,0.5770085453987122,0.5604337453842163,0.5879272222518921,0.5671199730038643,0.5773960684239864,across_seed_bootstrap_exploratory
openml_23517_numerai28_6,xgboost,class_conditional_cp,50,threshold_gap,10,0.010046672821044923,0.008730664849281311,0.008050295260385346,0.006458558142185211,0.0060343146324157715,0.012492872774600983,0.0004799067974090576,0.02916845679283142,0.0058584710210561755,0.015233289897441861,across_seed_bootstrap_exploratory
openml_23517_numerai28_6,xgboost,class_conditional_cp,50,threshold_sum,10,1.1489959895610808,1.1498421728610992,0.016381941740827424,0.01695864647626877,1.139005683362484,1.1559643298387527,1.1218615770339966,1.1820509433746338,1.1395518258213997,1.1588416522741318,across_seed_bootstrap_exploratory
openml_23517_numerai28_6,xgboost,class_conditional_cp,100,coverage_minority,10,0.89447125472094,0.8909462861938733,0.03741946945355765,0.054448174569869945,0.8625944187998321,0.9170425933697021,0.8481955518254302,0.953629878304658,0.872933277381452,0.9167331095258078,across_seed_bootstrap_exploratory
openml_23517_numerai28_6,xgboost,class_conditional_cp,100,coverage_majority,10,0.912916152897657,0.9137895602137278,0.01954035549753407,0.03110871352240019,0.8951397451705714,0.9262484586929716,0.8895396629675298,0.9451294697903823,0.9016440608302506,0.9245170571311139,across_seed_bootstrap_exploratory
openml_23517_numerai28_6,xgboost,class_conditional_cp,100,coverage_disparity,10,0.03421076370006134,0.03184121704655829,0.01929258172427506,0.030859633649709894,0.019445380856557032,0.050305014506266926,0.008500408514275692,0.06272763869434794,0.022962765631298104,0.045767686783817214,across_seed_bootstrap_exploratory
openml_23517_numerai28_6,xgboost,class_conditional_cp,100,singleton_rate,10,0.2054401993355482,0.21202761627906977,0.048836420390852044,0.052922549833887056,0.17559956395348836,0.2285221137873754,0.11062084717607973,0.27486503322259137,0.1758863683554817,0.23236088039867112,across_seed_bootstrap_exploratory
openml_23517_numerai28_6,xgboost,class_conditional_cp,100,average_set_size,10,1.7945598006644516,1.7879723837209303,0.048836420390852044,0.052922549833887,1.7714778862126246,1.8244004360465116,1.7251349667774087,1.8893791528239203,1.7666885122508307,1.8243926495016614,across_seed_bootstrap_exploratory
openml_23517_numerai28_6,xgboost,class_conditional_cp,100,empty_rate,10,0.0,0.0,0.0,0.0,0.0,0.0,0.0,0.0,0.0,0.0,across_seed_bootstrap_exploratory
openml_23517_numerai28_6,xgboost,class_conditional_cp,100,doubleton_rate,10,0.7945598006644519,0.7879723837209303,0.048836420390852044,0.052922549833887,0.7714778862126246,0.8244004360465116,0.7251349667774086,0.8893791528239202,0.7669746677740863,0.8248755450581395,across_seed_bootstrap_exploratory
openml_23517_numerai28_6,xgboost,class_conditional_cp,100,coverage_overall,10,0.9037894518272426,0.901733803986711,0.023709027258441002,0.02794071843853818,0.8910921926910299,0.9190329111295681,0.8694455980066446,0.9493355481727574,0.8905210496262459,0.9182569819352159,across_seed_bootstrap_exploratory
openml_23517_numerai28_6,xgboost,class_conditional_cp,100,auroc,10,0.519058477542236,0.5196584343752905,0.0024585637788806874,0.0034184328743002146,0.517126240914934,0.5205446737892342,0.5153239638078946,0.5221619210191936,0.5175700140577161,0.5204533481946894,across_seed_bootstrap_exploratory
openml_23517_numerai28_6,xgboost,class_conditional_cp,100,auprc,10,0.5133854102746174,0.5130567987776316,0.0019366134295345356,0.0020028907426382636,0.5123937731775643,0.5143966639202026,0.5101908128004795,0.5166072823304277,0.5122650771855448,0.5145523289581406,across_seed_bootstrap_exploratory
openml_23517_numerai28_6,xgboost,class_conditional_cp,100,q_minority,10,0.5749552071094512,0.5730263739824295,0.014080186103414088,0.016659170389175415,0.5641558840870857,0.5808150544762611,0.5600055754184723,0.60312819480896,0.5672063481062651,0.5835213530808687,across_seed_bootstrap_exploratory
openml_23517_numerai28_6,xgboost,class_conditional_cp,100,q_majority,10,0.5721248090267181,0.5728940069675446,0.00879553587490562,0.01218588650226593,0.5648226588964462,0.5770085453987122,0.5604337453842163,0.5879272222518921,0.5670898365974426,0.5773146325349807,across_seed_bootstrap_exploratory
openml_23517_numerai28_6,xgboost,class_conditional_cp,100,threshold_gap,10,0.010279148817062378,0.01163230836391449,0.006723310844599882,0.010716959834098816,0.004089131951332092,0.014806091785430908,0.0004799067974090576,0.018362045288085938,0.006196667775511742,0.014078975096344945,across_seed_bootstrap_exploratory
openml_23517_numerai28_6,xgboost,class_conditional_cp,100,threshold_sum,10,1.1470800161361694,1.1420598477125168,0.019937992786580715,0.021564684808254242,1.136059932410717,1.1576246172189713,1.1220785677433014,1.191055417060852,1.1363572269678115,1.1596613258123398,across_seed_bootstrap_exploratory
openml_23517_numerai28_6,tabpfn,global_split_cp,10,coverage_minority,10,0.8414498531263114,0.8389634913973982,0.06323419475361698,0.10577528325639962,0.7916229542593369,0.8973982375157366,0.7418170373478808,0.9321233738984473,0.8042695656735207,0.8781063785144775,across_seed_bootstrap_exploratory
openml_23517_numerai28_6,tabpfn,global_split_cp,10,coverage_majority,10,0.9091450883682697,0.9118372379778052,0.022131662498676756,0.029053637484587003,0.8901561857788738,0.9192098232634608,0.8809083436087135,0.9487258528565556,0.8965885737772299,0.9221845458281956,across_seed_bootstrap_exploratory
openml_23517_numerai28_6,tabpfn,global_split_cp,10,coverage_disparity,10,0.06769523524195825,0.07287374658040696,0.043320764402819296,0.06481962503615574,0.027428721718557536,0.09224834675471327,0.01522149028284503,0.14402348875158488,0.042477171882489305,0.09328419476636032,across_seed_bootstrap_exploratory
openml_23517_numerai28_6,tabpfn,global_split_cp,10,singleton_rate,10,0.27457952657807305,0.27374896179402,0.09008254717622305,0.1493978405315614,0.20232039036544852,0.35171823089700993,0.1364202657807309,0.4070286544850498,0.2221706291528239,0.327445364410299,across_seed_bootstrap_exploratory
openml_23517_numerai28_6,tabpfn,global_split_cp,10,average_set_size,10,1.7254204734219267,1.7262510382059801,0.09008254717622306,0.14939784053156147,1.64828176910299,1.7976796096345515,1.5929713455149501,1.863579734219269,1.672793163413621,1.7779290386212625,across_seed_bootstrap_exploratory
openml_23517_numerai28_6,tabpfn,global_split_cp,10,empty_rate,10,0.0,0.0,0.0,0.0,0.0,0.0,0.0,0.0,0.0,0.0,across_seed_bootstrap_exploratory
openml_23517_numerai28_6,tabpfn,global_split_cp,10,doubleton_rate,10,0.725420473421927,0.7262510382059801,0.09008254717622306,0.14939784053156147,0.6482817691029901,0.7976796096345515,0.5929713455149501,0.8635797342192691,0.6731770400747509,0.7786806997508305,across_seed_bootstrap_exploratory
openml_23517_numerai28_6,tabpfn,global_split_cp,10,coverage_overall,10,0.8756488787375416,0.8757786544850499,0.041914810126610726,0.06923536129568109,0.8391818936877076,0.9084172549833887,0.8145764119601329,0.9405107973421927,0.8515046200166113,0.9000259551495015,across_seed_bootstrap_exploratory
openml_23517_numerai28_6,tabpfn,global_split_cp,10,auroc,10,0.5310882700218132,0.5320136412032137,0.003331622415673987,0.00523358115627226,0.528210742614619,0.5334443237708912,0.5260906261798577,0.5352715253045143,0.5290641640089954,0.5329795979938603,across_seed_bootstrap_exploratory
openml_23517_numerai28_6,tabpfn,global_split_cp,10,auprc,10,0.5237481436822294,0.5243299845448975,0.0031871974074624753,0.00473029969361094,0.5211928295180934,0.5259231292117044,0.5184258940219342,0.5284713922968676,0.5218401810819108,0.5255454203896313,across_seed_bootstrap_exploratory
openml_23517_numerai28_6,tabpfn,global_split_cp,10,q_global,10,0.5315463811159133,0.5305866599082947,0.006436806846687157,0.009430915117263794,0.526666522026062,0.5360974371433258,0.5216336250305176,0.5410833358764648,0.5278250918537378,0.5353760749101639,across_seed_bootstrap_exploratory
openml_23517_numerai28_6,tabpfn,global_split_cp,20,coverage_minority,10,0.8480172052035251,0.8450482584976919,0.06353357169052505,0.10050356693243823,0.8013795635753251,0.9018831305077634,0.7482165337809484,0.9384179605539237,0.8108683906840118,0.8844631242131766,across_seed_bootstrap_exploratory
openml_23517_numerai28_6,tabpfn,global_split_cp,20,coverage_majority,10,0.9121352240032883,0.9147657213316893,0.02219273061976891,0.028719687628442236,0.8956535141800247,0.9243732018084669,0.8779284833538841,0.9518084669132758,0.8992704480065763,0.9252979860254831,across_seed_bootstrap_exploratory
openml_23517_numerai28_6,tabpfn,global_split_cp,20,coverage_disparity,10,0.06411801879976314,0.06907437840202185,0.04357047638594206,0.06673653537119614,0.027858957449491073,0.09459549282068722,0.009067731960131997,0.1409121139790187,0.03928233540979662,0.09024897336749085,across_seed_bootstrap_exploratory
openml_23517_numerai28_6,tabpfn,global_split_cp,20,singleton_rate,10,0.2641818936877076,0.26308139534883723,0.09024748365382343,0.14567327657807305,0.18943365863787376,0.3351069352159468,0.12619393687707642,0.3964389534883721,0.21247858700166114,0.3175359478820598,across_seed_bootstrap_exploratory
openml_23517_numerai28_6,tabpfn,global_split_cp,20,average_set_size,10,1.7358181063122924,1.7369186046511627,0.09024748365382347,0.14567327657807327,1.664893064784053,1.8105663413621262,1.603561046511628,1.8738060631229236,1.683034935631229,1.7893064784053156,across_seed_bootstrap_exploratory
openml_23517_numerai28_6,tabpfn,global_split_cp,20,empty_rate,10,0.0,0.0,0.0,0.0,0.0,0.0,0.0,0.0,0.0,0.0,across_seed_bootstrap_exploratory
openml_23517_numerai28_6,tabpfn,global_split_cp,20,doubleton_rate,10,0.7358181063122924,0.7369186046511629,0.09024748365382343,0.14567327657807305,0.6648930647840532,0.8105663413621262,0.6035610465116279,0.8738060631229236,0.6829055492109634,0.78929635589701,across_seed_bootstrap_exploratory
openml_23517_numerai28_6,tabpfn,global_split_cp,20,coverage_overall,10,0.8804090531561461,0.8802688953488372,0.04209006495221866,0.06695130813953487,0.8490059177740864,0.9159572259136213,0.8194040697674418,0.9451827242524917,0.8555699750830567,0.9046994393687706,across_seed_bootstrap_exploratory
openml_23517_numerai28_6,tabpfn,global_split_cp,20,auroc,10,0.5310882700218132,0.5320136412032137,0.003331622415673987,0.00523358115627226,0.528210742614619,0.5334443237708912,0.5260906261798577,0.5352715253045143,0.5290982731750357,0.5329828616694512,across_seed_bootstrap_exploratory
openml_23517_numerai28_6,tabpfn,global_split_cp,20,auprc,10,0.5237481436822294,0.5243299845448975,0.0031871974074624753,0.00473029969361094,0.5211928295180934,0.5259231292117044,0.5184258940219342,0.5284713922968676,0.5218391137811456,0.5255792512311005,across_seed_bootstrap_exploratory
openml_23517_numerai28_6,tabpfn,global_split_cp,20,q_global,10,0.5322195798158645,0.531237781047821,0.0065732549796532515,0.010325133800506592,0.5273288264870644,0.537653960287571,0.5220431983470917,0.542136013507843,0.5283787009119988,0.5360795316845178,across_seed_bootstrap_exploratory
openml_23517_numerai28_6,tabpfn,global_split_cp,50,coverage_minority,10,0.861550566512799,0.8618862778010911,0.046793943680498114,0.07508917331095266,0.8191093159882501,0.8941984892992028,0.8029794376835921,0.9406210658833404,0.8348612568191356,0.8891840642047839,across_seed_bootstrap_exploratory
openml_23517_numerai28_6,tabpfn,global_split_cp,50,coverage_majority,10,0.9170057542129058,0.9181565967940815,0.017408949147869817,0.013846074804767738,0.9097050965885738,0.9235511713933415,0.8887176325524044,0.9529387587340732,0.9070283600493217,0.9276921496095355,across_seed_bootstrap_exploratory
openml_23517_numerai28_6,tabpfn,global_split_cp,50,coverage_disparity,10,0.05545518770010689,0.05452350436084896,0.0319674248782492,0.050349190448372244,0.032433323433092937,0.08278251388146518,0.012317692850732809,0.0946777756333006,0.03630475887222808,0.07422314428272325,across_seed_bootstrap_exploratory
openml_23517_numerai28_6,tabpfn,global_split_cp,50,singleton_rate,10,0.24485568936877078,0.24382267441860464,0.06749695256713692,0.09848681478405319,0.2016844892026578,0.300171303986711,0.12230066445182725,0.32968230897009965,0.2044628581810631,0.2838767909053156,across_seed_bootstrap_exploratory
openml_23517_numerai28_6,tabpfn,global_split_cp,50,average_set_size,10,1.7551443106312292,1.7561773255813953,0.06749695256713695,0.09848681478405297,1.6998286960132891,1.798315510797342,1.6703176910299002,1.8776993355481728,1.7165117576827245,1.7957641196013288,across_seed_bootstrap_exploratory
openml_23517_numerai28_6,tabpfn,global_split_cp,50,empty_rate,10,0.0,0.0,0.0,0.0,0.0,0.0,0.0,0.0,0.0,0.0,across_seed_bootstrap_exploratory
openml_23517_numerai28_6,tabpfn,global_split_cp,50,doubleton_rate,10,0.7551443106312293,0.7561773255813953,0.06749695256713693,0.09848681478405319,0.699828696013289,0.7983155107973422,0.6703176910299004,0.8776993355481728,0.7165853405315615,0.7948610101744187,across_seed_bootstrap_exploratory
openml_23517_numerai28_6,tabpfn,global_split_cp,50,coverage_overall,10,0.8895660299003323,0.8894310631229236,0.03132295334464978,0.04527875830564787,0.8653187292358804,0.9105974875415282,0.8487333887043189,0.946843853820598,0.8714800924003323,0.9080620587624585,across_seed_bootstrap_exploratory
openml_23517_numerai28_6,tabpfn,global_split_cp,50,auroc,10,0.5310882700218132,0.5320136412032137,0.003331622415673987,0.00523358115627226,0.528210742614619,0.5334443237708912,0.5260906261798577,0.5352715253045143,0.5290926818676536,0.5330043265096273,across_seed_bootstrap_exploratory
openml_23517_numerai28_6,tabpfn,global_split_cp,50,auprc,10,0.5237481436822294,0.5243299845448975,0.0031871974074624753,0.00473029969361094,0.5211928295180934,0.5259231292117044,0.5184258940219342,0.5284713922968676,0.5218373419425097,0.5255891899909427,across_seed_bootstrap_exploratory
openml_23517_numerai28_6,tabpfn,global_split_cp,50,q_global,10,0.5332068622112274,0.5330426394939423,0.005461430264707712,0.008456498384475708,0.528866246342659,0.5373227447271347,0.5259571075439453,0.5425924062728882,0.5300846430659294,0.5364872741699218,across_seed_bootstrap_exploratory
openml_23517_numerai28_6,tabpfn,global_split_cp,100,coverage_minority,10,0.8735102811582041,0.8631451951321863,0.035000408102378755,0.03637746537977349,0.8578210239194293,0.8941984892992028,0.8179815358791439,0.9406210658833404,0.8536298783046579,0.8949328577423415,across_seed_bootstrap_exploratory
openml_23517_numerai28_6,tabpfn,global_split_cp,100,coverage_majority,10,0.9218454582819564,0.9191327579120427,0.013183241147485694,0.009941430332922163,0.9167180435676121,0.9266594739005343,0.9041307028360049,0.9529387587340732,0.9148271167283187,0.9303842992190712,across_seed_bootstrap_exploratory
openml_23517_numerai28_6,tabpfn,global_split_cp,100,coverage_disparity,10,0.048335177123752494,0.050140297962741,0.025078961735303856,0.03447364181723564,0.032433323433092937,0.06690696525032858,0.012317692850732809,0.08614916695686103,0.03370864989524545,0.06292659062281654,across_seed_bootstrap_exploratory
openml_23517_numerai28_6,tabpfn,global_split_cp,100,singleton_rate,10,0.22754879568106312,0.2373079318936877,0.05051697628721211,0.051858388704318914,0.2016844892026578,0.2535428779069767,0.12230066445182725,0.307672342192691,0.19676066756644517,0.2562293656561462,across_seed_bootstrap_exploratory
openml_23517_numerai28_6,tabpfn,global_split_cp,100,average_set_size,10,1.7724512043189367,1.7626920681063123,0.05051697628721214,0.051858388704318914,1.7464571220930232,1.798315510797342,1.692327657807309,1.8776993355481728,1.7444606519933554,1.80344217192691,across_seed_bootstrap_exploratory
openml_23517_numerai28_6,tabpfn,global_split_cp,100,empty_rate,10,0.0,0.0,0.0,0.0,0.0,0.0,0.0,0.0,0.0,0.0,across_seed_bootstrap_exploratory
openml_23517_numerai28_6,tabpfn,global_split_cp,100,doubleton_rate,10,0.7724512043189369,0.7626920681063123,0.050516976287212134,0.051858388704318914,0.7464571220930233,0.7983155107973422,0.692327657807309,0.8776993355481728,0.7439726951827242,0.8030730897009967,across_seed_bootstrap_exploratory
openml_23517_numerai28_6,tabpfn,global_split_cp,100,coverage_overall,10,0.8979287790697674,0.8924418604651163,0.023167533425313563,0.025397113787375525,0.8852003737541527,0.9105974875415282,0.8615033222591362,0.946843853820598,0.8850131073504983,0.9123755450581396,across_seed_bootstrap_exploratory
openml_23517_numerai28_6,tabpfn,global_split_cp,100,auroc,10,0.5310882700218132,0.5320136412032137,0.003331622415673987,0.00523358115627226,0.528210742614619,0.5334443237708912,0.5260906261798577,0.5352715253045143,0.5290535423252094,0.532976783461907,across_seed_bootstrap_exploratory
openml_23517_numerai28_6,tabpfn,global_split_cp,100,auprc,10,0.5237481436822294,0.5243299845448975,0.0031871974074624753,0.00473029969361094,0.5211928295180934,0.5259231292117044,0.5184258940219342,0.5284713922968676,0.5218087938714089,0.5255454671150304,across_seed_bootstrap_exploratory
openml_23517_numerai28_6,tabpfn,global_split_cp,100,q_global,10,0.5341717511415481,0.534277081489563,0.0045563405876604375,0.006358146667480469,0.5309351533651352,0.5372933000326157,0.5279731750488281,0.5425924062728882,0.5316055723279715,0.5369380555301905,across_seed_bootstrap_exploratory
openml_23517_numerai28_6,tabpfn,class_conditional_cp,10,coverage_minority,10,0.8894460763743179,0.9460763743180864,0.12466122609569792,0.08518673940411248,0.8783571128829207,0.9635438522870332,0.5966219051615611,0.9869911875786823,0.8098510281158203,0.9528010910616868,across_seed_bootstrap_exploratory
openml_23517_numerai28_6,tabpfn,class_conditional_cp,10,coverage_majority,10,0.9059083436087135,0.9097307850390464,0.021534491139454316,0.03668310727496926,0.8845561035758323,0.9212392108508015,0.8779284833538841,0.9337237977805178,0.8932079736950268,0.9186292642827784,across_seed_bootstrap_exploratory
openml_23517_numerai28_6,tabpfn,class_conditional_cp,10,coverage_disparity,10,0.09344931361495207,0.05959711885756058,0.09318022035469445,0.024997244663054585,0.053847325701869314,0.0788445703649239,0.01564552758363935,0.3251824515996391,0.04863895194399155,0.15464262180270952,across_seed_bootstrap_exploratory
openml_23517_numerai28_6,tabpfn,class_conditional_cp,10,singleton_rate,10,0.2256904069767442,0.19614306478405313,0.1241992497967359,0.0966829318936877,0.1548613995016611,0.2515443313953488,0.09297134551495016,0.5132890365448505,0.161726406769103,0.30659792877906966,across_seed_bootstrap_exploratory
openml_23517_numerai28_6,tabpfn,class_conditional_cp,10,average_set_size,10,1.7743095930232555,1.8038569352159468,0.12419924979673595,0.09668293189368793,1.748455668604651,1.845138600498339,1.4867109634551494,1.9070286544850499,1.6930219580564787,1.8389482973421927,across_seed_bootstrap_exploratory
openml_23517_numerai28_6,tabpfn,class_conditional_cp,10,empty_rate,10,0.0,0.0,0.0,0.0,0.0,0.0,0.0,0.0,0.0,0.0,across_seed_bootstrap_exploratory
openml_23517_numerai28_6,tabpfn,class_conditional_cp,10,doubleton_rate,10,0.7743095930232559,0.8038569352159468,0.1241992497967359,0.0966829318936877,0.7484556686046512,0.8451386004983389,0.4867109634551495,0.9070286544850499,0.6952651318521595,0.8391927948504984,across_seed_bootstrap_exploratory
openml_23517_numerai28_6,tabpfn,class_conditional_cp,10,coverage_overall,10,0.8977626661129567,0.9134655315614617,0.05833671328694742,0.04244964700996667,0.8872767857142858,0.9297264327242525,0.7609011627906976,0.9590427740863787,0.8593123183139535,0.9280737385797342,across_seed_bootstrap_exploratory
openml_23517_numerai28_6,tabpfn,class_conditional_cp,10,auroc,10,0.5310882700218132,0.5320136412032137,0.003331622415673987,0.00523358115627226,0.528210742614619,0.5334443237708912,0.5260906261798577,0.5352715253045143,0.5290716315003313,0.5329711077615512,across_seed_bootstrap_exploratory
openml_23517_numerai28_6,tabpfn,class_conditional_cp,10,auprc,10,0.5237481436822294,0.5243299845448975,0.0031871974074624753,0.00473029969361094,0.5211928295180934,0.5259231292117044,0.5184258940219342,0.5284713922968676,0.5218447651906593,0.5255553961510657,across_seed_bootstrap_exploratory
openml_23517_numerai28_6,tabpfn,class_conditional_cp,10,q_minority,10,0.5387086123228073,0.5408494025468826,0.012415268111735489,0.01144707202911377,0.5348758697509766,0.5463229417800903,0.5125467479228973,0.5559172034263611,0.53090271435678,0.5455209387093782,across_seed_bootstrap_exploratory
openml_23517_numerai28_6,tabpfn,class_conditional_cp,10,q_majority,10,0.5306322634220123,0.5304746031761169,0.00606170235217779,0.00907096266746521,0.526350848376751,0.5354218110442162,0.521006166934967,0.5399361550807953,0.5270040316134691,0.5341602240502834,across_seed_bootstrap_exploratory
openml_23517_numerai28_6,tabpfn,class_conditional_cp,10,threshold_gap,10,0.014381912350654603,0.01551993191242218,0.006053002942803203,0.0063972994685173035,0.012033388018608093,0.018430687487125397,0.0017485320568084717,0.02094176411628723,0.010498562529683115,0.017653077915310855,across_seed_bootstrap_exploratory
openml_23517_numerai28_6,tabpfn,class_conditional_cp,10,threshold_sum,10,1.0693408757448197,1.0691873282194138,0.013703311051196028,0.01611875742673874,1.062026061117649,1.0781448185443878,1.0419297218322754,1.0910606682300568,1.0609493348747492,1.0771325348317624,across_seed_bootstrap_exploratory
openml_23517_numerai28_6,tabpfn,class_conditional_cp,20,coverage_minority,10,0.9152958455728074,0.91129878304658,0.04858263450921612,0.075456357532522,0.8863302559798574,0.9617866135123794,0.8204993705413345,0.9651699538396978,0.8850076059588754,0.9421320289550987,across_seed_bootstrap_exploratory
openml_23517_numerai28_6,tabpfn,class_conditional_cp,20,coverage_majority,10,0.9059083436087135,0.9097307850390464,0.021534491139454316,0.03668310727496926,0.8845561035758323,0.9212392108508015,0.8779284833538841,0.9337237977805178,0.8933518290176737,0.9183623612823674,across_seed_bootstrap_exploratory
openml_23517_numerai28_6,tabpfn,class_conditional_cp,20,coverage_disparity,10,0.04554750916677748,0.0463262691495917,0.02976298697061091,0.032074299579550214,0.02563493915577858,0.057709238735328794,0.007357655153928944,0.10130498621986572,0.028625514609839975,0.06381720618233792,across_seed_bootstrap_exploratory
openml_23517_numerai28_6,tabpfn,class_conditional_cp,20,singleton_rate,10,0.2005294850498339,0.20649916943521596,0.056520127015597256,0.08816964285714288,0.15736607142857142,0.2455357142857143,0.11861503322259136,0.2870120431893688,0.16698492005813953,0.23369510485880401,across_seed_bootstrap_exploratory
openml_23517_numerai28_6,tabpfn,class_conditional_cp,20,average_set_size,10,1.7994705149501662,1.793500830564784,0.056520127015597284,0.08816964285714302,1.7544642857142856,1.8426339285714286,1.7129879568106312,1.8813849667774087,1.7662738787375418,1.8327917358803982,across_seed_bootstrap_exploratory
openml_23517_numerai28_6,tabpfn,class_conditional_cp,20,empty_rate,10,0.0,0.0,0.0,0.0,0.0,0.0,0.0,0.0,0.0,0.0,across_seed_bootstrap_exploratory
openml_23517_numerai28_6,tabpfn,class_conditional_cp,20,doubleton_rate,10,0.7994705149501661,0.793500830564784,0.05652012701559725,0.0881696428571429,0.7544642857142857,0.8426339285714286,0.7129879568106312,0.8813849667774086,0.7663307205149502,0.8327294435215945,across_seed_bootstrap_exploratory
openml_23517_numerai28_6,tabpfn,class_conditional_cp,20,coverage_overall,10,0.9105533637873755,0.9081187707641196,0.025079694521699704,0.037829630398671044,0.8910013496677741,0.9288309800664452,0.8716777408637874,0.9482454318936877,0.8958367940199337,0.9255242940199334,across_seed_bootstrap_exploratory
openml_23517_numerai28_6,tabpfn,class_conditional_cp,20,auroc,10,0.5310882700218132,0.5320136412032137,0.003331622415673987,0.00523358115627226,0.528210742614619,0.5334443237708912,0.5260906261798577,0.5352715253045143,0.5290991592001995,0.5329872671632483,across_seed_bootstrap_exploratory
openml_23517_numerai28_6,tabpfn,class_conditional_cp,20,auprc,10,0.5237481436822294,0.5243299845448975,0.0031871974074624753,0.00473029969361094,0.5211928295180934,0.5259231292117044,0.5184258940219342,0.5284713922968676,0.5218509803253716,0.5255547530459711,across_seed_bootstrap_exploratory
openml_23517_numerai28_6,tabpfn,class_conditional_cp,20,q_minority,10,0.5393877685070038,0.53980453312397,0.006848137461011141,0.009718269109725952,0.5351002737879753,0.5448185428977013,0.5274172127246857,0.5477814972400665,0.5352224002033472,0.5432603180408477,across_seed_bootstrap_exploratory
openml_23517_numerai28_6,tabpfn,class_conditional_cp,20,q_majority,10,0.5306322634220123,0.5304746031761169,0.00606170235217779,0.00907096266746521,0.526350848376751,0.5354218110442162,0.521006166934967,0.5399361550807953,0.527117822021246,0.5342130645364523,across_seed_bootstrap_exploratory
openml_23517_numerai28_6,tabpfn,class_conditional_cp,20,threshold_gap,10,0.009765559434890747,0.009518444538116455,0.0063187270097794495,0.00953693687915802,0.004273757338523865,0.013810694217681885,0.001965761184692383,0.02094176411628723,0.006105715483427048,0.013559517338871955,across_seed_bootstrap_exploratory
openml_23517_numerai28_6,tabpfn,class_conditional_cp,20,threshold_sum,10,1.070020031929016,1.0721977949142456,0.010323287485613732,0.015817880630493164,1.0625320822000504,1.0783499628305435,1.0526759028434753,1.0829249620437622,1.0637287583947181,1.0757927241921426,across_seed_bootstrap_exploratory
openml_23517_numerai28_6,tabpfn,class_conditional_cp,50,coverage_minority,10,0.9111624003357113,0.9068925723877466,0.038107297991098674,0.030764792278640374,0.8998111624003357,0.930575954678976,0.8337180025178347,0.9651699538396978,0.8879665862358372,0.9328267939571967,across_seed_bootstrap_exploratory
openml_23517_numerai28_6,tabpfn,class_conditional_cp,50,coverage_majority,10,0.9059083436087135,0.9097307850390464,0.021534491139454316,0.03668310727496926,0.8845561035758323,0.9212392108508015,0.8779284833538841,0.9337237977805178,0.8934340320591863,0.9184443074393753,across_seed_bootstrap_exploratory
openml_23517_numerai28_6,tabpfn,class_conditional_cp,50,coverage_disparity,10,0.039000259406996286,0.034301638075841745,0.023577925672762245,0.03214598577159522,0.01920337258416449,0.05134935835575971,0.013438024063793463,0.08808635424336553,0.02607123123805264,0.0538439580678249,across_seed_bootstrap_exploratory
openml_23517_numerai28_6,tabpfn,class_conditional_cp,50,singleton_rate,10,0.2050145348837209,0.20790074750830567,0.04450768707218223,0.034143999169435196,0.19431322674418605,0.22845722591362125,0.11861503322259136,0.271750415282392,0.17733427637043192,0.2298540022840531,across_seed_bootstrap_exploratory
openml_23517_numerai28_6,tabpfn,class_conditional_cp,50,average_set_size,10,1.794985465116279,1.7920992524916943,0.04450768707218224,0.034143999169435224,1.7715427740863787,1.805686773255814,1.728249584717608,1.8813849667774087,1.7701252335963455,1.8221971034053155,across_seed_bootstrap_exploratory
openml_23517_numerai28_6,tabpfn,class_conditional_cp,50,empty_rate,10,0.0,0.0,0.0,0.0,0.0,0.0,0.0,0.0,0.0,0.0,across_seed_bootstrap_exploratory
openml_23517_numerai28_6,tabpfn,class_conditional_cp,50,doubleton_rate,10,0.7949854651162791,0.7920992524916943,0.04450768707218223,0.034143999169435224,0.7715427740863787,0.805686773255814,0.7282495847176079,0.8813849667774086,0.770187915282392,0.8221348110465116,across_seed_bootstrap_exploratory
openml_23517_numerai28_6,tabpfn,class_conditional_cp,50,coverage_overall,10,0.9085080980066446,0.9088455149501661,0.01997653050275775,0.013133305647840543,0.8988917151162791,0.9120250207641196,0.878218438538206,0.9482454318936877,0.8973785299003321,0.9207433554817275,across_seed_bootstrap_exploratory
openml_23517_numerai28_6,tabpfn,class_conditional_cp,50,auroc,10,0.5310882700218132,0.5320136412032137,0.003331622415673987,0.00523358115627226,0.528210742614619,0.5334443237708912,0.5260906261798577,0.5352715253045143,0.5290754476716453,0.5329886698006144,across_seed_bootstrap_exploratory
openml_23517_numerai28_6,tabpfn,class_conditional_cp,50,auprc,10,0.5237481436822294,0.5243299845448975,0.0031871974074624753,0.00473029969361094,0.5211928295180934,0.5259231292117044,0.5184258940219342,0.5284713922968676,0.5218289571313838,0.5255804908197443,across_seed_bootstrap_exploratory
openml_23517_numerai28_6,tabpfn,class_conditional_cp,50,q_minority,10,0.5384795725345611,0.537468820810318,0.005740851355660567,0.003928378224372864,0.5360288769006729,0.5399572551250458,0.5286515355110168,0.5477814972400665,0.5351537525653839,0.5418703540414572,across_seed_bootstrap_exploratory
openml_23517_numerai28_6,tabpfn,class_conditional_cp,50,q_majority,10,0.5306322634220123,0.5304746031761169,0.00606170235217779,0.00907096266746521,0.526350848376751,0.5354218110442162,0.521006166934967,0.5399361550807953,0.5270822075754403,0.5341826555132866,across_seed_bootstrap_exploratory
openml_23517_numerai28_6,tabpfn,class_conditional_cp,50,threshold_gap,10,0.008610498905181885,0.010910287499427795,0.0062333975191289,0.010206818580627441,0.002817407250404358,0.0130242258310318,0.00024002790451049805,0.015905380249023438,0.004939991235733032,0.012216248065233222,across_seed_bootstrap_exploratory
openml_23517_numerai28_6,tabpfn,class_conditional_cp,50,threshold_sum,10,1.0691118359565734,1.0680060982704163,0.009305479042714379,0.012776531279087067,1.0636422708630562,1.0764188021421432,1.0551652908325195,1.0829249620437622,1.0636113698780536,1.0745569922029972,across_seed_bootstrap_exploratory
openml_23517_numerai28_6,tabpfn,class_conditional_cp,100,coverage_minority,10,0.9041649181703736,0.8994964330675619,0.019547171963794203,0.017152748636172777,0.892729752412925,0.9098825010490977,0.8838648762064625,0.9494334872010072,0.8938837599664289,0.916575744859421,across_seed_bootstrap_exploratory
openml_23517_numerai28_6,tabpfn,class_conditional_cp,100,coverage_majority,10,0.9059083436087135,0.9097307850390464,0.021534491139454316,0.03668310727496926,0.8845561035758323,0.9212392108508015,0.8779284833538841,0.9337237977805178,0.8931563399095765,0.9184032059186189,across_seed_bootstrap_exploratory
openml_23517_numerai28_6,tabpfn,class_conditional_cp,100,coverage_disparity,10,0.021590466723894884,0.019510286505023677,0.014337002648576517,0.013328177101847721,0.014519709412420784,0.027847886514268505,0.0009014565599355651,0.04912455313091646,0.013633518454030887,0.030490274264256042,across_seed_bootstrap_exploratory
openml_23517_numerai28_6,tabpfn,class_conditional_cp,100,singleton_rate,10,0.2128529900332226,0.2163361710963455,0.034411305494593036,0.02238631644518274,0.20390365448504982,0.22628997093023256,0.1356935215946844,0.2639638704318937,0.19114929401993358,0.23167073297342194,across_seed_bootstrap_exploratory
openml_23517_numerai28_6,tabpfn,class_conditional_cp,100,average_set_size,10,1.7871470099667774,1.7836638289036544,0.03441130549459303,0.02238631644518274,1.7737100290697674,1.7960963455149501,1.7360361295681064,1.8643064784053156,1.7685522217607974,1.808949595099668,across_seed_bootstrap_exploratory
openml_23517_numerai28_6,tabpfn,class_conditional_cp,100,empty_rate,10,0.0,0.0,0.0,0.0,0.0,0.0,0.0,0.0,0.0,0.0,across_seed_bootstrap_exploratory
openml_23517_numerai28_6,tabpfn,class_conditional_cp,100,doubleton_rate,10,0.7871470099667774,0.7836638289036545,0.03441130549459304,0.022386316445182852,0.7737100290697674,0.7960963455149502,0.7360361295681063,0.8643064784053156,0.7684901889534884,0.8088923639950167,across_seed_bootstrap_exploratory
openml_23517_numerai28_6,tabpfn,class_conditional_cp,100,coverage_overall,10,0.9050456810631229,0.9041995431893688,0.015598961836025951,0.010693521594684285,0.8986840739202658,0.9093775955149501,0.8834094684385382,0.9404588870431894,0.896454267026578,0.9147686098421927,across_seed_bootstrap_exploratory
openml_23517_numerai28_6,tabpfn,class_conditional_cp,100,auroc,10,0.5310882700218132,0.5320136412032137,0.003331622415673987,0.00523358115627226,0.528210742614619,0.5334443237708912,0.5260906261798577,0.5352715253045143,0.5290604282690498,0.5329659055943085,across_seed_bootstrap_exploratory
openml_23517_numerai28_6,tabpfn,class_conditional_cp,100,auprc,10,0.5237481436822294,0.5243299845448975,0.0031871974074624753,0.00473029969361094,0.5211928295180934,0.5259231292117044,0.5184258940219342,0.5284713922968676,0.5218548971603076,0.5255552455320047,across_seed_bootstrap_exploratory
openml_23517_numerai28_6,tabpfn,class_conditional_cp,100,q_minority,10,0.537165704369545,0.5375886410474777,0.003401621069358168,0.001946285367012024,0.5360288769006729,0.5379751622676849,0.5310417711734772,0.5441375076770782,0.5352029949426651,0.5392033072561025,across_seed_bootstrap_exploratory
openml_23517_numerai28_6,tabpfn,class_conditional_cp,100,q_majority,10,0.5306322634220123,0.5304746031761169,0.00606170235217779,0.00907096266746521,0.526350848376751,0.5354218110442162,0.521006166934967,0.5399361550807953,0.5270652860403061,0.5341655390709639,across_seed_bootstrap_exploratory
openml_23517_numerai28_6,tabpfn,class_conditional_cp,100,threshold_gap,10,0.00715034306049347,0.007604971528053284,0.0044283103865148405,0.007120363414287567,0.003430761396884918,0.010551124811172485,0.00024002790451049805,0.01367524266242981,0.004499548152089119,0.00970177464187145,across_seed_bootstrap_exploratory
openml_23517_numerai28_6,tabpfn,class_conditional_cp,100,threshold_sum,10,1.0677979677915572,1.0670095682144165,0.008224419972211754,0.01096867024898529,1.0633324906229973,1.0743011608719826,1.0520479381084442,1.079280972480774,1.0628161350637673,1.0724752379953861,across_seed_bootstrap_exploratory
